#
# There is insufficient memory for the Java Runtime Environment to continue.
# Native memory allocation (malloc) failed to allocate 1914736 bytes. Error detail: Chunk::new
# Possible reasons:
#   The system is out of physical RAM or swap space
#   This process is running with CompressedOops enabled, and the Java Heap may be blocking the growth of the native heap
# Possible solutions:
#   Reduce memory load on the system
#   Increase physical memory or swap space
#   Check if swap backing store is full
#   Decrease Java heap size (-Xmx/-Xms)
#   Decrease number of Java threads
#   Decrease Java thread stack sizes (-Xss)
#   Set larger code cache with -XX:ReservedCodeCacheSize=
#   JVM is running with Unscaled Compressed Oops mode in which the Java heap is
#     placed in the first 4GB address space. The Java Heap base address is the
#     maximum limit for the native heap growth. Please use -XX:HeapBaseMinAddress
#     to set the Java Heap base and to place the Java Heap above 4GB virtual address.
# This output file may be truncated or incomplete.
#
#  Out of Memory Error (arena.cpp:168), pid=27452, tid=24152
#
# JRE version: OpenJDK Runtime Environment Temurin-21.0.10+7 (21.0.10+7) (build 21.0.10+7-LTS)
# Java VM: OpenJDK 64-Bit Server VM Temurin-21.0.10+7 (21.0.10+7-LTS, mixed mode, tiered, compressed oops, compressed class ptrs, g1 gc, windows-amd64)
# No core dump will be written. Minidumps are not enabled by default on client versions of Windows
#

---------------  S U M M A R Y ------------

Command Line: -Xms64m -Xmx2048m -Dapp.name=ltex-ls-plus -Dapp.repo=c:\Users\HP\.vscode\extensions\ltex-plus.vscode-ltex-plus-15.7.1\lib\ltex-ls-plus-18.7.0\lib -Dapp.home=c:\Users\HP\.vscode\extensions\ltex-plus.vscode-ltex-plus-15.7.1\lib\ltex-ls-plus-18.7.0 -Dbasedir=c:\Users\HP\.vscode\extensions\ltex-plus.vscode-ltex-plus-15.7.1\lib\ltex-ls-plus-18.7.0 org.bsplines.ltexls.LtexLanguageServerLauncher

Host: 13th Gen Intel(R) Core(TM) i5-13420H, 12 cores, 7G,  Windows 11 , 64 bit Build 26100 (10.0.26100.8972)
Time: Mon Aug 10 14:54:07 2026 Romance Daylight Time elapsed time: 11785.666143 seconds (0d 3h 16m 25s)

---------------  T H R E A D  ---------------

Current thread (0x000002305ca8d470):  JavaThread "C2 CompilerThread0" daemon [_thread_in_native, id=24152, stack(0x000000dbf9d00000,0x000000dbf9e00000) (1024K)]


Current CompileTask:
C2:11785666 9564       4       org.languagetool.tagging.disambiguation.MultiWordChunker::disambiguate (770 bytes)

Stack: [0x000000dbf9d00000,0x000000dbf9e00000]
Native frames: (J=compiled Java code, j=interpreted, Vv=VM code, C=native code)
V  [jvm.dll+0x6d7a39]
V  [jvm.dll+0x8b4b26]
V  [jvm.dll+0x8b70de]
V  [jvm.dll+0x8b77c3]
V  [jvm.dll+0x284346]
V  [jvm.dll+0xc66ed]
V  [jvm.dll+0xc6c31]
V  [jvm.dll+0x3bec01]
V  [jvm.dll+0x38b162]
V  [jvm.dll+0x38a5aa]
V  [jvm.dll+0x24c560]
V  [jvm.dll+0x24bb40]
V  [jvm.dll+0x1cb34e]
V  [jvm.dll+0x25b85d]
V  [jvm.dll+0x259dea]
V  [jvm.dll+0x3f857e]
V  [jvm.dll+0x85f59d]
V  [jvm.dll+0x6d626d]
C  [ucrtbase.dll+0x2cd30]
C  [KERNEL32.DLL+0x2ccb7]
C  [ntdll.dll+0xaad6c]


---------------  P R O C E S S  ---------------

Threads class SMR info:
_java_thread_list=0x000002306258e470, length=14, elements={
0x000002304357d4e0, 0x000002305ca777d0, 0x000002305ca783e0, 0x000002305ca7b590,
0x000002305ca7bff0, 0x000002305ca600c0, 0x000002305ca60cd0, 0x000002305ca8d470,
0x000002305ca57ca0, 0x000002305cc24c50, 0x000002305cc31070, 0x000002306208dc00,
0x000002306208e290, 0x0000023062b34da0
}

Java Threads: ( => current thread )
  0x000002304357d4e0 JavaThread "main"                              [_thread_blocked, id=17392, stack(0x000000dbf8f00000,0x000000dbf9000000) (1024K)]
  0x000002305ca777d0 JavaThread "Reference Handler"          daemon [_thread_blocked, id=4676, stack(0x000000dbf9700000,0x000000dbf9800000) (1024K)]
  0x000002305ca783e0 JavaThread "Finalizer"                  daemon [_thread_blocked, id=23544, stack(0x000000dbf9800000,0x000000dbf9900000) (1024K)]
  0x000002305ca7b590 JavaThread "Signal Dispatcher"          daemon [_thread_blocked, id=6524, stack(0x000000dbf9900000,0x000000dbf9a00000) (1024K)]
  0x000002305ca7bff0 JavaThread "Attach Listener"            daemon [_thread_blocked, id=10440, stack(0x000000dbf9a00000,0x000000dbf9b00000) (1024K)]
  0x000002305ca600c0 JavaThread "Service Thread"             daemon [_thread_blocked, id=23584, stack(0x000000dbf9b00000,0x000000dbf9c00000) (1024K)]
  0x000002305ca60cd0 JavaThread "Monitor Deflation Thread"   daemon [_thread_blocked, id=35876, stack(0x000000dbf9c00000,0x000000dbf9d00000) (1024K)]
=>0x000002305ca8d470 JavaThread "C2 CompilerThread0"         daemon [_thread_in_native, id=24152, stack(0x000000dbf9d00000,0x000000dbf9e00000) (1024K)]
  0x000002305ca57ca0 JavaThread "C1 CompilerThread0"         daemon [_thread_blocked, id=26064, stack(0x000000dbf9e00000,0x000000dbf9f00000) (1024K)]
  0x000002305cc24c50 JavaThread "Notification Thread"        daemon [_thread_blocked, id=32744, stack(0x000000dbf9f00000,0x000000dbfa000000) (1024K)]
  0x000002305cc31070 JavaThread "Common-Cleaner"             daemon [_thread_blocked, id=24268, stack(0x000000dbfa000000,0x000000dbfa100000) (1024K)]
  0x000002306208dc00 JavaThread "ltex-fragment-cache-sweeper" daemon [_thread_blocked, id=9732, stack(0x000000dbfac00000,0x000000dbfad00000) (1024K)]
  0x000002306208e290 JavaThread "pool-2-thread-1"                   [_thread_in_native, id=34316, stack(0x000000dbfae00000,0x000000dbfaf00000) (1024K)]
  0x0000023062b34da0 JavaThread "pool-1-thread-1"                   [_thread_blocked, id=20592, stack(0x000000dbfaf00000,0x000000dbfb000000) (1024K)]
Total: 14

Other Threads:
  0x000002305c9d0880 VMThread "VM Thread"                           [id=4768, stack(0x000000dbf9600000,0x000000dbf9700000) (1024K)]
  0x000002305c9791e0 WatcherThread "VM Periodic Task Thread"        [id=5308, stack(0x000000dbf9500000,0x000000dbf9600000) (1024K)]
  0x00000230435d4470 WorkerThread "GC Thread#0"                     [id=30868, stack(0x000000dbf9000000,0x000000dbf9100000) (1024K)]
  0x0000023061c19100 WorkerThread "GC Thread#1"                     [id=26688, stack(0x000000dbfa100000,0x000000dbfa200000) (1024K)]
  0x000002305cb18a90 WorkerThread "GC Thread#2"                     [id=4344, stack(0x000000dbfa200000,0x000000dbfa300000) (1024K)]
  0x000002305cb18e40 WorkerThread "GC Thread#3"                     [id=22120, stack(0x000000dbfa300000,0x000000dbfa400000) (1024K)]
  0x000002305cb191f0 WorkerThread "GC Thread#4"                     [id=9656, stack(0x000000dbfa400000,0x000000dbfa500000) (1024K)]
  0x000002305cb195a0 WorkerThread "GC Thread#5"                     [id=23640, stack(0x000000dbfa500000,0x000000dbfa600000) (1024K)]
  0x0000023062115940 WorkerThread "GC Thread#6"                     [id=14312, stack(0x000000dbfa600000,0x000000dbfa700000) (1024K)]
  0x0000023062115cf0 WorkerThread "GC Thread#7"                     [id=6188, stack(0x000000dbfa700000,0x000000dbfa800000) (1024K)]
  0x00000230628c8cc0 WorkerThread "GC Thread#8"                     [id=19496, stack(0x000000dbfa800000,0x000000dbfa900000) (1024K)]
  0x00000230628c9070 WorkerThread "GC Thread#9"                     [id=36568, stack(0x000000dbfa900000,0x000000dbfaa00000) (1024K)]
  0x00000230435e60f0 ConcurrentGCThread "G1 Main Marker"            [id=33396, stack(0x000000dbf9100000,0x000000dbf9200000) (1024K)]
  0x00000230435e7a20 WorkerThread "G1 Conc#0"                       [id=32220, stack(0x000000dbf9200000,0x000000dbf9300000) (1024K)]
  0x0000023062a80010 WorkerThread "G1 Conc#1"                       [id=14864, stack(0x000000dbfaa00000,0x000000dbfab00000) (1024K)]
  0x0000023061f473e0 WorkerThread "G1 Conc#2"                       [id=11572, stack(0x000000dbfab00000,0x000000dbfac00000) (1024K)]
  0x000002304362e3e0 ConcurrentGCThread "G1 Refine#0"               [id=28876, stack(0x000000dbf9300000,0x000000dbf9400000) (1024K)]
  0x000002305c842540 ConcurrentGCThread "G1 Service"                [id=2328, stack(0x000000dbf9400000,0x000000dbf9500000) (1024K)]
Total: 18

Threads with active compile tasks:
C2 CompilerThread0  11785711 9564       4       org.languagetool.tagging.disambiguation.MultiWordChunker::disambiguate (770 bytes)
Total: 1

VM state: not at safepoint (normal execution)

VM Mutex/Monitor currently owned by a thread: None

Heap address: 0x0000000080000000, size: 2048 MB, Compressed Oops mode: 32-bit

CDS archive(s) not mapped
Compressed class space mapped at: 0x0000000100000000-0x0000000140000000, reserved size: 1073741824
Narrow klass base: 0x0000000000000000, Narrow klass shift: 3, Narrow klass range: 0x140000000

GC Precious Log:
 CardTable entry size: 512
 Card Set container configuration: InlinePtr #cards 5 size 8 Array Of Cards #cards 12 size 40 Howl #buckets 4 coarsen threshold 1843 Howl Bitmap #cards 512 size 80 coarsen threshold 460 Card regions per heap region 1 cards per card region 2048
 CPUs: 12 total, 12 available
 Memory: 7832M
 Large Page Support: Disabled
 NUMA Support: Disabled
 Compressed Oops: Enabled (32-bit)
 Heap Region Size: 1M
 Heap Min Capacity: 64M
 Heap Initial Capacity: 64M
 Heap Max Capacity: 2G
 Pre-touch: Disabled
 Parallel Workers: 10
 Concurrent Workers: 3
 Concurrent Refinement Workers: 10
 Periodic GC: Disabled

Heap:
 garbage-first heap   total 851968K, used 631372K [0x0000000080000000, 0x0000000100000000)
  region size 1024K, 125 young (128000K), 2 survivors (2048K)
 Metaspace       used 37400K, committed 37760K, reserved 1114112K
  class space    used 3801K, committed 3968K, reserved 1048576K

Heap Regions: E=young(eden), S=young(survivor), O=old, HS=humongous(starts), HC=humongous(continues), CS=collection set, F=free, TAMS=top-at-mark-start, PB=parsable bottom
|   0|0x0000000080000000, 0x0000000080100000, 0x0000000080100000|100%| O|  |TAMS 0x0000000080000000| PB 0x0000000080000000| Untracked 
|   1|0x0000000080100000, 0x0000000080200000, 0x0000000080200000|100%| O|  |TAMS 0x0000000080100000| PB 0x0000000080100000| Untracked 
|   2|0x0000000080200000, 0x0000000080300000, 0x0000000080300000|100%| O|  |TAMS 0x0000000080200000| PB 0x0000000080200000| Untracked 
|   3|0x0000000080300000, 0x0000000080400000, 0x0000000080400000|100%| O|  |TAMS 0x0000000080300000| PB 0x0000000080300000| Untracked 
|   4|0x0000000080400000, 0x0000000080500000, 0x0000000080500000|100%| O|  |TAMS 0x0000000080400000| PB 0x0000000080400000| Untracked 
|   5|0x0000000080500000, 0x0000000080600000, 0x0000000080600000|100%| O|  |TAMS 0x0000000080500000| PB 0x0000000080500000| Untracked 
|   6|0x0000000080600000, 0x0000000080700000, 0x0000000080700000|100%| O|  |TAMS 0x0000000080600000| PB 0x0000000080600000| Untracked 
|   7|0x0000000080700000, 0x0000000080800000, 0x0000000080800000|100%| O|  |TAMS 0x0000000080700000| PB 0x0000000080700000| Untracked 
|   8|0x0000000080800000, 0x0000000080900000, 0x0000000080900000|100%|HS|  |TAMS 0x0000000080800000| PB 0x0000000080800000| Complete 
|   9|0x0000000080900000, 0x0000000080a00000, 0x0000000080a00000|100%| O|  |TAMS 0x0000000080900000| PB 0x0000000080900000| Untracked 
|  10|0x0000000080a00000, 0x0000000080b00000, 0x0000000080b00000|100%| O|  |TAMS 0x0000000080a00000| PB 0x0000000080a00000| Untracked 
|  11|0x0000000080b00000, 0x0000000080c00000, 0x0000000080c00000|100%| O|  |TAMS 0x0000000080b00000| PB 0x0000000080b00000| Untracked 
|  12|0x0000000080c00000, 0x0000000080d00000, 0x0000000080d00000|100%| O|  |TAMS 0x0000000080c00000| PB 0x0000000080c00000| Untracked 
|  13|0x0000000080d00000, 0x0000000080e00000, 0x0000000080e00000|100%| O|  |TAMS 0x0000000080d00000| PB 0x0000000080d00000| Untracked 
|  14|0x0000000080e00000, 0x0000000080f00000, 0x0000000080f00000|100%| O|  |TAMS 0x0000000080e00000| PB 0x0000000080e00000| Untracked 
|  15|0x0000000080f00000, 0x0000000081000000, 0x0000000081000000|100%| O|  |TAMS 0x0000000080f00000| PB 0x0000000080f00000| Untracked 
|  16|0x0000000081000000, 0x0000000081100000, 0x0000000081100000|100%| O|  |TAMS 0x0000000081000000| PB 0x0000000081000000| Untracked 
|  17|0x0000000081100000, 0x0000000081200000, 0x0000000081200000|100%| O|  |TAMS 0x0000000081100000| PB 0x0000000081100000| Untracked 
|  18|0x0000000081200000, 0x0000000081300000, 0x0000000081300000|100%| O|  |TAMS 0x0000000081200000| PB 0x0000000081200000| Untracked 
|  19|0x0000000081300000, 0x0000000081400000, 0x0000000081400000|100%| O|  |TAMS 0x0000000081300000| PB 0x0000000081300000| Untracked 
|  20|0x0000000081400000, 0x0000000081500000, 0x0000000081500000|100%| O|  |TAMS 0x0000000081400000| PB 0x0000000081400000| Untracked 
|  21|0x0000000081500000, 0x0000000081600000, 0x0000000081600000|100%| O|  |TAMS 0x0000000081500000| PB 0x0000000081500000| Untracked 
|  22|0x0000000081600000, 0x0000000081700000, 0x0000000081700000|100%| O|  |TAMS 0x0000000081600000| PB 0x0000000081600000| Untracked 
|  23|0x0000000081700000, 0x0000000081800000, 0x0000000081800000|100%| O|  |TAMS 0x0000000081700000| PB 0x0000000081700000| Untracked 
|  24|0x0000000081800000, 0x0000000081900000, 0x0000000081900000|100%| O|  |TAMS 0x0000000081800000| PB 0x0000000081800000| Untracked 
|  25|0x0000000081900000, 0x0000000081a00000, 0x0000000081a00000|100%|HS|  |TAMS 0x0000000081900000| PB 0x0000000081900000| Complete 
|  26|0x0000000081a00000, 0x0000000081b00000, 0x0000000081b00000|100%| O|  |TAMS 0x0000000081a00000| PB 0x0000000081a00000| Untracked 
|  27|0x0000000081b00000, 0x0000000081c00000, 0x0000000081c00000|100%| O|  |TAMS 0x0000000081b00000| PB 0x0000000081b00000| Untracked 
|  28|0x0000000081c00000, 0x0000000081d00000, 0x0000000081d00000|100%| O|  |TAMS 0x0000000081c00000| PB 0x0000000081c00000| Untracked 
|  29|0x0000000081d00000, 0x0000000081e00000, 0x0000000081e00000|100%| O|  |TAMS 0x0000000081d00000| PB 0x0000000081d00000| Untracked 
|  30|0x0000000081e00000, 0x0000000081f00000, 0x0000000081f00000|100%| O|  |TAMS 0x0000000081e00000| PB 0x0000000081e00000| Untracked 
|  31|0x0000000081f00000, 0x0000000082000000, 0x0000000082000000|100%| O|  |TAMS 0x0000000081f00000| PB 0x0000000081f00000| Untracked 
|  32|0x0000000082000000, 0x0000000082100000, 0x0000000082100000|100%| O|  |TAMS 0x0000000082000000| PB 0x0000000082000000| Untracked 
|  33|0x0000000082100000, 0x0000000082200000, 0x0000000082200000|100%| O|  |TAMS 0x0000000082100000| PB 0x0000000082100000| Untracked 
|  34|0x0000000082200000, 0x0000000082300000, 0x0000000082300000|100%| O|  |TAMS 0x0000000082200000| PB 0x0000000082200000| Untracked 
|  35|0x0000000082300000, 0x0000000082400000, 0x0000000082400000|100%| O|  |TAMS 0x0000000082300000| PB 0x0000000082300000| Untracked 
|  36|0x0000000082400000, 0x0000000082500000, 0x0000000082500000|100%| O|  |TAMS 0x0000000082400000| PB 0x0000000082400000| Untracked 
|  37|0x0000000082500000, 0x0000000082600000, 0x0000000082600000|100%| O|  |TAMS 0x0000000082500000| PB 0x0000000082500000| Untracked 
|  38|0x0000000082600000, 0x0000000082700000, 0x0000000082700000|100%| O|  |TAMS 0x0000000082600000| PB 0x0000000082600000| Untracked 
|  39|0x0000000082700000, 0x0000000082800000, 0x0000000082800000|100%| O|  |TAMS 0x0000000082700000| PB 0x0000000082700000| Untracked 
|  40|0x0000000082800000, 0x0000000082900000, 0x0000000082900000|100%| O|  |TAMS 0x0000000082800000| PB 0x0000000082800000| Untracked 
|  41|0x0000000082900000, 0x0000000082900000, 0x0000000082a00000|  0%| F|  |TAMS 0x0000000082900000| PB 0x0000000082900000| Untracked 
|  42|0x0000000082a00000, 0x0000000082b00000, 0x0000000082b00000|100%|HS|  |TAMS 0x0000000082a00000| PB 0x0000000082a00000| Complete 
|  43|0x0000000082b00000, 0x0000000082c00000, 0x0000000082c00000|100%| O|  |TAMS 0x0000000082b00000| PB 0x0000000082b00000| Untracked 
|  44|0x0000000082c00000, 0x0000000082d00000, 0x0000000082d00000|100%| O|  |TAMS 0x0000000082c00000| PB 0x0000000082c00000| Untracked 
|  45|0x0000000082d00000, 0x0000000082e00000, 0x0000000082e00000|100%| O|  |TAMS 0x0000000082d00000| PB 0x0000000082d00000| Untracked 
|  46|0x0000000082e00000, 0x0000000082f00000, 0x0000000082f00000|100%| O|  |TAMS 0x0000000082e00000| PB 0x0000000082e00000| Untracked 
|  47|0x0000000082f00000, 0x0000000083000000, 0x0000000083000000|100%| O|  |TAMS 0x0000000082f00000| PB 0x0000000082f00000| Untracked 
|  48|0x0000000083000000, 0x0000000083100000, 0x0000000083100000|100%| O|  |TAMS 0x0000000083000000| PB 0x0000000083000000| Untracked 
|  49|0x0000000083100000, 0x0000000083200000, 0x0000000083200000|100%| O|  |TAMS 0x0000000083100000| PB 0x0000000083100000| Untracked 
|  50|0x0000000083200000, 0x0000000083300000, 0x0000000083300000|100%| O|  |TAMS 0x0000000083200000| PB 0x0000000083200000| Untracked 
|  51|0x0000000083300000, 0x0000000083400000, 0x0000000083400000|100%| O|  |TAMS 0x0000000083300000| PB 0x0000000083300000| Untracked 
|  52|0x0000000083400000, 0x0000000083500000, 0x0000000083500000|100%| O|  |TAMS 0x0000000083400000| PB 0x0000000083400000| Untracked 
|  53|0x0000000083500000, 0x0000000083600000, 0x0000000083600000|100%| O|  |TAMS 0x0000000083500000| PB 0x0000000083500000| Untracked 
|  54|0x0000000083600000, 0x0000000083700000, 0x0000000083700000|100%| O|  |TAMS 0x0000000083600000| PB 0x0000000083600000| Untracked 
|  55|0x0000000083700000, 0x0000000083800000, 0x0000000083800000|100%| O|  |TAMS 0x0000000083700000| PB 0x0000000083700000| Untracked 
|  56|0x0000000083800000, 0x0000000083900000, 0x0000000083900000|100%| O|  |TAMS 0x0000000083800000| PB 0x0000000083800000| Untracked 
|  57|0x0000000083900000, 0x0000000083a00000, 0x0000000083a00000|100%| O|  |TAMS 0x0000000083900000| PB 0x0000000083900000| Untracked 
|  58|0x0000000083a00000, 0x0000000083b00000, 0x0000000083b00000|100%| O|  |TAMS 0x0000000083a00000| PB 0x0000000083a00000| Untracked 
|  59|0x0000000083b00000, 0x0000000083c00000, 0x0000000083c00000|100%| O|  |TAMS 0x0000000083b00000| PB 0x0000000083b00000| Untracked 
|  60|0x0000000083c00000, 0x0000000083d00000, 0x0000000083d00000|100%| O|  |TAMS 0x0000000083c00000| PB 0x0000000083c00000| Untracked 
|  61|0x0000000083d00000, 0x0000000083e00000, 0x0000000083e00000|100%| O|  |TAMS 0x0000000083d00000| PB 0x0000000083d00000| Untracked 
|  62|0x0000000083e00000, 0x0000000083f00000, 0x0000000083f00000|100%| O|  |TAMS 0x0000000083e00000| PB 0x0000000083e00000| Untracked 
|  63|0x0000000083f00000, 0x0000000084000000, 0x0000000084000000|100%| O|  |TAMS 0x0000000083f00000| PB 0x0000000083f00000| Untracked 
|  64|0x0000000084000000, 0x0000000084100000, 0x0000000084100000|100%| O|  |TAMS 0x0000000084000000| PB 0x0000000084000000| Untracked 
|  65|0x0000000084100000, 0x0000000084200000, 0x0000000084200000|100%| O|  |TAMS 0x0000000084100000| PB 0x0000000084100000| Untracked 
|  66|0x0000000084200000, 0x0000000084300000, 0x0000000084300000|100%| O|  |TAMS 0x0000000084200000| PB 0x0000000084200000| Untracked 
|  67|0x0000000084300000, 0x0000000084400000, 0x0000000084400000|100%| O|  |TAMS 0x0000000084300000| PB 0x0000000084300000| Untracked 
|  68|0x0000000084400000, 0x0000000084500000, 0x0000000084500000|100%| O|  |TAMS 0x0000000084400000| PB 0x0000000084400000| Untracked 
|  69|0x0000000084500000, 0x0000000084600000, 0x0000000084600000|100%| O|  |TAMS 0x0000000084500000| PB 0x0000000084500000| Untracked 
|  70|0x0000000084600000, 0x0000000084700000, 0x0000000084700000|100%| O|  |TAMS 0x0000000084600000| PB 0x0000000084600000| Untracked 
|  71|0x0000000084700000, 0x0000000084800000, 0x0000000084800000|100%| O|  |TAMS 0x0000000084700000| PB 0x0000000084700000| Untracked 
|  72|0x0000000084800000, 0x0000000084900000, 0x0000000084900000|100%|HS|  |TAMS 0x0000000084800000| PB 0x0000000084800000| Complete 
|  73|0x0000000084900000, 0x0000000084a00000, 0x0000000084a00000|100%|HC|  |TAMS 0x0000000084900000| PB 0x0000000084900000| Complete 
|  74|0x0000000084a00000, 0x0000000084b00000, 0x0000000084b00000|100%|HC|  |TAMS 0x0000000084a00000| PB 0x0000000084a00000| Complete 
|  75|0x0000000084b00000, 0x0000000084c00000, 0x0000000084c00000|100%| O|  |TAMS 0x0000000084b00000| PB 0x0000000084b00000| Untracked 
|  76|0x0000000084c00000, 0x0000000084d00000, 0x0000000084d00000|100%| O|  |TAMS 0x0000000084c00000| PB 0x0000000084c00000| Untracked 
|  77|0x0000000084d00000, 0x0000000084e00000, 0x0000000084e00000|100%| O|  |TAMS 0x0000000084d00000| PB 0x0000000084d00000| Untracked 
|  78|0x0000000084e00000, 0x0000000084f00000, 0x0000000084f00000|100%| O|  |TAMS 0x0000000084e00000| PB 0x0000000084e00000| Untracked 
|  79|0x0000000084f00000, 0x0000000085000000, 0x0000000085000000|100%| O|  |TAMS 0x0000000084f00000| PB 0x0000000084f00000| Untracked 
|  80|0x0000000085000000, 0x0000000085100000, 0x0000000085100000|100%| O|Cm|TAMS 0x0000000085000000| PB 0x0000000085000000| Complete 
|  81|0x0000000085100000, 0x0000000085200000, 0x0000000085200000|100%|HS|  |TAMS 0x0000000085100000| PB 0x0000000085100000| Complete 
|  82|0x0000000085200000, 0x0000000085300000, 0x0000000085300000|100%| O|  |TAMS 0x0000000085200000| PB 0x0000000085200000| Untracked 
|  83|0x0000000085300000, 0x0000000085400000, 0x0000000085400000|100%| O|  |TAMS 0x0000000085300000| PB 0x0000000085300000| Untracked 
|  84|0x0000000085400000, 0x0000000085500000, 0x0000000085500000|100%| O|  |TAMS 0x0000000085400000| PB 0x0000000085400000| Untracked 
|  85|0x0000000085500000, 0x0000000085600000, 0x0000000085600000|100%| O|  |TAMS 0x0000000085500000| PB 0x0000000085500000| Untracked 
|  86|0x0000000085600000, 0x0000000085700000, 0x0000000085700000|100%| O|  |TAMS 0x0000000085600000| PB 0x0000000085600000| Untracked 
|  87|0x0000000085700000, 0x0000000085800000, 0x0000000085800000|100%| O|  |TAMS 0x0000000085700000| PB 0x0000000085700000| Untracked 
|  88|0x0000000085800000, 0x0000000085900000, 0x0000000085900000|100%| O|  |TAMS 0x0000000085800000| PB 0x0000000085800000| Untracked 
|  89|0x0000000085900000, 0x0000000085a00000, 0x0000000085a00000|100%| O|  |TAMS 0x0000000085900000| PB 0x0000000085900000| Untracked 
|  90|0x0000000085a00000, 0x0000000085b00000, 0x0000000085b00000|100%| O|  |TAMS 0x0000000085a00000| PB 0x0000000085a00000| Untracked 
|  91|0x0000000085b00000, 0x0000000085c00000, 0x0000000085c00000|100%| O|  |TAMS 0x0000000085b00000| PB 0x0000000085b00000| Untracked 
|  92|0x0000000085c00000, 0x0000000085d00000, 0x0000000085d00000|100%| O|  |TAMS 0x0000000085c00000| PB 0x0000000085c00000| Untracked 
|  93|0x0000000085d00000, 0x0000000085e00000, 0x0000000085e00000|100%| O|  |TAMS 0x0000000085d00000| PB 0x0000000085d00000| Untracked 
|  94|0x0000000085e00000, 0x0000000085f00000, 0x0000000085f00000|100%| O|  |TAMS 0x0000000085e00000| PB 0x0000000085e00000| Untracked 
|  95|0x0000000085f00000, 0x0000000086000000, 0x0000000086000000|100%| O|  |TAMS 0x0000000085f00000| PB 0x0000000085f00000| Untracked 
|  96|0x0000000086000000, 0x0000000086100000, 0x0000000086100000|100%| O|  |TAMS 0x0000000086000000| PB 0x0000000086000000| Untracked 
|  97|0x0000000086100000, 0x0000000086200000, 0x0000000086200000|100%| O|  |TAMS 0x0000000086100000| PB 0x0000000086100000| Untracked 
|  98|0x0000000086200000, 0x0000000086300000, 0x0000000086300000|100%| O|  |TAMS 0x0000000086200000| PB 0x0000000086200000| Untracked 
|  99|0x0000000086300000, 0x0000000086400000, 0x0000000086400000|100%| O|  |TAMS 0x0000000086300000| PB 0x0000000086300000| Untracked 
| 100|0x0000000086400000, 0x0000000086500000, 0x0000000086500000|100%| O|  |TAMS 0x0000000086400000| PB 0x0000000086400000| Untracked 
| 101|0x0000000086500000, 0x0000000086600000, 0x0000000086600000|100%| O|  |TAMS 0x0000000086500000| PB 0x0000000086500000| Untracked 
| 102|0x0000000086600000, 0x0000000086700000, 0x0000000086700000|100%| O|  |TAMS 0x0000000086600000| PB 0x0000000086600000| Untracked 
| 103|0x0000000086700000, 0x0000000086800000, 0x0000000086800000|100%| O|  |TAMS 0x0000000086700000| PB 0x0000000086700000| Untracked 
| 104|0x0000000086800000, 0x0000000086900000, 0x0000000086900000|100%| O|  |TAMS 0x0000000086800000| PB 0x0000000086800000| Untracked 
| 105|0x0000000086900000, 0x0000000086a00000, 0x0000000086a00000|100%| O|  |TAMS 0x0000000086900000| PB 0x0000000086900000| Untracked 
| 106|0x0000000086a00000, 0x0000000086b00000, 0x0000000086b00000|100%| O|  |TAMS 0x0000000086a00000| PB 0x0000000086a00000| Untracked 
| 107|0x0000000086b00000, 0x0000000086c00000, 0x0000000086c00000|100%| O|  |TAMS 0x0000000086b00000| PB 0x0000000086b00000| Untracked 
| 108|0x0000000086c00000, 0x0000000086d00000, 0x0000000086d00000|100%| O|  |TAMS 0x0000000086c00000| PB 0x0000000086c00000| Untracked 
| 109|0x0000000086d00000, 0x0000000086e00000, 0x0000000086e00000|100%| O|  |TAMS 0x0000000086d00000| PB 0x0000000086d00000| Untracked 
| 110|0x0000000086e00000, 0x0000000086f00000, 0x0000000086f00000|100%| O|  |TAMS 0x0000000086e00000| PB 0x0000000086e00000| Untracked 
| 111|0x0000000086f00000, 0x0000000087000000, 0x0000000087000000|100%| O|  |TAMS 0x0000000086f00000| PB 0x0000000086f00000| Untracked 
| 112|0x0000000087000000, 0x0000000087100000, 0x0000000087100000|100%| O|  |TAMS 0x0000000087000000| PB 0x0000000087000000| Untracked 
| 113|0x0000000087100000, 0x0000000087200000, 0x0000000087200000|100%| O|  |TAMS 0x0000000087100000| PB 0x0000000087100000| Untracked 
| 114|0x0000000087200000, 0x0000000087300000, 0x0000000087300000|100%| O|  |TAMS 0x0000000087200000| PB 0x0000000087200000| Untracked 
| 115|0x0000000087300000, 0x0000000087400000, 0x0000000087400000|100%| O|  |TAMS 0x0000000087300000| PB 0x0000000087300000| Untracked 
| 116|0x0000000087400000, 0x0000000087500000, 0x0000000087500000|100%| O|  |TAMS 0x0000000087400000| PB 0x0000000087400000| Untracked 
| 117|0x0000000087500000, 0x0000000087600000, 0x0000000087600000|100%| O|  |TAMS 0x0000000087500000| PB 0x0000000087500000| Untracked 
| 118|0x0000000087600000, 0x0000000087700000, 0x0000000087700000|100%| O|  |TAMS 0x0000000087600000| PB 0x0000000087600000| Untracked 
| 119|0x0000000087700000, 0x0000000087800000, 0x0000000087800000|100%|HS|  |TAMS 0x0000000087700000| PB 0x0000000087700000| Complete 
| 120|0x0000000087800000, 0x0000000087900000, 0x0000000087900000|100%|HC|  |TAMS 0x0000000087800000| PB 0x0000000087800000| Complete 
| 121|0x0000000087900000, 0x0000000087a00000, 0x0000000087a00000|100%|HS|  |TAMS 0x0000000087900000| PB 0x0000000087900000| Complete 
| 122|0x0000000087a00000, 0x0000000087b00000, 0x0000000087b00000|100%|HS|  |TAMS 0x0000000087a00000| PB 0x0000000087a00000| Complete 
| 123|0x0000000087b00000, 0x0000000087c00000, 0x0000000087c00000|100%|HS|  |TAMS 0x0000000087b00000| PB 0x0000000087b00000| Complete 
| 124|0x0000000087c00000, 0x0000000087d00000, 0x0000000087d00000|100%|HS|  |TAMS 0x0000000087c00000| PB 0x0000000087c00000| Complete 
| 125|0x0000000087d00000, 0x0000000087e00000, 0x0000000087e00000|100%|HS|  |TAMS 0x0000000087d00000| PB 0x0000000087d00000| Complete 
| 126|0x0000000087e00000, 0x0000000087f00000, 0x0000000087f00000|100%| O|  |TAMS 0x0000000087e00000| PB 0x0000000087e00000| Untracked 
| 127|0x0000000087f00000, 0x0000000088000000, 0x0000000088000000|100%| O|  |TAMS 0x0000000087f00000| PB 0x0000000087f00000| Untracked 
| 128|0x0000000088000000, 0x0000000088100000, 0x0000000088100000|100%| O|  |TAMS 0x0000000088000000| PB 0x0000000088000000| Untracked 
| 129|0x0000000088100000, 0x0000000088200000, 0x0000000088200000|100%| O|  |TAMS 0x0000000088100000| PB 0x0000000088100000| Untracked 
| 130|0x0000000088200000, 0x0000000088300000, 0x0000000088300000|100%| O|  |TAMS 0x0000000088200000| PB 0x0000000088200000| Untracked 
| 131|0x0000000088300000, 0x0000000088400000, 0x0000000088400000|100%| O|  |TAMS 0x0000000088300000| PB 0x0000000088300000| Untracked 
| 132|0x0000000088400000, 0x0000000088500000, 0x0000000088500000|100%|HS|  |TAMS 0x0000000088400000| PB 0x0000000088400000| Complete 
| 133|0x0000000088500000, 0x0000000088600000, 0x0000000088600000|100%|HC|  |TAMS 0x0000000088500000| PB 0x0000000088500000| Complete 
| 134|0x0000000088600000, 0x0000000088700000, 0x0000000088700000|100%| O|  |TAMS 0x0000000088600000| PB 0x0000000088600000| Untracked 
| 135|0x0000000088700000, 0x0000000088800000, 0x0000000088800000|100%| O|  |TAMS 0x0000000088700000| PB 0x0000000088700000| Untracked 
| 136|0x0000000088800000, 0x0000000088900000, 0x0000000088900000|100%| O|  |TAMS 0x0000000088800000| PB 0x0000000088800000| Untracked 
| 137|0x0000000088900000, 0x0000000088a00000, 0x0000000088a00000|100%| O|  |TAMS 0x0000000088900000| PB 0x0000000088900000| Untracked 
| 138|0x0000000088a00000, 0x0000000088b00000, 0x0000000088b00000|100%| O|  |TAMS 0x0000000088a00000| PB 0x0000000088a00000| Untracked 
| 139|0x0000000088b00000, 0x0000000088c00000, 0x0000000088c00000|100%| O|  |TAMS 0x0000000088b00000| PB 0x0000000088b00000| Untracked 
| 140|0x0000000088c00000, 0x0000000088d00000, 0x0000000088d00000|100%| O|  |TAMS 0x0000000088c00000| PB 0x0000000088c00000| Untracked 
| 141|0x0000000088d00000, 0x0000000088e00000, 0x0000000088e00000|100%| O|  |TAMS 0x0000000088d00000| PB 0x0000000088d00000| Untracked 
| 142|0x0000000088e00000, 0x0000000088f00000, 0x0000000088f00000|100%| O|  |TAMS 0x0000000088e00000| PB 0x0000000088e00000| Untracked 
| 143|0x0000000088f00000, 0x0000000089000000, 0x0000000089000000|100%| O|  |TAMS 0x0000000088f00000| PB 0x0000000088f00000| Untracked 
| 144|0x0000000089000000, 0x0000000089100000, 0x0000000089100000|100%| O|  |TAMS 0x0000000089000000| PB 0x0000000089000000| Untracked 
| 145|0x0000000089100000, 0x0000000089200000, 0x0000000089200000|100%| O|  |TAMS 0x0000000089100000| PB 0x0000000089100000| Untracked 
| 146|0x0000000089200000, 0x0000000089300000, 0x0000000089300000|100%| O|  |TAMS 0x0000000089200000| PB 0x0000000089200000| Untracked 
| 147|0x0000000089300000, 0x0000000089400000, 0x0000000089400000|100%| O|  |TAMS 0x0000000089300000| PB 0x0000000089300000| Untracked 
| 148|0x0000000089400000, 0x0000000089500000, 0x0000000089500000|100%| O|  |TAMS 0x0000000089400000| PB 0x0000000089400000| Untracked 
| 149|0x0000000089500000, 0x0000000089600000, 0x0000000089600000|100%| O|  |TAMS 0x0000000089500000| PB 0x0000000089500000| Untracked 
| 150|0x0000000089600000, 0x0000000089700000, 0x0000000089700000|100%| O|  |TAMS 0x0000000089600000| PB 0x0000000089600000| Untracked 
| 151|0x0000000089700000, 0x0000000089800000, 0x0000000089800000|100%| O|  |TAMS 0x0000000089700000| PB 0x0000000089700000| Untracked 
| 152|0x0000000089800000, 0x0000000089900000, 0x0000000089900000|100%| O|  |TAMS 0x0000000089800000| PB 0x0000000089800000| Untracked 
| 153|0x0000000089900000, 0x0000000089a00000, 0x0000000089a00000|100%| O|  |TAMS 0x0000000089900000| PB 0x0000000089900000| Untracked 
| 154|0x0000000089a00000, 0x0000000089b00000, 0x0000000089b00000|100%| O|  |TAMS 0x0000000089a00000| PB 0x0000000089a00000| Untracked 
| 155|0x0000000089b00000, 0x0000000089c00000, 0x0000000089c00000|100%|HS|  |TAMS 0x0000000089b00000| PB 0x0000000089b00000| Complete 
| 156|0x0000000089c00000, 0x0000000089d00000, 0x0000000089d00000|100%|HS|  |TAMS 0x0000000089c00000| PB 0x0000000089c00000| Complete 
| 157|0x0000000089d00000, 0x0000000089e00000, 0x0000000089e00000|100%| O|  |TAMS 0x0000000089d00000| PB 0x0000000089d00000| Untracked 
| 158|0x0000000089e00000, 0x0000000089f00000, 0x0000000089f00000|100%| O|  |TAMS 0x0000000089e00000| PB 0x0000000089e00000| Untracked 
| 159|0x0000000089f00000, 0x000000008a000000, 0x000000008a000000|100%| O|  |TAMS 0x0000000089f00000| PB 0x0000000089f00000| Untracked 
| 160|0x000000008a000000, 0x000000008a100000, 0x000000008a100000|100%| O|  |TAMS 0x000000008a000000| PB 0x000000008a000000| Untracked 
| 161|0x000000008a100000, 0x000000008a200000, 0x000000008a200000|100%| O|  |TAMS 0x000000008a100000| PB 0x000000008a100000| Untracked 
| 162|0x000000008a200000, 0x000000008a300000, 0x000000008a300000|100%| O|  |TAMS 0x000000008a200000| PB 0x000000008a200000| Untracked 
| 163|0x000000008a300000, 0x000000008a400000, 0x000000008a400000|100%| O|  |TAMS 0x000000008a300000| PB 0x000000008a300000| Untracked 
| 164|0x000000008a400000, 0x000000008a500000, 0x000000008a500000|100%| O|  |TAMS 0x000000008a400000| PB 0x000000008a400000| Untracked 
| 165|0x000000008a500000, 0x000000008a600000, 0x000000008a600000|100%| O|  |TAMS 0x000000008a500000| PB 0x000000008a500000| Untracked 
| 166|0x000000008a600000, 0x000000008a700000, 0x000000008a700000|100%| O|  |TAMS 0x000000008a600000| PB 0x000000008a600000| Untracked 
| 167|0x000000008a700000, 0x000000008a800000, 0x000000008a800000|100%| O|  |TAMS 0x000000008a700000| PB 0x000000008a700000| Untracked 
| 168|0x000000008a800000, 0x000000008a900000, 0x000000008a900000|100%|HS|  |TAMS 0x000000008a800000| PB 0x000000008a800000| Complete 
| 169|0x000000008a900000, 0x000000008aa00000, 0x000000008aa00000|100%|HC|  |TAMS 0x000000008a900000| PB 0x000000008a900000| Complete 
| 170|0x000000008aa00000, 0x000000008ab00000, 0x000000008ab00000|100%|HC|  |TAMS 0x000000008aa00000| PB 0x000000008aa00000| Complete 
| 171|0x000000008ab00000, 0x000000008ac00000, 0x000000008ac00000|100%| O|  |TAMS 0x000000008ab00000| PB 0x000000008ab00000| Untracked 
| 172|0x000000008ac00000, 0x000000008ad00000, 0x000000008ad00000|100%| O|  |TAMS 0x000000008ac00000| PB 0x000000008ac00000| Untracked 
| 173|0x000000008ad00000, 0x000000008ae00000, 0x000000008ae00000|100%| O|  |TAMS 0x000000008ad00000| PB 0x000000008ad00000| Untracked 
| 174|0x000000008ae00000, 0x000000008af00000, 0x000000008af00000|100%| O|  |TAMS 0x000000008ae00000| PB 0x000000008ae00000| Untracked 
| 175|0x000000008af00000, 0x000000008b000000, 0x000000008b000000|100%| O|  |TAMS 0x000000008af00000| PB 0x000000008af00000| Untracked 
| 176|0x000000008b000000, 0x000000008b100000, 0x000000008b100000|100%| O|  |TAMS 0x000000008b000000| PB 0x000000008b000000| Untracked 
| 177|0x000000008b100000, 0x000000008b200000, 0x000000008b200000|100%|HS|  |TAMS 0x000000008b100000| PB 0x000000008b100000| Complete 
| 178|0x000000008b200000, 0x000000008b300000, 0x000000008b300000|100%|HC|  |TAMS 0x000000008b200000| PB 0x000000008b200000| Complete 
| 179|0x000000008b300000, 0x000000008b400000, 0x000000008b400000|100%| O|  |TAMS 0x000000008b300000| PB 0x000000008b300000| Untracked 
| 180|0x000000008b400000, 0x000000008b500000, 0x000000008b500000|100%| O|  |TAMS 0x000000008b400000| PB 0x000000008b400000| Untracked 
| 181|0x000000008b500000, 0x000000008b600000, 0x000000008b600000|100%| O|  |TAMS 0x000000008b500000| PB 0x000000008b500000| Untracked 
| 182|0x000000008b600000, 0x000000008b700000, 0x000000008b700000|100%| O|  |TAMS 0x000000008b600000| PB 0x000000008b600000| Untracked 
| 183|0x000000008b700000, 0x000000008b800000, 0x000000008b800000|100%| O|  |TAMS 0x000000008b700000| PB 0x000000008b700000| Untracked 
| 184|0x000000008b800000, 0x000000008b900000, 0x000000008b900000|100%| O|  |TAMS 0x000000008b800000| PB 0x000000008b800000| Untracked 
| 185|0x000000008b900000, 0x000000008ba00000, 0x000000008ba00000|100%| O|  |TAMS 0x000000008b900000| PB 0x000000008b900000| Untracked 
| 186|0x000000008ba00000, 0x000000008bb00000, 0x000000008bb00000|100%| O|  |TAMS 0x000000008ba00000| PB 0x000000008ba00000| Untracked 
| 187|0x000000008bb00000, 0x000000008bc00000, 0x000000008bc00000|100%|HS|  |TAMS 0x000000008bb00000| PB 0x000000008bb00000| Complete 
| 188|0x000000008bc00000, 0x000000008bd00000, 0x000000008bd00000|100%|HS|  |TAMS 0x000000008bc00000| PB 0x000000008bc00000| Complete 
| 189|0x000000008bd00000, 0x000000008be00000, 0x000000008be00000|100%|HS|  |TAMS 0x000000008bd00000| PB 0x000000008bd00000| Complete 
| 190|0x000000008be00000, 0x000000008bf00000, 0x000000008bf00000|100%|HS|  |TAMS 0x000000008be00000| PB 0x000000008be00000| Complete 
| 191|0x000000008bf00000, 0x000000008c000000, 0x000000008c000000|100%| O|  |TAMS 0x000000008bf00000| PB 0x000000008bf00000| Untracked 
| 192|0x000000008c000000, 0x000000008c100000, 0x000000008c100000|100%|HS|  |TAMS 0x000000008c000000| PB 0x000000008c000000| Complete 
| 193|0x000000008c100000, 0x000000008c200000, 0x000000008c200000|100%|HC|  |TAMS 0x000000008c100000| PB 0x000000008c100000| Complete 
| 194|0x000000008c200000, 0x000000008c300000, 0x000000008c300000|100%| O|  |TAMS 0x000000008c200000| PB 0x000000008c200000| Untracked 
| 195|0x000000008c300000, 0x000000008c400000, 0x000000008c400000|100%| O|  |TAMS 0x000000008c300000| PB 0x000000008c300000| Untracked 
| 196|0x000000008c400000, 0x000000008c500000, 0x000000008c500000|100%| O|  |TAMS 0x000000008c400000| PB 0x000000008c400000| Untracked 
| 197|0x000000008c500000, 0x000000008c600000, 0x000000008c600000|100%| O|  |TAMS 0x000000008c500000| PB 0x000000008c500000| Untracked 
| 198|0x000000008c600000, 0x000000008c700000, 0x000000008c700000|100%| O|  |TAMS 0x000000008c600000| PB 0x000000008c600000| Untracked 
| 199|0x000000008c700000, 0x000000008c800000, 0x000000008c800000|100%| O|  |TAMS 0x000000008c700000| PB 0x000000008c700000| Untracked 
| 200|0x000000008c800000, 0x000000008c900000, 0x000000008c900000|100%| O|  |TAMS 0x000000008c800000| PB 0x000000008c800000| Untracked 
| 201|0x000000008c900000, 0x000000008ca00000, 0x000000008ca00000|100%| O|  |TAMS 0x000000008c900000| PB 0x000000008c900000| Untracked 
| 202|0x000000008ca00000, 0x000000008cb00000, 0x000000008cb00000|100%| O|  |TAMS 0x000000008ca00000| PB 0x000000008ca00000| Untracked 
| 203|0x000000008cb00000, 0x000000008cc00000, 0x000000008cc00000|100%| O|  |TAMS 0x000000008cb00000| PB 0x000000008cb00000| Untracked 
| 204|0x000000008cc00000, 0x000000008cd00000, 0x000000008cd00000|100%| O|  |TAMS 0x000000008cc00000| PB 0x000000008cc00000| Untracked 
| 205|0x000000008cd00000, 0x000000008ce00000, 0x000000008ce00000|100%| O|  |TAMS 0x000000008cd00000| PB 0x000000008cd00000| Untracked 
| 206|0x000000008ce00000, 0x000000008ce00000, 0x000000008cf00000|  0%| F|  |TAMS 0x000000008ce00000| PB 0x000000008ce00000| Untracked 
| 207|0x000000008cf00000, 0x000000008d000000, 0x000000008d000000|100%| O|  |TAMS 0x000000008cf00000| PB 0x000000008cf00000| Untracked 
| 208|0x000000008d000000, 0x000000008d100000, 0x000000008d100000|100%| O|  |TAMS 0x000000008d000000| PB 0x000000008d000000| Untracked 
| 209|0x000000008d100000, 0x000000008d200000, 0x000000008d200000|100%| O|  |TAMS 0x000000008d100000| PB 0x000000008d100000| Untracked 
| 210|0x000000008d200000, 0x000000008d300000, 0x000000008d300000|100%| O|  |TAMS 0x000000008d200000| PB 0x000000008d200000| Untracked 
| 211|0x000000008d300000, 0x000000008d400000, 0x000000008d400000|100%| O|  |TAMS 0x000000008d300000| PB 0x000000008d300000| Untracked 
| 212|0x000000008d400000, 0x000000008d500000, 0x000000008d500000|100%| O|  |TAMS 0x000000008d400000| PB 0x000000008d400000| Untracked 
| 213|0x000000008d500000, 0x000000008d600000, 0x000000008d600000|100%|HS|  |TAMS 0x000000008d500000| PB 0x000000008d500000| Complete 
| 214|0x000000008d600000, 0x000000008d700000, 0x000000008d700000|100%|HC|  |TAMS 0x000000008d600000| PB 0x000000008d600000| Complete 
| 215|0x000000008d700000, 0x000000008d800000, 0x000000008d800000|100%|HC|  |TAMS 0x000000008d700000| PB 0x000000008d700000| Complete 
| 216|0x000000008d800000, 0x000000008d900000, 0x000000008d900000|100%| O|  |TAMS 0x000000008d800000| PB 0x000000008d800000| Untracked 
| 217|0x000000008d900000, 0x000000008da00000, 0x000000008da00000|100%| O|  |TAMS 0x000000008d900000| PB 0x000000008d900000| Untracked 
| 218|0x000000008da00000, 0x000000008db00000, 0x000000008db00000|100%| O|  |TAMS 0x000000008da00000| PB 0x000000008da00000| Untracked 
| 219|0x000000008db00000, 0x000000008dc00000, 0x000000008dc00000|100%| O|  |TAMS 0x000000008db00000| PB 0x000000008db00000| Untracked 
| 220|0x000000008dc00000, 0x000000008dd00000, 0x000000008dd00000|100%| O|  |TAMS 0x000000008dc00000| PB 0x000000008dc00000| Untracked 
| 221|0x000000008dd00000, 0x000000008de00000, 0x000000008de00000|100%| O|  |TAMS 0x000000008dd00000| PB 0x000000008dd00000| Untracked 
| 222|0x000000008de00000, 0x000000008df00000, 0x000000008df00000|100%| O|  |TAMS 0x000000008de00000| PB 0x000000008de00000| Untracked 
| 223|0x000000008df00000, 0x000000008e000000, 0x000000008e000000|100%| O|  |TAMS 0x000000008df00000| PB 0x000000008df00000| Untracked 
| 224|0x000000008e000000, 0x000000008e100000, 0x000000008e100000|100%| O|  |TAMS 0x000000008e000000| PB 0x000000008e000000| Untracked 
| 225|0x000000008e100000, 0x000000008e200000, 0x000000008e200000|100%| O|  |TAMS 0x000000008e100000| PB 0x000000008e100000| Untracked 
| 226|0x000000008e200000, 0x000000008e300000, 0x000000008e300000|100%| O|  |TAMS 0x000000008e200000| PB 0x000000008e200000| Untracked 
| 227|0x000000008e300000, 0x000000008e400000, 0x000000008e400000|100%| O|  |TAMS 0x000000008e300000| PB 0x000000008e300000| Untracked 
| 228|0x000000008e400000, 0x000000008e500000, 0x000000008e500000|100%| O|  |TAMS 0x000000008e400000| PB 0x000000008e400000| Untracked 
| 229|0x000000008e500000, 0x000000008e600000, 0x000000008e600000|100%| O|  |TAMS 0x000000008e500000| PB 0x000000008e500000| Untracked 
| 230|0x000000008e600000, 0x000000008e700000, 0x000000008e700000|100%| O|  |TAMS 0x000000008e600000| PB 0x000000008e600000| Untracked 
| 231|0x000000008e700000, 0x000000008e800000, 0x000000008e800000|100%| O|  |TAMS 0x000000008e700000| PB 0x000000008e700000| Untracked 
| 232|0x000000008e800000, 0x000000008e900000, 0x000000008e900000|100%| O|  |TAMS 0x000000008e800000| PB 0x000000008e800000| Untracked 
| 233|0x000000008e900000, 0x000000008ea00000, 0x000000008ea00000|100%| O|  |TAMS 0x000000008e900000| PB 0x000000008e900000| Untracked 
| 234|0x000000008ea00000, 0x000000008eb00000, 0x000000008eb00000|100%| O|  |TAMS 0x000000008ea00000| PB 0x000000008ea00000| Untracked 
| 235|0x000000008eb00000, 0x000000008ec00000, 0x000000008ec00000|100%| O|  |TAMS 0x000000008eb00000| PB 0x000000008eb00000| Untracked 
| 236|0x000000008ec00000, 0x000000008ed00000, 0x000000008ed00000|100%| O|  |TAMS 0x000000008ec00000| PB 0x000000008ec00000| Untracked 
| 237|0x000000008ed00000, 0x000000008ee00000, 0x000000008ee00000|100%| O|  |TAMS 0x000000008ed00000| PB 0x000000008ed00000| Untracked 
| 238|0x000000008ee00000, 0x000000008ef00000, 0x000000008ef00000|100%| O|  |TAMS 0x000000008ee00000| PB 0x000000008ee00000| Untracked 
| 239|0x000000008ef00000, 0x000000008f000000, 0x000000008f000000|100%| O|  |TAMS 0x000000008ef00000| PB 0x000000008ef00000| Untracked 
| 240|0x000000008f000000, 0x000000008f100000, 0x000000008f100000|100%| O|  |TAMS 0x000000008f000000| PB 0x000000008f000000| Untracked 
| 241|0x000000008f100000, 0x000000008f200000, 0x000000008f200000|100%|HS|  |TAMS 0x000000008f100000| PB 0x000000008f100000| Complete 
| 242|0x000000008f200000, 0x000000008f300000, 0x000000008f300000|100%|HC|  |TAMS 0x000000008f200000| PB 0x000000008f200000| Complete 
| 243|0x000000008f300000, 0x000000008f400000, 0x000000008f400000|100%| O|  |TAMS 0x000000008f300000| PB 0x000000008f300000| Untracked 
| 244|0x000000008f400000, 0x000000008f500000, 0x000000008f500000|100%| O|  |TAMS 0x000000008f400000| PB 0x000000008f400000| Untracked 
| 245|0x000000008f500000, 0x000000008f600000, 0x000000008f600000|100%| O|  |TAMS 0x000000008f500000| PB 0x000000008f500000| Untracked 
| 246|0x000000008f600000, 0x000000008f700000, 0x000000008f700000|100%| O|  |TAMS 0x000000008f600000| PB 0x000000008f600000| Untracked 
| 247|0x000000008f700000, 0x000000008f800000, 0x000000008f800000|100%| O|  |TAMS 0x000000008f700000| PB 0x000000008f700000| Untracked 
| 248|0x000000008f800000, 0x000000008f900000, 0x000000008f900000|100%| O|  |TAMS 0x000000008f800000| PB 0x000000008f800000| Untracked 
| 249|0x000000008f900000, 0x000000008fa00000, 0x000000008fa00000|100%| O|  |TAMS 0x000000008f900000| PB 0x000000008f900000| Untracked 
| 250|0x000000008fa00000, 0x000000008fb00000, 0x000000008fb00000|100%| O|  |TAMS 0x000000008fa00000| PB 0x000000008fa00000| Untracked 
| 251|0x000000008fb00000, 0x000000008fc00000, 0x000000008fc00000|100%| O|  |TAMS 0x000000008fb00000| PB 0x000000008fb00000| Untracked 
| 252|0x000000008fc00000, 0x000000008fd00000, 0x000000008fd00000|100%| O|  |TAMS 0x000000008fc00000| PB 0x000000008fc00000| Untracked 
| 253|0x000000008fd00000, 0x000000008fe00000, 0x000000008fe00000|100%| O|  |TAMS 0x000000008fd00000| PB 0x000000008fd00000| Untracked 
| 254|0x000000008fe00000, 0x000000008ff00000, 0x000000008ff00000|100%| O|  |TAMS 0x000000008fe00000| PB 0x000000008fe00000| Untracked 
| 255|0x000000008ff00000, 0x0000000090000000, 0x0000000090000000|100%| O|  |TAMS 0x000000008ff00000| PB 0x000000008ff00000| Untracked 
| 256|0x0000000090000000, 0x0000000090100000, 0x0000000090100000|100%| O|  |TAMS 0x0000000090000000| PB 0x0000000090000000| Untracked 
| 257|0x0000000090100000, 0x0000000090200000, 0x0000000090200000|100%| O|  |TAMS 0x0000000090100000| PB 0x0000000090100000| Untracked 
| 258|0x0000000090200000, 0x0000000090300000, 0x0000000090300000|100%| O|  |TAMS 0x0000000090200000| PB 0x0000000090200000| Untracked 
| 259|0x0000000090300000, 0x0000000090400000, 0x0000000090400000|100%| O|  |TAMS 0x0000000090300000| PB 0x0000000090300000| Untracked 
| 260|0x0000000090400000, 0x0000000090500000, 0x0000000090500000|100%| O|  |TAMS 0x0000000090400000| PB 0x0000000090400000| Untracked 
| 261|0x0000000090500000, 0x0000000090600000, 0x0000000090600000|100%| O|  |TAMS 0x0000000090500000| PB 0x0000000090500000| Untracked 
| 262|0x0000000090600000, 0x0000000090700000, 0x0000000090700000|100%| O|  |TAMS 0x0000000090600000| PB 0x0000000090600000| Untracked 
| 263|0x0000000090700000, 0x0000000090800000, 0x0000000090800000|100%| O|  |TAMS 0x0000000090700000| PB 0x0000000090700000| Untracked 
| 264|0x0000000090800000, 0x0000000090900000, 0x0000000090900000|100%| O|  |TAMS 0x0000000090800000| PB 0x0000000090800000| Untracked 
| 265|0x0000000090900000, 0x0000000090a00000, 0x0000000090a00000|100%| O|  |TAMS 0x0000000090900000| PB 0x0000000090900000| Untracked 
| 266|0x0000000090a00000, 0x0000000090b00000, 0x0000000090b00000|100%| O|  |TAMS 0x0000000090a00000| PB 0x0000000090a00000| Untracked 
| 267|0x0000000090b00000, 0x0000000090c00000, 0x0000000090c00000|100%| O|  |TAMS 0x0000000090b00000| PB 0x0000000090b00000| Untracked 
| 268|0x0000000090c00000, 0x0000000090d00000, 0x0000000090d00000|100%| O|  |TAMS 0x0000000090c00000| PB 0x0000000090c00000| Untracked 
| 269|0x0000000090d00000, 0x0000000090e00000, 0x0000000090e00000|100%| O|  |TAMS 0x0000000090d00000| PB 0x0000000090d00000| Untracked 
| 270|0x0000000090e00000, 0x0000000090f00000, 0x0000000090f00000|100%| O|  |TAMS 0x0000000090e00000| PB 0x0000000090e00000| Untracked 
| 271|0x0000000090f00000, 0x0000000090f00000, 0x0000000091000000|  0%| F|  |TAMS 0x0000000090f00000| PB 0x0000000090f00000| Untracked 
| 272|0x0000000091000000, 0x0000000091100000, 0x0000000091100000|100%| O|  |TAMS 0x0000000091000000| PB 0x0000000091000000| Untracked 
| 273|0x0000000091100000, 0x0000000091200000, 0x0000000091200000|100%| O|  |TAMS 0x0000000091100000| PB 0x0000000091100000| Untracked 
| 274|0x0000000091200000, 0x0000000091300000, 0x0000000091300000|100%| O|  |TAMS 0x0000000091200000| PB 0x0000000091200000| Untracked 
| 275|0x0000000091300000, 0x0000000091400000, 0x0000000091400000|100%| O|  |TAMS 0x0000000091300000| PB 0x0000000091300000| Untracked 
| 276|0x0000000091400000, 0x0000000091500000, 0x0000000091500000|100%| O|  |TAMS 0x0000000091400000| PB 0x0000000091400000| Untracked 
| 277|0x0000000091500000, 0x0000000091600000, 0x0000000091600000|100%| O|  |TAMS 0x0000000091500000| PB 0x0000000091500000| Untracked 
| 278|0x0000000091600000, 0x0000000091600000, 0x0000000091700000|  0%| F|  |TAMS 0x0000000091600000| PB 0x0000000091600000| Untracked 
| 279|0x0000000091700000, 0x0000000091800000, 0x0000000091800000|100%| O|  |TAMS 0x0000000091700000| PB 0x0000000091700000| Untracked 
| 280|0x0000000091800000, 0x0000000091900000, 0x0000000091900000|100%| O|  |TAMS 0x0000000091800000| PB 0x0000000091800000| Untracked 
| 281|0x0000000091900000, 0x0000000091a00000, 0x0000000091a00000|100%| O|  |TAMS 0x0000000091900000| PB 0x0000000091900000| Untracked 
| 282|0x0000000091a00000, 0x0000000091b00000, 0x0000000091b00000|100%| O|  |TAMS 0x0000000091a00000| PB 0x0000000091a00000| Untracked 
| 283|0x0000000091b00000, 0x0000000091c00000, 0x0000000091c00000|100%| O|  |TAMS 0x0000000091b00000| PB 0x0000000091b00000| Untracked 
| 284|0x0000000091c00000, 0x0000000091d00000, 0x0000000091d00000|100%| O|Cm|TAMS 0x0000000091c00000| PB 0x0000000091c00000| Complete 
| 285|0x0000000091d00000, 0x0000000091e00000, 0x0000000091e00000|100%| O|  |TAMS 0x0000000091d00000| PB 0x0000000091d00000| Untracked 
| 286|0x0000000091e00000, 0x0000000091f00000, 0x0000000091f00000|100%| O|  |TAMS 0x0000000091e00000| PB 0x0000000091e00000| Untracked 
| 287|0x0000000091f00000, 0x0000000092000000, 0x0000000092000000|100%| O|  |TAMS 0x0000000091f00000| PB 0x0000000091f00000| Untracked 
| 288|0x0000000092000000, 0x0000000092100000, 0x0000000092100000|100%|HS|  |TAMS 0x0000000092000000| PB 0x0000000092000000| Complete 
| 289|0x0000000092100000, 0x0000000092200000, 0x0000000092200000|100%| O|  |TAMS 0x0000000092100000| PB 0x0000000092100000| Untracked 
| 290|0x0000000092200000, 0x0000000092300000, 0x0000000092300000|100%| O|  |TAMS 0x0000000092200000| PB 0x0000000092200000| Untracked 
| 291|0x0000000092300000, 0x0000000092400000, 0x0000000092400000|100%| O|  |TAMS 0x0000000092300000| PB 0x0000000092300000| Untracked 
| 292|0x0000000092400000, 0x0000000092500000, 0x0000000092500000|100%| O|  |TAMS 0x0000000092400000| PB 0x0000000092400000| Untracked 
| 293|0x0000000092500000, 0x0000000092600000, 0x0000000092600000|100%| O|  |TAMS 0x0000000092500000| PB 0x0000000092500000| Untracked 
| 294|0x0000000092600000, 0x0000000092700000, 0x0000000092700000|100%| O|  |TAMS 0x0000000092600000| PB 0x0000000092600000| Untracked 
| 295|0x0000000092700000, 0x0000000092800000, 0x0000000092800000|100%| O|  |TAMS 0x0000000092700000| PB 0x0000000092700000| Untracked 
| 296|0x0000000092800000, 0x0000000092900000, 0x0000000092900000|100%| O|  |TAMS 0x0000000092800000| PB 0x0000000092800000| Untracked 
| 297|0x0000000092900000, 0x0000000092a00000, 0x0000000092a00000|100%|HS|  |TAMS 0x0000000092900000| PB 0x0000000092900000| Complete 
| 298|0x0000000092a00000, 0x0000000092b00000, 0x0000000092b00000|100%| O|  |TAMS 0x0000000092a00000| PB 0x0000000092a00000| Untracked 
| 299|0x0000000092b00000, 0x0000000092c00000, 0x0000000092c00000|100%| O|  |TAMS 0x0000000092b00000| PB 0x0000000092b00000| Untracked 
| 300|0x0000000092c00000, 0x0000000092d00000, 0x0000000092d00000|100%| O|  |TAMS 0x0000000092c00000| PB 0x0000000092c00000| Untracked 
| 301|0x0000000092d00000, 0x0000000092e00000, 0x0000000092e00000|100%| O|Cm|TAMS 0x0000000092d00000| PB 0x0000000092d00000| Complete 
| 302|0x0000000092e00000, 0x0000000092f00000, 0x0000000092f00000|100%| O|  |TAMS 0x0000000092e00000| PB 0x0000000092e00000| Untracked 
| 303|0x0000000092f00000, 0x0000000093000000, 0x0000000093000000|100%| O|  |TAMS 0x0000000092f00000| PB 0x0000000092f00000| Untracked 
| 304|0x0000000093000000, 0x0000000093100000, 0x0000000093100000|100%| O|  |TAMS 0x0000000093000000| PB 0x0000000093000000| Untracked 
| 305|0x0000000093100000, 0x0000000093200000, 0x0000000093200000|100%| O|  |TAMS 0x0000000093100000| PB 0x0000000093100000| Untracked 
| 306|0x0000000093200000, 0x0000000093300000, 0x0000000093300000|100%| O|  |TAMS 0x0000000093200000| PB 0x0000000093200000| Untracked 
| 307|0x0000000093300000, 0x0000000093400000, 0x0000000093400000|100%| O|  |TAMS 0x0000000093300000| PB 0x0000000093300000| Untracked 
| 308|0x0000000093400000, 0x0000000093500000, 0x0000000093500000|100%| O|  |TAMS 0x0000000093400000| PB 0x0000000093400000| Untracked 
| 309|0x0000000093500000, 0x0000000093600000, 0x0000000093600000|100%| O|  |TAMS 0x0000000093500000| PB 0x0000000093500000| Untracked 
| 310|0x0000000093600000, 0x0000000093700000, 0x0000000093700000|100%| O|  |TAMS 0x0000000093600000| PB 0x0000000093600000| Untracked 
| 311|0x0000000093700000, 0x0000000093800000, 0x0000000093800000|100%| O|  |TAMS 0x0000000093700000| PB 0x0000000093700000| Untracked 
| 312|0x0000000093800000, 0x0000000093900000, 0x0000000093900000|100%| O|  |TAMS 0x0000000093800000| PB 0x0000000093800000| Untracked 
| 313|0x0000000093900000, 0x0000000093a00000, 0x0000000093a00000|100%| O|  |TAMS 0x0000000093900000| PB 0x0000000093900000| Untracked 
| 314|0x0000000093a00000, 0x0000000093b00000, 0x0000000093b00000|100%| O|  |TAMS 0x0000000093a00000| PB 0x0000000093a00000| Untracked 
| 315|0x0000000093b00000, 0x0000000093c00000, 0x0000000093c00000|100%| O|  |TAMS 0x0000000093b00000| PB 0x0000000093b00000| Untracked 
| 316|0x0000000093c00000, 0x0000000093d00000, 0x0000000093d00000|100%| O|  |TAMS 0x0000000093c00000| PB 0x0000000093c00000| Untracked 
| 317|0x0000000093d00000, 0x0000000093e00000, 0x0000000093e00000|100%| O|  |TAMS 0x0000000093d00000| PB 0x0000000093d00000| Untracked 
| 318|0x0000000093e00000, 0x0000000093f00000, 0x0000000093f00000|100%| O|  |TAMS 0x0000000093e00000| PB 0x0000000093e00000| Untracked 
| 319|0x0000000093f00000, 0x0000000094000000, 0x0000000094000000|100%| O|  |TAMS 0x0000000093f00000| PB 0x0000000093f00000| Untracked 
| 320|0x0000000094000000, 0x0000000094100000, 0x0000000094100000|100%| O|  |TAMS 0x0000000094000000| PB 0x0000000094000000| Untracked 
| 321|0x0000000094100000, 0x0000000094200000, 0x0000000094200000|100%| O|  |TAMS 0x0000000094100000| PB 0x0000000094100000| Untracked 
| 322|0x0000000094200000, 0x0000000094300000, 0x0000000094300000|100%| O|  |TAMS 0x0000000094200000| PB 0x0000000094200000| Untracked 
| 323|0x0000000094300000, 0x0000000094400000, 0x0000000094400000|100%| O|  |TAMS 0x0000000094300000| PB 0x0000000094300000| Untracked 
| 324|0x0000000094400000, 0x0000000094500000, 0x0000000094500000|100%| O|  |TAMS 0x0000000094400000| PB 0x0000000094400000| Untracked 
| 325|0x0000000094500000, 0x0000000094600000, 0x0000000094600000|100%| O|  |TAMS 0x0000000094500000| PB 0x0000000094500000| Untracked 
| 326|0x0000000094600000, 0x0000000094700000, 0x0000000094700000|100%| O|  |TAMS 0x0000000094600000| PB 0x0000000094600000| Untracked 
| 327|0x0000000094700000, 0x0000000094800000, 0x0000000094800000|100%| O|  |TAMS 0x0000000094700000| PB 0x0000000094700000| Untracked 
| 328|0x0000000094800000, 0x0000000094900000, 0x0000000094900000|100%| O|  |TAMS 0x0000000094800000| PB 0x0000000094800000| Untracked 
| 329|0x0000000094900000, 0x0000000094a00000, 0x0000000094a00000|100%| O|  |TAMS 0x0000000094900000| PB 0x0000000094900000| Untracked 
| 330|0x0000000094a00000, 0x0000000094b00000, 0x0000000094b00000|100%| O|  |TAMS 0x0000000094a00000| PB 0x0000000094a00000| Untracked 
| 331|0x0000000094b00000, 0x0000000094c00000, 0x0000000094c00000|100%| O|  |TAMS 0x0000000094b00000| PB 0x0000000094b00000| Untracked 
| 332|0x0000000094c00000, 0x0000000094d00000, 0x0000000094d00000|100%| O|  |TAMS 0x0000000094c00000| PB 0x0000000094c00000| Untracked 
| 333|0x0000000094d00000, 0x0000000094e00000, 0x0000000094e00000|100%| O|  |TAMS 0x0000000094d00000| PB 0x0000000094d00000| Untracked 
| 334|0x0000000094e00000, 0x0000000094f00000, 0x0000000094f00000|100%| O|  |TAMS 0x0000000094e00000| PB 0x0000000094e00000| Untracked 
| 335|0x0000000094f00000, 0x0000000095000000, 0x0000000095000000|100%| O|  |TAMS 0x0000000094f00000| PB 0x0000000094f00000| Untracked 
| 336|0x0000000095000000, 0x0000000095100000, 0x0000000095100000|100%| O|  |TAMS 0x0000000095000000| PB 0x0000000095000000| Untracked 
| 337|0x0000000095100000, 0x0000000095200000, 0x0000000095200000|100%| O|  |TAMS 0x0000000095100000| PB 0x0000000095100000| Untracked 
| 338|0x0000000095200000, 0x0000000095300000, 0x0000000095300000|100%| O|  |TAMS 0x0000000095200000| PB 0x0000000095200000| Untracked 
| 339|0x0000000095300000, 0x0000000095400000, 0x0000000095400000|100%| O|  |TAMS 0x0000000095300000| PB 0x0000000095300000| Untracked 
| 340|0x0000000095400000, 0x0000000095500000, 0x0000000095500000|100%| O|  |TAMS 0x0000000095400000| PB 0x0000000095400000| Untracked 
| 341|0x0000000095500000, 0x0000000095600000, 0x0000000095600000|100%| O|  |TAMS 0x0000000095500000| PB 0x0000000095500000| Untracked 
| 342|0x0000000095600000, 0x0000000095700000, 0x0000000095700000|100%| O|  |TAMS 0x0000000095600000| PB 0x0000000095600000| Untracked 
| 343|0x0000000095700000, 0x0000000095800000, 0x0000000095800000|100%| O|  |TAMS 0x0000000095700000| PB 0x0000000095700000| Untracked 
| 344|0x0000000095800000, 0x0000000095900000, 0x0000000095900000|100%| O|  |TAMS 0x0000000095800000| PB 0x0000000095800000| Untracked 
| 345|0x0000000095900000, 0x0000000095a00000, 0x0000000095a00000|100%| O|  |TAMS 0x0000000095900000| PB 0x0000000095900000| Untracked 
| 346|0x0000000095a00000, 0x0000000095b00000, 0x0000000095b00000|100%| O|  |TAMS 0x0000000095a00000| PB 0x0000000095a00000| Untracked 
| 347|0x0000000095b00000, 0x0000000095c00000, 0x0000000095c00000|100%| O|  |TAMS 0x0000000095b00000| PB 0x0000000095b00000| Untracked 
| 348|0x0000000095c00000, 0x0000000095d00000, 0x0000000095d00000|100%| O|  |TAMS 0x0000000095c00000| PB 0x0000000095c00000| Untracked 
| 349|0x0000000095d00000, 0x0000000095e00000, 0x0000000095e00000|100%| O|  |TAMS 0x0000000095d00000| PB 0x0000000095d00000| Untracked 
| 350|0x0000000095e00000, 0x0000000095f00000, 0x0000000095f00000|100%| O|  |TAMS 0x0000000095e00000| PB 0x0000000095e00000| Untracked 
| 351|0x0000000095f00000, 0x0000000096000000, 0x0000000096000000|100%| O|  |TAMS 0x0000000095f00000| PB 0x0000000095f00000| Untracked 
| 352|0x0000000096000000, 0x0000000096000000, 0x0000000096100000|  0%| F|  |TAMS 0x0000000096000000| PB 0x0000000096000000| Untracked 
| 353|0x0000000096100000, 0x0000000096200000, 0x0000000096200000|100%| O|  |TAMS 0x0000000096100000| PB 0x0000000096100000| Untracked 
| 354|0x0000000096200000, 0x0000000096300000, 0x0000000096300000|100%| O|  |TAMS 0x0000000096200000| PB 0x0000000096200000| Untracked 
| 355|0x0000000096300000, 0x0000000096400000, 0x0000000096400000|100%| O|  |TAMS 0x0000000096300000| PB 0x0000000096300000| Untracked 
| 356|0x0000000096400000, 0x0000000096500000, 0x0000000096500000|100%| O|  |TAMS 0x0000000096400000| PB 0x0000000096400000| Untracked 
| 357|0x0000000096500000, 0x0000000096600000, 0x0000000096600000|100%| O|  |TAMS 0x0000000096500000| PB 0x0000000096500000| Untracked 
| 358|0x0000000096600000, 0x0000000096700000, 0x0000000096700000|100%| O|  |TAMS 0x0000000096600000| PB 0x0000000096600000| Untracked 
| 359|0x0000000096700000, 0x0000000096800000, 0x0000000096800000|100%| O|  |TAMS 0x0000000096700000| PB 0x0000000096700000| Untracked 
| 360|0x0000000096800000, 0x0000000096900000, 0x0000000096900000|100%| O|  |TAMS 0x0000000096800000| PB 0x0000000096800000| Untracked 
| 361|0x0000000096900000, 0x0000000096a00000, 0x0000000096a00000|100%| O|  |TAMS 0x0000000096900000| PB 0x0000000096900000| Untracked 
| 362|0x0000000096a00000, 0x0000000096b00000, 0x0000000096b00000|100%| O|  |TAMS 0x0000000096a00000| PB 0x0000000096a00000| Untracked 
| 363|0x0000000096b00000, 0x0000000096c00000, 0x0000000096c00000|100%| O|  |TAMS 0x0000000096b00000| PB 0x0000000096b00000| Untracked 
| 364|0x0000000096c00000, 0x0000000096d00000, 0x0000000096d00000|100%| O|  |TAMS 0x0000000096c00000| PB 0x0000000096c00000| Untracked 
| 365|0x0000000096d00000, 0x0000000096e00000, 0x0000000096e00000|100%| O|  |TAMS 0x0000000096d00000| PB 0x0000000096d00000| Untracked 
| 366|0x0000000096e00000, 0x0000000096f00000, 0x0000000096f00000|100%| O|  |TAMS 0x0000000096e00000| PB 0x0000000096e00000| Untracked 
| 367|0x0000000096f00000, 0x0000000097000000, 0x0000000097000000|100%| O|  |TAMS 0x0000000096f00000| PB 0x0000000096f00000| Untracked 
| 368|0x0000000097000000, 0x0000000097000000, 0x0000000097100000|  0%| F|  |TAMS 0x0000000097000000| PB 0x0000000097000000| Untracked 
| 369|0x0000000097100000, 0x0000000097200000, 0x0000000097200000|100%| O|  |TAMS 0x0000000097100000| PB 0x0000000097100000| Untracked 
| 370|0x0000000097200000, 0x0000000097300000, 0x0000000097300000|100%| O|  |TAMS 0x0000000097200000| PB 0x0000000097200000| Untracked 
| 371|0x0000000097300000, 0x0000000097400000, 0x0000000097400000|100%| O|  |TAMS 0x0000000097300000| PB 0x0000000097300000| Untracked 
| 372|0x0000000097400000, 0x0000000097500000, 0x0000000097500000|100%| O|  |TAMS 0x0000000097400000| PB 0x0000000097400000| Untracked 
| 373|0x0000000097500000, 0x0000000097600000, 0x0000000097600000|100%| O|  |TAMS 0x0000000097500000| PB 0x0000000097500000| Untracked 
| 374|0x0000000097600000, 0x0000000097700000, 0x0000000097700000|100%| O|  |TAMS 0x0000000097600000| PB 0x0000000097600000| Untracked 
| 375|0x0000000097700000, 0x0000000097800000, 0x0000000097800000|100%| O|  |TAMS 0x0000000097700000| PB 0x0000000097700000| Untracked 
| 376|0x0000000097800000, 0x0000000097900000, 0x0000000097900000|100%| O|  |TAMS 0x0000000097800000| PB 0x0000000097800000| Untracked 
| 377|0x0000000097900000, 0x0000000097a00000, 0x0000000097a00000|100%| O|  |TAMS 0x0000000097900000| PB 0x0000000097900000| Untracked 
| 378|0x0000000097a00000, 0x0000000097b00000, 0x0000000097b00000|100%| O|  |TAMS 0x0000000097a00000| PB 0x0000000097a00000| Untracked 
| 379|0x0000000097b00000, 0x0000000097c00000, 0x0000000097c00000|100%| O|  |TAMS 0x0000000097b00000| PB 0x0000000097b00000| Untracked 
| 380|0x0000000097c00000, 0x0000000097d00000, 0x0000000097d00000|100%| O|  |TAMS 0x0000000097c00000| PB 0x0000000097c00000| Untracked 
| 381|0x0000000097d00000, 0x0000000097e00000, 0x0000000097e00000|100%| O|  |TAMS 0x0000000097d00000| PB 0x0000000097d00000| Untracked 
| 382|0x0000000097e00000, 0x0000000097f00000, 0x0000000097f00000|100%| O|  |TAMS 0x0000000097e00000| PB 0x0000000097e00000| Untracked 
| 383|0x0000000097f00000, 0x0000000098000000, 0x0000000098000000|100%| O|  |TAMS 0x0000000097f00000| PB 0x0000000097f00000| Untracked 
| 384|0x0000000098000000, 0x0000000098100000, 0x0000000098100000|100%| O|  |TAMS 0x0000000098000000| PB 0x0000000098000000| Untracked 
| 385|0x0000000098100000, 0x0000000098200000, 0x0000000098200000|100%| O|  |TAMS 0x0000000098100000| PB 0x0000000098100000| Untracked 
| 386|0x0000000098200000, 0x0000000098300000, 0x0000000098300000|100%| O|  |TAMS 0x0000000098200000| PB 0x0000000098200000| Untracked 
| 387|0x0000000098300000, 0x0000000098400000, 0x0000000098400000|100%| O|  |TAMS 0x0000000098300000| PB 0x0000000098300000| Untracked 
| 388|0x0000000098400000, 0x0000000098500000, 0x0000000098500000|100%|HS|  |TAMS 0x0000000098400000| PB 0x0000000098400000| Complete 
| 389|0x0000000098500000, 0x0000000098600000, 0x0000000098600000|100%|HS|  |TAMS 0x0000000098500000| PB 0x0000000098500000| Complete 
| 390|0x0000000098600000, 0x0000000098700000, 0x0000000098700000|100%|HS|  |TAMS 0x0000000098600000| PB 0x0000000098600000| Complete 
| 391|0x0000000098700000, 0x0000000098700000, 0x0000000098800000|  0%| F|  |TAMS 0x0000000098700000| PB 0x0000000098700000| Untracked 
| 392|0x0000000098800000, 0x0000000098900000, 0x0000000098900000|100%| O|Cm|TAMS 0x0000000098800000| PB 0x0000000098800000| Complete 
| 393|0x0000000098900000, 0x0000000098a00000, 0x0000000098a00000|100%| O|  |TAMS 0x0000000098900000| PB 0x0000000098900000| Untracked 
| 394|0x0000000098a00000, 0x0000000098b00000, 0x0000000098b00000|100%|HS|  |TAMS 0x0000000098a00000| PB 0x0000000098a00000| Complete 
| 395|0x0000000098b00000, 0x0000000098c00000, 0x0000000098c00000|100%| O|  |TAMS 0x0000000098b00000| PB 0x0000000098b00000| Untracked 
| 396|0x0000000098c00000, 0x0000000098d00000, 0x0000000098d00000|100%| O|  |TAMS 0x0000000098c00000| PB 0x0000000098c00000| Untracked 
| 397|0x0000000098d00000, 0x0000000098e00000, 0x0000000098e00000|100%| O|  |TAMS 0x0000000098d00000| PB 0x0000000098d00000| Untracked 
| 398|0x0000000098e00000, 0x0000000098f00000, 0x0000000098f00000|100%| O|  |TAMS 0x0000000098e00000| PB 0x0000000098e00000| Untracked 
| 399|0x0000000098f00000, 0x0000000099000000, 0x0000000099000000|100%| O|  |TAMS 0x0000000098f00000| PB 0x0000000098f00000| Untracked 
| 400|0x0000000099000000, 0x0000000099100000, 0x0000000099100000|100%| O|  |TAMS 0x0000000099000000| PB 0x0000000099000000| Untracked 
| 401|0x0000000099100000, 0x0000000099200000, 0x0000000099200000|100%| O|  |TAMS 0x0000000099100000| PB 0x0000000099100000| Untracked 
| 402|0x0000000099200000, 0x0000000099300000, 0x0000000099300000|100%| O|  |TAMS 0x0000000099200000| PB 0x0000000099200000| Untracked 
| 403|0x0000000099300000, 0x0000000099400000, 0x0000000099400000|100%| O|  |TAMS 0x0000000099300000| PB 0x0000000099300000| Untracked 
| 404|0x0000000099400000, 0x0000000099500000, 0x0000000099500000|100%| O|  |TAMS 0x0000000099400000| PB 0x0000000099400000| Untracked 
| 405|0x0000000099500000, 0x0000000099600000, 0x0000000099600000|100%| O|  |TAMS 0x0000000099500000| PB 0x0000000099500000| Untracked 
| 406|0x0000000099600000, 0x0000000099700000, 0x0000000099700000|100%| O|  |TAMS 0x0000000099600000| PB 0x0000000099600000| Untracked 
| 407|0x0000000099700000, 0x0000000099800000, 0x0000000099800000|100%| O|  |TAMS 0x0000000099700000| PB 0x0000000099700000| Untracked 
| 408|0x0000000099800000, 0x0000000099900000, 0x0000000099900000|100%| O|  |TAMS 0x0000000099800000| PB 0x0000000099800000| Untracked 
| 409|0x0000000099900000, 0x0000000099a00000, 0x0000000099a00000|100%| O|  |TAMS 0x0000000099900000| PB 0x0000000099900000| Untracked 
| 410|0x0000000099a00000, 0x0000000099b00000, 0x0000000099b00000|100%| O|Cm|TAMS 0x0000000099a00000| PB 0x0000000099a00000| Complete 
| 411|0x0000000099b00000, 0x0000000099c00000, 0x0000000099c00000|100%|HS|  |TAMS 0x0000000099b00000| PB 0x0000000099b00000| Complete 
| 412|0x0000000099c00000, 0x0000000099d00000, 0x0000000099d00000|100%|HC|  |TAMS 0x0000000099c00000| PB 0x0000000099c00000| Complete 
| 413|0x0000000099d00000, 0x0000000099e00000, 0x0000000099e00000|100%| O|  |TAMS 0x0000000099d00000| PB 0x0000000099d00000| Untracked 
| 414|0x0000000099e00000, 0x0000000099f00000, 0x0000000099f00000|100%| O|  |TAMS 0x0000000099e00000| PB 0x0000000099e00000| Untracked 
| 415|0x0000000099f00000, 0x000000009a000000, 0x000000009a000000|100%| O|  |TAMS 0x0000000099f00000| PB 0x0000000099f00000| Untracked 
| 416|0x000000009a000000, 0x000000009a100000, 0x000000009a100000|100%| O|  |TAMS 0x000000009a000000| PB 0x000000009a000000| Untracked 
| 417|0x000000009a100000, 0x000000009a200000, 0x000000009a200000|100%| O|  |TAMS 0x000000009a100000| PB 0x000000009a100000| Untracked 
| 418|0x000000009a200000, 0x000000009a300000, 0x000000009a300000|100%| O|  |TAMS 0x000000009a200000| PB 0x000000009a200000| Untracked 
| 419|0x000000009a300000, 0x000000009a400000, 0x000000009a400000|100%| O|  |TAMS 0x000000009a300000| PB 0x000000009a300000| Untracked 
| 420|0x000000009a400000, 0x000000009a500000, 0x000000009a500000|100%| O|  |TAMS 0x000000009a400000| PB 0x000000009a400000| Untracked 
| 421|0x000000009a500000, 0x000000009a600000, 0x000000009a600000|100%| O|  |TAMS 0x000000009a500000| PB 0x000000009a500000| Untracked 
| 422|0x000000009a600000, 0x000000009a700000, 0x000000009a700000|100%| O|  |TAMS 0x000000009a600000| PB 0x000000009a600000| Untracked 
| 423|0x000000009a700000, 0x000000009a800000, 0x000000009a800000|100%| O|  |TAMS 0x000000009a700000| PB 0x000000009a700000| Untracked 
| 424|0x000000009a800000, 0x000000009a900000, 0x000000009a900000|100%| O|  |TAMS 0x000000009a800000| PB 0x000000009a800000| Untracked 
| 425|0x000000009a900000, 0x000000009aa00000, 0x000000009aa00000|100%| O|  |TAMS 0x000000009a900000| PB 0x000000009a900000| Untracked 
| 426|0x000000009aa00000, 0x000000009ab00000, 0x000000009ab00000|100%| O|  |TAMS 0x000000009aa00000| PB 0x000000009aa00000| Untracked 
| 427|0x000000009ab00000, 0x000000009ac00000, 0x000000009ac00000|100%| O|  |TAMS 0x000000009ab00000| PB 0x000000009ab00000| Untracked 
| 428|0x000000009ac00000, 0x000000009ad00000, 0x000000009ad00000|100%| O|  |TAMS 0x000000009ac00000| PB 0x000000009ac00000| Untracked 
| 429|0x000000009ad00000, 0x000000009ae00000, 0x000000009ae00000|100%| O|  |TAMS 0x000000009ad00000| PB 0x000000009ad00000| Untracked 
| 430|0x000000009ae00000, 0x000000009af00000, 0x000000009af00000|100%|HS|  |TAMS 0x000000009ae00000| PB 0x000000009ae00000| Complete 
| 431|0x000000009af00000, 0x000000009b000000, 0x000000009b000000|100%|HC|  |TAMS 0x000000009af00000| PB 0x000000009af00000| Complete 
| 432|0x000000009b000000, 0x000000009b100000, 0x000000009b100000|100%| O|  |TAMS 0x000000009b000000| PB 0x000000009b000000| Untracked 
| 433|0x000000009b100000, 0x000000009b200000, 0x000000009b200000|100%| O|  |TAMS 0x000000009b100000| PB 0x000000009b100000| Untracked 
| 434|0x000000009b200000, 0x000000009b300000, 0x000000009b300000|100%| O|  |TAMS 0x000000009b200000| PB 0x000000009b200000| Untracked 
| 435|0x000000009b300000, 0x000000009b400000, 0x000000009b400000|100%| O|  |TAMS 0x000000009b300000| PB 0x000000009b300000| Untracked 
| 436|0x000000009b400000, 0x000000009b500000, 0x000000009b500000|100%| O|  |TAMS 0x000000009b400000| PB 0x000000009b400000| Untracked 
| 437|0x000000009b500000, 0x000000009b600000, 0x000000009b600000|100%| O|  |TAMS 0x000000009b500000| PB 0x000000009b500000| Untracked 
| 438|0x000000009b600000, 0x000000009b700000, 0x000000009b700000|100%| O|  |TAMS 0x000000009b600000| PB 0x000000009b600000| Untracked 
| 439|0x000000009b700000, 0x000000009b800000, 0x000000009b800000|100%| O|  |TAMS 0x000000009b700000| PB 0x000000009b700000| Untracked 
| 440|0x000000009b800000, 0x000000009b900000, 0x000000009b900000|100%| O|  |TAMS 0x000000009b800000| PB 0x000000009b800000| Untracked 
| 441|0x000000009b900000, 0x000000009ba00000, 0x000000009ba00000|100%| O|  |TAMS 0x000000009b900000| PB 0x000000009b900000| Untracked 
| 442|0x000000009ba00000, 0x000000009bb00000, 0x000000009bb00000|100%| O|  |TAMS 0x000000009ba00000| PB 0x000000009ba00000| Untracked 
| 443|0x000000009bb00000, 0x000000009bc00000, 0x000000009bc00000|100%| O|  |TAMS 0x000000009bb00000| PB 0x000000009bb00000| Untracked 
| 444|0x000000009bc00000, 0x000000009bd00000, 0x000000009bd00000|100%| O|  |TAMS 0x000000009bc00000| PB 0x000000009bc00000| Untracked 
| 445|0x000000009bd00000, 0x000000009be00000, 0x000000009be00000|100%| O|  |TAMS 0x000000009bd00000| PB 0x000000009bd00000| Untracked 
| 446|0x000000009be00000, 0x000000009bf00000, 0x000000009bf00000|100%| O|  |TAMS 0x000000009be00000| PB 0x000000009be00000| Untracked 
| 447|0x000000009bf00000, 0x000000009c000000, 0x000000009c000000|100%| O|  |TAMS 0x000000009bf00000| PB 0x000000009bf00000| Untracked 
| 448|0x000000009c000000, 0x000000009c100000, 0x000000009c100000|100%| O|  |TAMS 0x000000009c000000| PB 0x000000009c000000| Untracked 
| 449|0x000000009c100000, 0x000000009c200000, 0x000000009c200000|100%| O|  |TAMS 0x000000009c100000| PB 0x000000009c100000| Untracked 
| 450|0x000000009c200000, 0x000000009c300000, 0x000000009c300000|100%| O|  |TAMS 0x000000009c200000| PB 0x000000009c200000| Untracked 
| 451|0x000000009c300000, 0x000000009c400000, 0x000000009c400000|100%| O|  |TAMS 0x000000009c300000| PB 0x000000009c300000| Untracked 
| 452|0x000000009c400000, 0x000000009c500000, 0x000000009c500000|100%| O|  |TAMS 0x000000009c400000| PB 0x000000009c400000| Untracked 
| 453|0x000000009c500000, 0x000000009c600000, 0x000000009c600000|100%| O|  |TAMS 0x000000009c500000| PB 0x000000009c500000| Untracked 
| 454|0x000000009c600000, 0x000000009c700000, 0x000000009c700000|100%| O|  |TAMS 0x000000009c600000| PB 0x000000009c600000| Untracked 
| 455|0x000000009c700000, 0x000000009c800000, 0x000000009c800000|100%| O|  |TAMS 0x000000009c700000| PB 0x000000009c700000| Untracked 
| 456|0x000000009c800000, 0x000000009c900000, 0x000000009c900000|100%| O|  |TAMS 0x000000009c800000| PB 0x000000009c800000| Untracked 
| 457|0x000000009c900000, 0x000000009ca00000, 0x000000009ca00000|100%| O|  |TAMS 0x000000009c900000| PB 0x000000009c900000| Untracked 
| 458|0x000000009ca00000, 0x000000009cb00000, 0x000000009cb00000|100%| O|  |TAMS 0x000000009ca00000| PB 0x000000009ca00000| Untracked 
| 459|0x000000009cb00000, 0x000000009cc00000, 0x000000009cc00000|100%| O|  |TAMS 0x000000009cb00000| PB 0x000000009cb00000| Untracked 
| 460|0x000000009cc00000, 0x000000009cd00000, 0x000000009cd00000|100%| O|  |TAMS 0x000000009cc00000| PB 0x000000009cc00000| Untracked 
| 461|0x000000009cd00000, 0x000000009ce00000, 0x000000009ce00000|100%| O|  |TAMS 0x000000009cd00000| PB 0x000000009cd00000| Untracked 
| 462|0x000000009ce00000, 0x000000009cf00000, 0x000000009cf00000|100%| O|  |TAMS 0x000000009ce00000| PB 0x000000009ce00000| Untracked 
| 463|0x000000009cf00000, 0x000000009d000000, 0x000000009d000000|100%| O|  |TAMS 0x000000009cf00000| PB 0x000000009cf00000| Untracked 
| 464|0x000000009d000000, 0x000000009d100000, 0x000000009d100000|100%| O|  |TAMS 0x000000009d000000| PB 0x000000009d000000| Untracked 
| 465|0x000000009d100000, 0x000000009d200000, 0x000000009d200000|100%| O|  |TAMS 0x000000009d100000| PB 0x000000009d100000| Untracked 
| 466|0x000000009d200000, 0x000000009d200000, 0x000000009d300000|  0%| F|  |TAMS 0x000000009d200000| PB 0x000000009d200000| Untracked 
| 467|0x000000009d300000, 0x000000009d400000, 0x000000009d400000|100%| O|  |TAMS 0x000000009d300000| PB 0x000000009d300000| Untracked 
| 468|0x000000009d400000, 0x000000009d500000, 0x000000009d500000|100%| O|  |TAMS 0x000000009d400000| PB 0x000000009d400000| Untracked 
| 469|0x000000009d500000, 0x000000009d600000, 0x000000009d600000|100%| O|  |TAMS 0x000000009d500000| PB 0x000000009d500000| Untracked 
| 470|0x000000009d600000, 0x000000009d700000, 0x000000009d700000|100%| O|  |TAMS 0x000000009d600000| PB 0x000000009d600000| Untracked 
| 471|0x000000009d700000, 0x000000009d800000, 0x000000009d800000|100%| O|  |TAMS 0x000000009d700000| PB 0x000000009d700000| Untracked 
| 472|0x000000009d800000, 0x000000009d900000, 0x000000009d900000|100%| O|  |TAMS 0x000000009d800000| PB 0x000000009d800000| Untracked 
| 473|0x000000009d900000, 0x000000009da00000, 0x000000009da00000|100%| O|  |TAMS 0x000000009d900000| PB 0x000000009d900000| Untracked 
| 474|0x000000009da00000, 0x000000009db00000, 0x000000009db00000|100%| O|  |TAMS 0x000000009da00000| PB 0x000000009da00000| Untracked 
| 475|0x000000009db00000, 0x000000009dc00000, 0x000000009dc00000|100%| O|  |TAMS 0x000000009db00000| PB 0x000000009db00000| Untracked 
| 476|0x000000009dc00000, 0x000000009dd00000, 0x000000009dd00000|100%| O|Cm|TAMS 0x000000009dc00000| PB 0x000000009dc00000| Complete 
| 477|0x000000009dd00000, 0x000000009de00000, 0x000000009de00000|100%| O|Cm|TAMS 0x000000009dd00000| PB 0x000000009dd00000| Complete 
| 478|0x000000009de00000, 0x000000009df00000, 0x000000009df00000|100%| O|  |TAMS 0x000000009de00000| PB 0x000000009de00000| Untracked 
| 479|0x000000009df00000, 0x000000009e000000, 0x000000009e000000|100%| O|  |TAMS 0x000000009df00000| PB 0x000000009df00000| Untracked 
| 480|0x000000009e000000, 0x000000009e100000, 0x000000009e100000|100%| O|  |TAMS 0x000000009e000000| PB 0x000000009e000000| Untracked 
| 481|0x000000009e100000, 0x000000009e200000, 0x000000009e200000|100%|HS|  |TAMS 0x000000009e100000| PB 0x000000009e100000| Complete 
| 482|0x000000009e200000, 0x000000009e300000, 0x000000009e300000|100%|HS|  |TAMS 0x000000009e200000| PB 0x000000009e200000| Complete 
| 483|0x000000009e300000, 0x000000009e400000, 0x000000009e400000|100%| O|  |TAMS 0x000000009e300000| PB 0x000000009e300000| Untracked 
| 484|0x000000009e400000, 0x000000009e500000, 0x000000009e500000|100%| O|  |TAMS 0x000000009e400000| PB 0x000000009e400000| Untracked 
| 485|0x000000009e500000, 0x000000009e5e7630, 0x000000009e600000| 90%| O|  |TAMS 0x000000009e500000| PB 0x000000009e500000| Untracked 
| 486|0x000000009e600000, 0x000000009e700000, 0x000000009e700000|100%|HS|  |TAMS 0x000000009e600000| PB 0x000000009e600000| Complete 
| 487|0x000000009e700000, 0x000000009e700000, 0x000000009e800000|  0%| F|  |TAMS 0x000000009e700000| PB 0x000000009e700000| Untracked 
| 488|0x000000009e800000, 0x000000009e800000, 0x000000009e900000|  0%| F|  |TAMS 0x000000009e800000| PB 0x000000009e800000| Untracked 
| 489|0x000000009e900000, 0x000000009e900000, 0x000000009ea00000|  0%| F|  |TAMS 0x000000009e900000| PB 0x000000009e900000| Untracked 
| 490|0x000000009ea00000, 0x000000009eb00000, 0x000000009eb00000|100%| O|  |TAMS 0x000000009ea00000| PB 0x000000009ea00000| Untracked 
| 491|0x000000009eb00000, 0x000000009eb00000, 0x000000009ec00000|  0%| F|  |TAMS 0x000000009eb00000| PB 0x000000009eb00000| Untracked 
| 492|0x000000009ec00000, 0x000000009ec00000, 0x000000009ed00000|  0%| F|  |TAMS 0x000000009ec00000| PB 0x000000009ec00000| Untracked 
| 493|0x000000009ed00000, 0x000000009ed00000, 0x000000009ee00000|  0%| F|  |TAMS 0x000000009ed00000| PB 0x000000009ed00000| Untracked 
| 494|0x000000009ee00000, 0x000000009ee00000, 0x000000009ef00000|  0%| F|  |TAMS 0x000000009ee00000| PB 0x000000009ee00000| Untracked 
| 495|0x000000009ef00000, 0x000000009ef00000, 0x000000009f000000|  0%| F|  |TAMS 0x000000009ef00000| PB 0x000000009ef00000| Untracked 
| 496|0x000000009f000000, 0x000000009f000000, 0x000000009f100000|  0%| F|  |TAMS 0x000000009f000000| PB 0x000000009f000000| Untracked 
| 497|0x000000009f100000, 0x000000009f100000, 0x000000009f200000|  0%| F|  |TAMS 0x000000009f100000| PB 0x000000009f100000| Untracked 
| 498|0x000000009f200000, 0x000000009f200000, 0x000000009f300000|  0%| F|  |TAMS 0x000000009f200000| PB 0x000000009f200000| Untracked 
| 499|0x000000009f300000, 0x000000009f300000, 0x000000009f400000|  0%| F|  |TAMS 0x000000009f300000| PB 0x000000009f300000| Untracked 
| 500|0x000000009f400000, 0x000000009f400000, 0x000000009f500000|  0%| F|  |TAMS 0x000000009f400000| PB 0x000000009f400000| Untracked 
| 501|0x000000009f500000, 0x000000009f500000, 0x000000009f600000|  0%| F|  |TAMS 0x000000009f500000| PB 0x000000009f500000| Untracked 
| 502|0x000000009f600000, 0x000000009f600000, 0x000000009f700000|  0%| F|  |TAMS 0x000000009f600000| PB 0x000000009f600000| Untracked 
| 503|0x000000009f700000, 0x000000009f700000, 0x000000009f800000|  0%| F|  |TAMS 0x000000009f700000| PB 0x000000009f700000| Untracked 
| 504|0x000000009f800000, 0x000000009f800000, 0x000000009f900000|  0%| F|  |TAMS 0x000000009f800000| PB 0x000000009f800000| Untracked 
| 505|0x000000009f900000, 0x000000009f900000, 0x000000009fa00000|  0%| F|  |TAMS 0x000000009f900000| PB 0x000000009f900000| Untracked 
| 506|0x000000009fa00000, 0x000000009fa00000, 0x000000009fb00000|  0%| F|  |TAMS 0x000000009fa00000| PB 0x000000009fa00000| Untracked 
| 507|0x000000009fb00000, 0x000000009fb00000, 0x000000009fc00000|  0%| F|  |TAMS 0x000000009fb00000| PB 0x000000009fb00000| Untracked 
| 508|0x000000009fc00000, 0x000000009fc00000, 0x000000009fd00000|  0%| F|  |TAMS 0x000000009fc00000| PB 0x000000009fc00000| Untracked 
| 509|0x000000009fd00000, 0x000000009fd00000, 0x000000009fe00000|  0%| F|  |TAMS 0x000000009fd00000| PB 0x000000009fd00000| Untracked 
| 510|0x000000009fe00000, 0x000000009fe00000, 0x000000009ff00000|  0%| F|  |TAMS 0x000000009fe00000| PB 0x000000009fe00000| Untracked 
| 511|0x000000009ff00000, 0x000000009ff00000, 0x00000000a0000000|  0%| F|  |TAMS 0x000000009ff00000| PB 0x000000009ff00000| Untracked 
| 512|0x00000000a0000000, 0x00000000a0000000, 0x00000000a0100000|  0%| F|  |TAMS 0x00000000a0000000| PB 0x00000000a0000000| Untracked 
| 513|0x00000000a0100000, 0x00000000a0100000, 0x00000000a0200000|  0%| F|  |TAMS 0x00000000a0100000| PB 0x00000000a0100000| Untracked 
| 514|0x00000000a0200000, 0x00000000a0300000, 0x00000000a0300000|100%| O|  |TAMS 0x00000000a0200000| PB 0x00000000a0200000| Untracked 
| 515|0x00000000a0300000, 0x00000000a0400000, 0x00000000a0400000|100%| O|  |TAMS 0x00000000a0300000| PB 0x00000000a0300000| Untracked 
| 516|0x00000000a0400000, 0x00000000a0500000, 0x00000000a0500000|100%| O|  |TAMS 0x00000000a0400000| PB 0x00000000a0400000| Untracked 
| 517|0x00000000a0500000, 0x00000000a0500000, 0x00000000a0600000|  0%| F|  |TAMS 0x00000000a0500000| PB 0x00000000a0500000| Untracked 
| 518|0x00000000a0600000, 0x00000000a0600000, 0x00000000a0700000|  0%| F|  |TAMS 0x00000000a0600000| PB 0x00000000a0600000| Untracked 
| 519|0x00000000a0700000, 0x00000000a0700000, 0x00000000a0800000|  0%| F|  |TAMS 0x00000000a0700000| PB 0x00000000a0700000| Untracked 
| 520|0x00000000a0800000, 0x00000000a0800000, 0x00000000a0900000|  0%| F|  |TAMS 0x00000000a0800000| PB 0x00000000a0800000| Untracked 
| 521|0x00000000a0900000, 0x00000000a0900000, 0x00000000a0a00000|  0%| F|  |TAMS 0x00000000a0900000| PB 0x00000000a0900000| Untracked 
| 522|0x00000000a0a00000, 0x00000000a0a00000, 0x00000000a0b00000|  0%| F|  |TAMS 0x00000000a0a00000| PB 0x00000000a0a00000| Untracked 
| 523|0x00000000a0b00000, 0x00000000a0b00000, 0x00000000a0c00000|  0%| F|  |TAMS 0x00000000a0b00000| PB 0x00000000a0b00000| Untracked 
| 524|0x00000000a0c00000, 0x00000000a0c00000, 0x00000000a0d00000|  0%| F|  |TAMS 0x00000000a0c00000| PB 0x00000000a0c00000| Untracked 
| 525|0x00000000a0d00000, 0x00000000a0d00000, 0x00000000a0e00000|  0%| F|  |TAMS 0x00000000a0d00000| PB 0x00000000a0d00000| Untracked 
| 526|0x00000000a0e00000, 0x00000000a0e00000, 0x00000000a0f00000|  0%| F|  |TAMS 0x00000000a0e00000| PB 0x00000000a0e00000| Untracked 
| 527|0x00000000a0f00000, 0x00000000a0f00000, 0x00000000a1000000|  0%| F|  |TAMS 0x00000000a0f00000| PB 0x00000000a0f00000| Untracked 
| 528|0x00000000a1000000, 0x00000000a1000000, 0x00000000a1100000|  0%| F|  |TAMS 0x00000000a1000000| PB 0x00000000a1000000| Untracked 
| 529|0x00000000a1100000, 0x00000000a1100000, 0x00000000a1200000|  0%| F|  |TAMS 0x00000000a1100000| PB 0x00000000a1100000| Untracked 
| 530|0x00000000a1200000, 0x00000000a1200000, 0x00000000a1300000|  0%| F|  |TAMS 0x00000000a1200000| PB 0x00000000a1200000| Untracked 
| 531|0x00000000a1300000, 0x00000000a1300000, 0x00000000a1400000|  0%| F|  |TAMS 0x00000000a1300000| PB 0x00000000a1300000| Untracked 
| 532|0x00000000a1400000, 0x00000000a1400000, 0x00000000a1500000|  0%| F|  |TAMS 0x00000000a1400000| PB 0x00000000a1400000| Untracked 
| 533|0x00000000a1500000, 0x00000000a1500000, 0x00000000a1600000|  0%| F|  |TAMS 0x00000000a1500000| PB 0x00000000a1500000| Untracked 
| 534|0x00000000a1600000, 0x00000000a1600000, 0x00000000a1700000|  0%| F|  |TAMS 0x00000000a1600000| PB 0x00000000a1600000| Untracked 
| 535|0x00000000a1700000, 0x00000000a1700000, 0x00000000a1800000|  0%| F|  |TAMS 0x00000000a1700000| PB 0x00000000a1700000| Untracked 
| 536|0x00000000a1800000, 0x00000000a1800000, 0x00000000a1900000|  0%| F|  |TAMS 0x00000000a1800000| PB 0x00000000a1800000| Untracked 
| 537|0x00000000a1900000, 0x00000000a1900000, 0x00000000a1a00000|  0%| F|  |TAMS 0x00000000a1900000| PB 0x00000000a1900000| Untracked 
| 538|0x00000000a1a00000, 0x00000000a1a00000, 0x00000000a1b00000|  0%| F|  |TAMS 0x00000000a1a00000| PB 0x00000000a1a00000| Untracked 
| 539|0x00000000a1b00000, 0x00000000a1b00000, 0x00000000a1c00000|  0%| F|  |TAMS 0x00000000a1b00000| PB 0x00000000a1b00000| Untracked 
| 540|0x00000000a1c00000, 0x00000000a1c00000, 0x00000000a1d00000|  0%| F|  |TAMS 0x00000000a1c00000| PB 0x00000000a1c00000| Untracked 
| 541|0x00000000a1d00000, 0x00000000a1d00000, 0x00000000a1e00000|  0%| F|  |TAMS 0x00000000a1d00000| PB 0x00000000a1d00000| Untracked 
| 542|0x00000000a1e00000, 0x00000000a1e00000, 0x00000000a1f00000|  0%| F|  |TAMS 0x00000000a1e00000| PB 0x00000000a1e00000| Untracked 
| 543|0x00000000a1f00000, 0x00000000a1f00000, 0x00000000a2000000|  0%| F|  |TAMS 0x00000000a1f00000| PB 0x00000000a1f00000| Untracked 
| 544|0x00000000a2000000, 0x00000000a2000000, 0x00000000a2100000|  0%| F|  |TAMS 0x00000000a2000000| PB 0x00000000a2000000| Untracked 
| 545|0x00000000a2100000, 0x00000000a2100000, 0x00000000a2200000|  0%| F|  |TAMS 0x00000000a2100000| PB 0x00000000a2100000| Untracked 
| 546|0x00000000a2200000, 0x00000000a2200000, 0x00000000a2300000|  0%| F|  |TAMS 0x00000000a2200000| PB 0x00000000a2200000| Untracked 
| 547|0x00000000a2300000, 0x00000000a2300000, 0x00000000a2400000|  0%| F|  |TAMS 0x00000000a2300000| PB 0x00000000a2300000| Untracked 
| 548|0x00000000a2400000, 0x00000000a2400000, 0x00000000a2500000|  0%| F|  |TAMS 0x00000000a2400000| PB 0x00000000a2400000| Untracked 
| 549|0x00000000a2500000, 0x00000000a2500000, 0x00000000a2600000|  0%| F|  |TAMS 0x00000000a2500000| PB 0x00000000a2500000| Untracked 
| 550|0x00000000a2600000, 0x00000000a2600000, 0x00000000a2700000|  0%| F|  |TAMS 0x00000000a2600000| PB 0x00000000a2600000| Untracked 
| 551|0x00000000a2700000, 0x00000000a2700000, 0x00000000a2800000|  0%| F|  |TAMS 0x00000000a2700000| PB 0x00000000a2700000| Untracked 
| 552|0x00000000a2800000, 0x00000000a2800000, 0x00000000a2900000|  0%| F|  |TAMS 0x00000000a2800000| PB 0x00000000a2800000| Untracked 
| 553|0x00000000a2900000, 0x00000000a2900000, 0x00000000a2a00000|  0%| F|  |TAMS 0x00000000a2900000| PB 0x00000000a2900000| Untracked 
| 554|0x00000000a2a00000, 0x00000000a2a00000, 0x00000000a2b00000|  0%| F|  |TAMS 0x00000000a2a00000| PB 0x00000000a2a00000| Untracked 
| 555|0x00000000a2b00000, 0x00000000a2b00000, 0x00000000a2c00000|  0%| F|  |TAMS 0x00000000a2b00000| PB 0x00000000a2b00000| Untracked 
| 556|0x00000000a2c00000, 0x00000000a2c00000, 0x00000000a2d00000|  0%| F|  |TAMS 0x00000000a2c00000| PB 0x00000000a2c00000| Untracked 
| 557|0x00000000a2d00000, 0x00000000a2d00000, 0x00000000a2e00000|  0%| F|  |TAMS 0x00000000a2d00000| PB 0x00000000a2d00000| Untracked 
| 558|0x00000000a2e00000, 0x00000000a2e00000, 0x00000000a2f00000|  0%| F|  |TAMS 0x00000000a2e00000| PB 0x00000000a2e00000| Untracked 
| 559|0x00000000a2f00000, 0x00000000a2f00000, 0x00000000a3000000|  0%| F|  |TAMS 0x00000000a2f00000| PB 0x00000000a2f00000| Untracked 
| 560|0x00000000a3000000, 0x00000000a3000000, 0x00000000a3100000|  0%| F|  |TAMS 0x00000000a3000000| PB 0x00000000a3000000| Untracked 
| 561|0x00000000a3100000, 0x00000000a3100000, 0x00000000a3200000|  0%| F|  |TAMS 0x00000000a3100000| PB 0x00000000a3100000| Untracked 
| 562|0x00000000a3200000, 0x00000000a3200000, 0x00000000a3300000|  0%| F|  |TAMS 0x00000000a3200000| PB 0x00000000a3200000| Untracked 
| 563|0x00000000a3300000, 0x00000000a3300000, 0x00000000a3400000|  0%| F|  |TAMS 0x00000000a3300000| PB 0x00000000a3300000| Untracked 
| 564|0x00000000a3400000, 0x00000000a3400000, 0x00000000a3500000|  0%| F|  |TAMS 0x00000000a3400000| PB 0x00000000a3400000| Untracked 
| 565|0x00000000a3500000, 0x00000000a3500000, 0x00000000a3600000|  0%| F|  |TAMS 0x00000000a3500000| PB 0x00000000a3500000| Untracked 
| 566|0x00000000a3600000, 0x00000000a3600000, 0x00000000a3700000|  0%| F|  |TAMS 0x00000000a3600000| PB 0x00000000a3600000| Untracked 
| 567|0x00000000a3700000, 0x00000000a3700000, 0x00000000a3800000|  0%| F|  |TAMS 0x00000000a3700000| PB 0x00000000a3700000| Untracked 
| 568|0x00000000a3800000, 0x00000000a3800000, 0x00000000a3900000|  0%| F|  |TAMS 0x00000000a3800000| PB 0x00000000a3800000| Untracked 
| 569|0x00000000a3900000, 0x00000000a3900000, 0x00000000a3a00000|  0%| F|  |TAMS 0x00000000a3900000| PB 0x00000000a3900000| Untracked 
| 570|0x00000000a3a00000, 0x00000000a3a00000, 0x00000000a3b00000|  0%| F|  |TAMS 0x00000000a3a00000| PB 0x00000000a3a00000| Untracked 
| 571|0x00000000a3b00000, 0x00000000a3b00000, 0x00000000a3c00000|  0%| F|  |TAMS 0x00000000a3b00000| PB 0x00000000a3b00000| Untracked 
| 572|0x00000000a3c00000, 0x00000000a3c00000, 0x00000000a3d00000|  0%| F|  |TAMS 0x00000000a3c00000| PB 0x00000000a3c00000| Untracked 
| 573|0x00000000a3d00000, 0x00000000a3d00000, 0x00000000a3e00000|  0%| F|  |TAMS 0x00000000a3d00000| PB 0x00000000a3d00000| Untracked 
| 574|0x00000000a3e00000, 0x00000000a3e00000, 0x00000000a3f00000|  0%| F|  |TAMS 0x00000000a3e00000| PB 0x00000000a3e00000| Untracked 
| 575|0x00000000a3f00000, 0x00000000a3f00000, 0x00000000a4000000|  0%| F|  |TAMS 0x00000000a3f00000| PB 0x00000000a3f00000| Untracked 
| 576|0x00000000a4000000, 0x00000000a4000000, 0x00000000a4100000|  0%| F|  |TAMS 0x00000000a4000000| PB 0x00000000a4000000| Untracked 
| 577|0x00000000a4100000, 0x00000000a4100000, 0x00000000a4200000|  0%| F|  |TAMS 0x00000000a4100000| PB 0x00000000a4100000| Untracked 
| 578|0x00000000a4200000, 0x00000000a4200000, 0x00000000a4300000|  0%| F|  |TAMS 0x00000000a4200000| PB 0x00000000a4200000| Untracked 
| 579|0x00000000a4300000, 0x00000000a4300000, 0x00000000a4400000|  0%| F|  |TAMS 0x00000000a4300000| PB 0x00000000a4300000| Untracked 
| 580|0x00000000a4400000, 0x00000000a4400000, 0x00000000a4500000|  0%| F|  |TAMS 0x00000000a4400000| PB 0x00000000a4400000| Untracked 
| 581|0x00000000a4500000, 0x00000000a4500000, 0x00000000a4600000|  0%| F|  |TAMS 0x00000000a4500000| PB 0x00000000a4500000| Untracked 
| 582|0x00000000a4600000, 0x00000000a4600000, 0x00000000a4700000|  0%| F|  |TAMS 0x00000000a4600000| PB 0x00000000a4600000| Untracked 
| 583|0x00000000a4700000, 0x00000000a4700000, 0x00000000a4800000|  0%| F|  |TAMS 0x00000000a4700000| PB 0x00000000a4700000| Untracked 
| 584|0x00000000a4800000, 0x00000000a4800000, 0x00000000a4900000|  0%| F|  |TAMS 0x00000000a4800000| PB 0x00000000a4800000| Untracked 
| 585|0x00000000a4900000, 0x00000000a4900000, 0x00000000a4a00000|  0%| F|  |TAMS 0x00000000a4900000| PB 0x00000000a4900000| Untracked 
| 586|0x00000000a4a00000, 0x00000000a4a00000, 0x00000000a4b00000|  0%| F|  |TAMS 0x00000000a4a00000| PB 0x00000000a4a00000| Untracked 
| 587|0x00000000a4b00000, 0x00000000a4b00000, 0x00000000a4c00000|  0%| F|  |TAMS 0x00000000a4b00000| PB 0x00000000a4b00000| Untracked 
| 588|0x00000000a4c00000, 0x00000000a4c00000, 0x00000000a4d00000|  0%| F|  |TAMS 0x00000000a4c00000| PB 0x00000000a4c00000| Untracked 
| 589|0x00000000a4d00000, 0x00000000a4d00000, 0x00000000a4e00000|  0%| F|  |TAMS 0x00000000a4d00000| PB 0x00000000a4d00000| Untracked 
| 590|0x00000000a4e00000, 0x00000000a4e00000, 0x00000000a4f00000|  0%| F|  |TAMS 0x00000000a4e00000| PB 0x00000000a4e00000| Untracked 
| 591|0x00000000a4f00000, 0x00000000a4f00000, 0x00000000a5000000|  0%| F|  |TAMS 0x00000000a4f00000| PB 0x00000000a4f00000| Untracked 
| 592|0x00000000a5000000, 0x00000000a5000000, 0x00000000a5100000|  0%| F|  |TAMS 0x00000000a5000000| PB 0x00000000a5000000| Untracked 
| 593|0x00000000a5100000, 0x00000000a5100000, 0x00000000a5200000|  0%| F|  |TAMS 0x00000000a5100000| PB 0x00000000a5100000| Untracked 
| 594|0x00000000a5200000, 0x00000000a5200000, 0x00000000a5300000|  0%| F|  |TAMS 0x00000000a5200000| PB 0x00000000a5200000| Untracked 
| 595|0x00000000a5300000, 0x00000000a5300000, 0x00000000a5400000|  0%| F|  |TAMS 0x00000000a5300000| PB 0x00000000a5300000| Untracked 
| 596|0x00000000a5400000, 0x00000000a5400000, 0x00000000a5500000|  0%| F|  |TAMS 0x00000000a5400000| PB 0x00000000a5400000| Untracked 
| 597|0x00000000a5500000, 0x00000000a5500000, 0x00000000a5600000|  0%| F|  |TAMS 0x00000000a5500000| PB 0x00000000a5500000| Untracked 
| 598|0x00000000a5600000, 0x00000000a5600000, 0x00000000a5700000|  0%| F|  |TAMS 0x00000000a5600000| PB 0x00000000a5600000| Untracked 
| 599|0x00000000a5700000, 0x00000000a5700000, 0x00000000a5800000|  0%| F|  |TAMS 0x00000000a5700000| PB 0x00000000a5700000| Untracked 
| 600|0x00000000a5800000, 0x00000000a5800000, 0x00000000a5900000|  0%| F|  |TAMS 0x00000000a5800000| PB 0x00000000a5800000| Untracked 
| 601|0x00000000a5900000, 0x00000000a5900000, 0x00000000a5a00000|  0%| F|  |TAMS 0x00000000a5900000| PB 0x00000000a5900000| Untracked 
| 602|0x00000000a5a00000, 0x00000000a5a00000, 0x00000000a5b00000|  0%| F|  |TAMS 0x00000000a5a00000| PB 0x00000000a5a00000| Untracked 
| 603|0x00000000a5b00000, 0x00000000a5b00000, 0x00000000a5c00000|  0%| F|  |TAMS 0x00000000a5b00000| PB 0x00000000a5b00000| Untracked 
| 604|0x00000000a5c00000, 0x00000000a5c00000, 0x00000000a5d00000|  0%| F|  |TAMS 0x00000000a5c00000| PB 0x00000000a5c00000| Untracked 
| 605|0x00000000a5d00000, 0x00000000a5d00000, 0x00000000a5e00000|  0%| F|  |TAMS 0x00000000a5d00000| PB 0x00000000a5d00000| Untracked 
| 606|0x00000000a5e00000, 0x00000000a5e00000, 0x00000000a5f00000|  0%| F|  |TAMS 0x00000000a5e00000| PB 0x00000000a5e00000| Untracked 
| 607|0x00000000a5f00000, 0x00000000a5f00000, 0x00000000a6000000|  0%| F|  |TAMS 0x00000000a5f00000| PB 0x00000000a5f00000| Untracked 
| 608|0x00000000a6000000, 0x00000000a6000000, 0x00000000a6100000|  0%| F|  |TAMS 0x00000000a6000000| PB 0x00000000a6000000| Untracked 
| 609|0x00000000a6100000, 0x00000000a6100000, 0x00000000a6200000|  0%| F|  |TAMS 0x00000000a6100000| PB 0x00000000a6100000| Untracked 
| 610|0x00000000a6200000, 0x00000000a6200000, 0x00000000a6300000|  0%| F|  |TAMS 0x00000000a6200000| PB 0x00000000a6200000| Untracked 
| 611|0x00000000a6300000, 0x00000000a6300000, 0x00000000a6400000|  0%| F|  |TAMS 0x00000000a6300000| PB 0x00000000a6300000| Untracked 
| 612|0x00000000a6400000, 0x00000000a6400000, 0x00000000a6500000|  0%| F|  |TAMS 0x00000000a6400000| PB 0x00000000a6400000| Untracked 
| 613|0x00000000a6500000, 0x00000000a6500000, 0x00000000a6600000|  0%| F|  |TAMS 0x00000000a6500000| PB 0x00000000a6500000| Untracked 
| 614|0x00000000a6600000, 0x00000000a6600000, 0x00000000a6700000|  0%| F|  |TAMS 0x00000000a6600000| PB 0x00000000a6600000| Untracked 
| 615|0x00000000a6700000, 0x00000000a6700000, 0x00000000a6800000|  0%| F|  |TAMS 0x00000000a6700000| PB 0x00000000a6700000| Untracked 
| 616|0x00000000a6800000, 0x00000000a6800000, 0x00000000a6900000|  0%| F|  |TAMS 0x00000000a6800000| PB 0x00000000a6800000| Untracked 
| 617|0x00000000a6900000, 0x00000000a6900000, 0x00000000a6a00000|  0%| F|  |TAMS 0x00000000a6900000| PB 0x00000000a6900000| Untracked 
| 618|0x00000000a6a00000, 0x00000000a6a00000, 0x00000000a6b00000|  0%| F|  |TAMS 0x00000000a6a00000| PB 0x00000000a6a00000| Untracked 
| 619|0x00000000a6b00000, 0x00000000a6b00000, 0x00000000a6c00000|  0%| F|  |TAMS 0x00000000a6b00000| PB 0x00000000a6b00000| Untracked 
| 620|0x00000000a6c00000, 0x00000000a6c00000, 0x00000000a6d00000|  0%| F|  |TAMS 0x00000000a6c00000| PB 0x00000000a6c00000| Untracked 
| 621|0x00000000a6d00000, 0x00000000a6d00000, 0x00000000a6e00000|  0%| F|  |TAMS 0x00000000a6d00000| PB 0x00000000a6d00000| Untracked 
| 622|0x00000000a6e00000, 0x00000000a6e00000, 0x00000000a6f00000|  0%| F|  |TAMS 0x00000000a6e00000| PB 0x00000000a6e00000| Untracked 
| 623|0x00000000a6f00000, 0x00000000a6f00000, 0x00000000a7000000|  0%| F|  |TAMS 0x00000000a6f00000| PB 0x00000000a6f00000| Untracked 
| 624|0x00000000a7000000, 0x00000000a7000000, 0x00000000a7100000|  0%| F|  |TAMS 0x00000000a7000000| PB 0x00000000a7000000| Untracked 
| 625|0x00000000a7100000, 0x00000000a7100000, 0x00000000a7200000|  0%| F|  |TAMS 0x00000000a7100000| PB 0x00000000a7100000| Untracked 
| 626|0x00000000a7200000, 0x00000000a7200000, 0x00000000a7300000|  0%| F|  |TAMS 0x00000000a7200000| PB 0x00000000a7200000| Untracked 
| 627|0x00000000a7300000, 0x00000000a7300000, 0x00000000a7400000|  0%| F|  |TAMS 0x00000000a7300000| PB 0x00000000a7300000| Untracked 
| 628|0x00000000a7400000, 0x00000000a7400000, 0x00000000a7500000|  0%| F|  |TAMS 0x00000000a7400000| PB 0x00000000a7400000| Untracked 
| 629|0x00000000a7500000, 0x00000000a7500000, 0x00000000a7600000|  0%| F|  |TAMS 0x00000000a7500000| PB 0x00000000a7500000| Untracked 
| 630|0x00000000a7600000, 0x00000000a7600000, 0x00000000a7700000|  0%| F|  |TAMS 0x00000000a7600000| PB 0x00000000a7600000| Untracked 
| 631|0x00000000a7700000, 0x00000000a7700000, 0x00000000a7800000|  0%| F|  |TAMS 0x00000000a7700000| PB 0x00000000a7700000| Untracked 
| 632|0x00000000a7800000, 0x00000000a7800000, 0x00000000a7900000|  0%| F|  |TAMS 0x00000000a7800000| PB 0x00000000a7800000| Untracked 
| 633|0x00000000a7900000, 0x00000000a7900000, 0x00000000a7a00000|  0%| F|  |TAMS 0x00000000a7900000| PB 0x00000000a7900000| Untracked 
| 634|0x00000000a7a00000, 0x00000000a7a00000, 0x00000000a7b00000|  0%| F|  |TAMS 0x00000000a7a00000| PB 0x00000000a7a00000| Untracked 
| 635|0x00000000a7b00000, 0x00000000a7b00000, 0x00000000a7c00000|  0%| F|  |TAMS 0x00000000a7b00000| PB 0x00000000a7b00000| Untracked 
| 636|0x00000000a7c00000, 0x00000000a7c00000, 0x00000000a7d00000|  0%| F|  |TAMS 0x00000000a7c00000| PB 0x00000000a7c00000| Untracked 
| 637|0x00000000a7d00000, 0x00000000a7d00000, 0x00000000a7e00000|  0%| F|  |TAMS 0x00000000a7d00000| PB 0x00000000a7d00000| Untracked 
| 638|0x00000000a7e00000, 0x00000000a7e00000, 0x00000000a7f00000|  0%| F|  |TAMS 0x00000000a7e00000| PB 0x00000000a7e00000| Untracked 
| 639|0x00000000a7f00000, 0x00000000a7f00000, 0x00000000a8000000|  0%| F|  |TAMS 0x00000000a7f00000| PB 0x00000000a7f00000| Untracked 
| 640|0x00000000a8000000, 0x00000000a8000000, 0x00000000a8100000|  0%| F|  |TAMS 0x00000000a8000000| PB 0x00000000a8000000| Untracked 
| 641|0x00000000a8100000, 0x00000000a8100000, 0x00000000a8200000|  0%| F|  |TAMS 0x00000000a8100000| PB 0x00000000a8100000| Untracked 
| 642|0x00000000a8200000, 0x00000000a8200000, 0x00000000a8300000|  0%| F|  |TAMS 0x00000000a8200000| PB 0x00000000a8200000| Untracked 
| 643|0x00000000a8300000, 0x00000000a8300000, 0x00000000a8400000|  0%| F|  |TAMS 0x00000000a8300000| PB 0x00000000a8300000| Untracked 
| 644|0x00000000a8400000, 0x00000000a8400000, 0x00000000a8500000|  0%| F|  |TAMS 0x00000000a8400000| PB 0x00000000a8400000| Untracked 
| 645|0x00000000a8500000, 0x00000000a8500000, 0x00000000a8600000|  0%| F|  |TAMS 0x00000000a8500000| PB 0x00000000a8500000| Untracked 
| 646|0x00000000a8600000, 0x00000000a8600000, 0x00000000a8700000|  0%| F|  |TAMS 0x00000000a8600000| PB 0x00000000a8600000| Untracked 
| 647|0x00000000a8700000, 0x00000000a8700000, 0x00000000a8800000|  0%| F|  |TAMS 0x00000000a8700000| PB 0x00000000a8700000| Untracked 
| 648|0x00000000a8800000, 0x00000000a8800000, 0x00000000a8900000|  0%| F|  |TAMS 0x00000000a8800000| PB 0x00000000a8800000| Untracked 
| 649|0x00000000a8900000, 0x00000000a8900000, 0x00000000a8a00000|  0%| F|  |TAMS 0x00000000a8900000| PB 0x00000000a8900000| Untracked 
| 650|0x00000000a8a00000, 0x00000000a8a00000, 0x00000000a8b00000|  0%| F|  |TAMS 0x00000000a8a00000| PB 0x00000000a8a00000| Untracked 
| 651|0x00000000a8b00000, 0x00000000a8b00000, 0x00000000a8c00000|  0%| F|  |TAMS 0x00000000a8b00000| PB 0x00000000a8b00000| Untracked 
| 652|0x00000000a8c00000, 0x00000000a8c00000, 0x00000000a8d00000|  0%| F|  |TAMS 0x00000000a8c00000| PB 0x00000000a8c00000| Untracked 
| 653|0x00000000a8d00000, 0x00000000a8d00000, 0x00000000a8e00000|  0%| F|  |TAMS 0x00000000a8d00000| PB 0x00000000a8d00000| Untracked 
| 654|0x00000000a8e00000, 0x00000000a8e00000, 0x00000000a8f00000|  0%| F|  |TAMS 0x00000000a8e00000| PB 0x00000000a8e00000| Untracked 
| 655|0x00000000a8f00000, 0x00000000a8f00000, 0x00000000a9000000|  0%| F|  |TAMS 0x00000000a8f00000| PB 0x00000000a8f00000| Untracked 
| 656|0x00000000a9000000, 0x00000000a9000000, 0x00000000a9100000|  0%| F|  |TAMS 0x00000000a9000000| PB 0x00000000a9000000| Untracked 
| 657|0x00000000a9100000, 0x00000000a9100000, 0x00000000a9200000|  0%| F|  |TAMS 0x00000000a9100000| PB 0x00000000a9100000| Untracked 
| 658|0x00000000a9200000, 0x00000000a9200000, 0x00000000a9300000|  0%| F|  |TAMS 0x00000000a9200000| PB 0x00000000a9200000| Untracked 
| 659|0x00000000a9300000, 0x00000000a9300000, 0x00000000a9400000|  0%| F|  |TAMS 0x00000000a9300000| PB 0x00000000a9300000| Untracked 
| 660|0x00000000a9400000, 0x00000000a9400000, 0x00000000a9500000|  0%| F|  |TAMS 0x00000000a9400000| PB 0x00000000a9400000| Untracked 
| 661|0x00000000a9500000, 0x00000000a9500000, 0x00000000a9600000|  0%| F|  |TAMS 0x00000000a9500000| PB 0x00000000a9500000| Untracked 
| 662|0x00000000a9600000, 0x00000000a9600000, 0x00000000a9700000|  0%| F|  |TAMS 0x00000000a9600000| PB 0x00000000a9600000| Untracked 
| 663|0x00000000a9700000, 0x00000000a9700000, 0x00000000a9800000|  0%| F|  |TAMS 0x00000000a9700000| PB 0x00000000a9700000| Untracked 
| 664|0x00000000a9800000, 0x00000000a9800000, 0x00000000a9900000|  0%| F|  |TAMS 0x00000000a9800000| PB 0x00000000a9800000| Untracked 
| 665|0x00000000a9900000, 0x00000000a9900000, 0x00000000a9a00000|  0%| F|  |TAMS 0x00000000a9900000| PB 0x00000000a9900000| Untracked 
| 666|0x00000000a9a00000, 0x00000000a9a00000, 0x00000000a9b00000|  0%| F|  |TAMS 0x00000000a9a00000| PB 0x00000000a9a00000| Untracked 
| 667|0x00000000a9b00000, 0x00000000a9b00000, 0x00000000a9c00000|  0%| F|  |TAMS 0x00000000a9b00000| PB 0x00000000a9b00000| Untracked 
| 668|0x00000000a9c00000, 0x00000000a9c00000, 0x00000000a9d00000|  0%| F|  |TAMS 0x00000000a9c00000| PB 0x00000000a9c00000| Untracked 
| 669|0x00000000a9d00000, 0x00000000a9d00000, 0x00000000a9e00000|  0%| F|  |TAMS 0x00000000a9d00000| PB 0x00000000a9d00000| Untracked 
| 670|0x00000000a9e00000, 0x00000000a9e00000, 0x00000000a9f00000|  0%| F|  |TAMS 0x00000000a9e00000| PB 0x00000000a9e00000| Untracked 
| 671|0x00000000a9f00000, 0x00000000a9f00000, 0x00000000aa000000|  0%| F|  |TAMS 0x00000000a9f00000| PB 0x00000000a9f00000| Untracked 
| 672|0x00000000aa000000, 0x00000000aa000000, 0x00000000aa100000|  0%| F|  |TAMS 0x00000000aa000000| PB 0x00000000aa000000| Untracked 
| 673|0x00000000aa100000, 0x00000000aa100000, 0x00000000aa200000|  0%| F|  |TAMS 0x00000000aa100000| PB 0x00000000aa100000| Untracked 
| 674|0x00000000aa200000, 0x00000000aa200000, 0x00000000aa300000|  0%| F|  |TAMS 0x00000000aa200000| PB 0x00000000aa200000| Untracked 
| 675|0x00000000aa300000, 0x00000000aa300000, 0x00000000aa400000|  0%| F|  |TAMS 0x00000000aa300000| PB 0x00000000aa300000| Untracked 
| 676|0x00000000aa400000, 0x00000000aa400000, 0x00000000aa500000|  0%| F|  |TAMS 0x00000000aa400000| PB 0x00000000aa400000| Untracked 
| 677|0x00000000aa500000, 0x00000000aa500000, 0x00000000aa600000|  0%| F|  |TAMS 0x00000000aa500000| PB 0x00000000aa500000| Untracked 
| 678|0x00000000aa600000, 0x00000000aa600000, 0x00000000aa700000|  0%| F|  |TAMS 0x00000000aa600000| PB 0x00000000aa600000| Untracked 
| 679|0x00000000aa700000, 0x00000000aa700000, 0x00000000aa800000|  0%| F|  |TAMS 0x00000000aa700000| PB 0x00000000aa700000| Untracked 
| 680|0x00000000aa800000, 0x00000000aa800000, 0x00000000aa900000|  0%| F|  |TAMS 0x00000000aa800000| PB 0x00000000aa800000| Untracked 
| 681|0x00000000aa900000, 0x00000000aa900000, 0x00000000aaa00000|  0%| F|  |TAMS 0x00000000aa900000| PB 0x00000000aa900000| Untracked 
| 682|0x00000000aaa00000, 0x00000000aaa00000, 0x00000000aab00000|  0%| F|  |TAMS 0x00000000aaa00000| PB 0x00000000aaa00000| Untracked 
| 683|0x00000000aab00000, 0x00000000aab00000, 0x00000000aac00000|  0%| F|  |TAMS 0x00000000aab00000| PB 0x00000000aab00000| Untracked 
| 684|0x00000000aac00000, 0x00000000aac00000, 0x00000000aad00000|  0%| F|  |TAMS 0x00000000aac00000| PB 0x00000000aac00000| Untracked 
| 685|0x00000000aad00000, 0x00000000aad00000, 0x00000000aae00000|  0%| F|  |TAMS 0x00000000aad00000| PB 0x00000000aad00000| Untracked 
| 686|0x00000000aae00000, 0x00000000aae00000, 0x00000000aaf00000|  0%| F|  |TAMS 0x00000000aae00000| PB 0x00000000aae00000| Untracked 
| 687|0x00000000aaf00000, 0x00000000aaf00000, 0x00000000ab000000|  0%| F|  |TAMS 0x00000000aaf00000| PB 0x00000000aaf00000| Untracked 
| 688|0x00000000ab000000, 0x00000000ab000000, 0x00000000ab100000|  0%| F|  |TAMS 0x00000000ab000000| PB 0x00000000ab000000| Untracked 
| 689|0x00000000ab100000, 0x00000000ab100000, 0x00000000ab200000|  0%| F|  |TAMS 0x00000000ab100000| PB 0x00000000ab100000| Untracked 
| 690|0x00000000ab200000, 0x00000000ab200000, 0x00000000ab300000|  0%| F|  |TAMS 0x00000000ab200000| PB 0x00000000ab200000| Untracked 
| 691|0x00000000ab300000, 0x00000000ab300000, 0x00000000ab400000|  0%| F|  |TAMS 0x00000000ab300000| PB 0x00000000ab300000| Untracked 
| 692|0x00000000ab400000, 0x00000000ab400000, 0x00000000ab500000|  0%| F|  |TAMS 0x00000000ab400000| PB 0x00000000ab400000| Untracked 
| 693|0x00000000ab500000, 0x00000000ab500000, 0x00000000ab600000|  0%| F|  |TAMS 0x00000000ab500000| PB 0x00000000ab500000| Untracked 
| 694|0x00000000ab600000, 0x00000000ab600000, 0x00000000ab700000|  0%| F|  |TAMS 0x00000000ab600000| PB 0x00000000ab600000| Untracked 
| 695|0x00000000ab700000, 0x00000000ab700000, 0x00000000ab800000|  0%| F|  |TAMS 0x00000000ab700000| PB 0x00000000ab700000| Untracked 
| 696|0x00000000ab800000, 0x00000000ab800000, 0x00000000ab900000|  0%| F|  |TAMS 0x00000000ab800000| PB 0x00000000ab800000| Untracked 
| 697|0x00000000ab900000, 0x00000000ab980000, 0x00000000aba00000| 50%| E|  |TAMS 0x00000000ab900000| PB 0x00000000ab900000| Complete 
| 698|0x00000000aba00000, 0x00000000abb00000, 0x00000000abb00000|100%| E|CS|TAMS 0x00000000aba00000| PB 0x00000000aba00000| Complete 
| 699|0x00000000abb00000, 0x00000000abc00000, 0x00000000abc00000|100%| E|CS|TAMS 0x00000000abb00000| PB 0x00000000abb00000| Complete 
| 700|0x00000000abc00000, 0x00000000abd00000, 0x00000000abd00000|100%| E|CS|TAMS 0x00000000abc00000| PB 0x00000000abc00000| Complete 
| 701|0x00000000abd00000, 0x00000000abe00000, 0x00000000abe00000|100%| E|CS|TAMS 0x00000000abd00000| PB 0x00000000abd00000| Complete 
| 702|0x00000000abe00000, 0x00000000abf00000, 0x00000000abf00000|100%| E|CS|TAMS 0x00000000abe00000| PB 0x00000000abe00000| Complete 
| 703|0x00000000abf00000, 0x00000000ac000000, 0x00000000ac000000|100%| E|CS|TAMS 0x00000000abf00000| PB 0x00000000abf00000| Complete 
| 704|0x00000000ac000000, 0x00000000ac100000, 0x00000000ac100000|100%| E|CS|TAMS 0x00000000ac000000| PB 0x00000000ac000000| Complete 
| 705|0x00000000ac100000, 0x00000000ac200000, 0x00000000ac200000|100%| E|CS|TAMS 0x00000000ac100000| PB 0x00000000ac100000| Complete 
| 706|0x00000000ac200000, 0x00000000ac300000, 0x00000000ac300000|100%| E|CS|TAMS 0x00000000ac200000| PB 0x00000000ac200000| Complete 
| 707|0x00000000ac300000, 0x00000000ac400000, 0x00000000ac400000|100%| E|CS|TAMS 0x00000000ac300000| PB 0x00000000ac300000| Complete 
| 708|0x00000000ac400000, 0x00000000ac500000, 0x00000000ac500000|100%| E|CS|TAMS 0x00000000ac400000| PB 0x00000000ac400000| Complete 
| 709|0x00000000ac500000, 0x00000000ac600000, 0x00000000ac600000|100%| E|CS|TAMS 0x00000000ac500000| PB 0x00000000ac500000| Complete 
| 710|0x00000000ac600000, 0x00000000ac700000, 0x00000000ac700000|100%| E|CS|TAMS 0x00000000ac600000| PB 0x00000000ac600000| Complete 
| 711|0x00000000ac700000, 0x00000000ac800000, 0x00000000ac800000|100%| E|CS|TAMS 0x00000000ac700000| PB 0x00000000ac700000| Complete 
| 712|0x00000000ac800000, 0x00000000ac900000, 0x00000000ac900000|100%| E|CS|TAMS 0x00000000ac800000| PB 0x00000000ac800000| Complete 
| 713|0x00000000ac900000, 0x00000000aca00000, 0x00000000aca00000|100%| E|CS|TAMS 0x00000000ac900000| PB 0x00000000ac900000| Complete 
| 714|0x00000000aca00000, 0x00000000acb00000, 0x00000000acb00000|100%| E|CS|TAMS 0x00000000aca00000| PB 0x00000000aca00000| Complete 
| 715|0x00000000acb00000, 0x00000000acc00000, 0x00000000acc00000|100%| E|CS|TAMS 0x00000000acb00000| PB 0x00000000acb00000| Complete 
| 716|0x00000000acc00000, 0x00000000acd00000, 0x00000000acd00000|100%| E|CS|TAMS 0x00000000acc00000| PB 0x00000000acc00000| Complete 
| 717|0x00000000acd00000, 0x00000000ace00000, 0x00000000ace00000|100%| E|CS|TAMS 0x00000000acd00000| PB 0x00000000acd00000| Complete 
| 718|0x00000000ace00000, 0x00000000acf00000, 0x00000000acf00000|100%| E|CS|TAMS 0x00000000ace00000| PB 0x00000000ace00000| Complete 
| 719|0x00000000acf00000, 0x00000000ad000000, 0x00000000ad000000|100%| E|CS|TAMS 0x00000000acf00000| PB 0x00000000acf00000| Complete 
| 720|0x00000000ad000000, 0x00000000ad100000, 0x00000000ad100000|100%| E|CS|TAMS 0x00000000ad000000| PB 0x00000000ad000000| Complete 
| 721|0x00000000ad100000, 0x00000000ad200000, 0x00000000ad200000|100%| E|CS|TAMS 0x00000000ad100000| PB 0x00000000ad100000| Complete 
| 722|0x00000000ad200000, 0x00000000ad300000, 0x00000000ad300000|100%| E|CS|TAMS 0x00000000ad200000| PB 0x00000000ad200000| Complete 
| 723|0x00000000ad300000, 0x00000000ad400000, 0x00000000ad400000|100%| E|CS|TAMS 0x00000000ad300000| PB 0x00000000ad300000| Complete 
| 724|0x00000000ad400000, 0x00000000ad500000, 0x00000000ad500000|100%| E|CS|TAMS 0x00000000ad400000| PB 0x00000000ad400000| Complete 
| 725|0x00000000ad500000, 0x00000000ad600000, 0x00000000ad600000|100%| E|CS|TAMS 0x00000000ad500000| PB 0x00000000ad500000| Complete 
| 726|0x00000000ad600000, 0x00000000ad700000, 0x00000000ad700000|100%| E|CS|TAMS 0x00000000ad600000| PB 0x00000000ad600000| Complete 
| 727|0x00000000ad700000, 0x00000000ad800000, 0x00000000ad800000|100%| E|CS|TAMS 0x00000000ad700000| PB 0x00000000ad700000| Complete 
| 728|0x00000000ad800000, 0x00000000ad900000, 0x00000000ad900000|100%| E|CS|TAMS 0x00000000ad800000| PB 0x00000000ad800000| Complete 
| 729|0x00000000ad900000, 0x00000000ada00000, 0x00000000ada00000|100%| E|CS|TAMS 0x00000000ad900000| PB 0x00000000ad900000| Complete 
| 730|0x00000000ada00000, 0x00000000adb00000, 0x00000000adb00000|100%| E|CS|TAMS 0x00000000ada00000| PB 0x00000000ada00000| Complete 
| 731|0x00000000adb00000, 0x00000000adc00000, 0x00000000adc00000|100%| E|CS|TAMS 0x00000000adb00000| PB 0x00000000adb00000| Complete 
| 732|0x00000000adc00000, 0x00000000add00000, 0x00000000add00000|100%| E|CS|TAMS 0x00000000adc00000| PB 0x00000000adc00000| Complete 
| 733|0x00000000add00000, 0x00000000ade00000, 0x00000000ade00000|100%| E|CS|TAMS 0x00000000add00000| PB 0x00000000add00000| Complete 
| 734|0x00000000ade00000, 0x00000000adf00000, 0x00000000adf00000|100%| E|CS|TAMS 0x00000000ade00000| PB 0x00000000ade00000| Complete 
| 735|0x00000000adf00000, 0x00000000ae000000, 0x00000000ae000000|100%| E|CS|TAMS 0x00000000adf00000| PB 0x00000000adf00000| Complete 
| 736|0x00000000ae000000, 0x00000000ae100000, 0x00000000ae100000|100%| E|CS|TAMS 0x00000000ae000000| PB 0x00000000ae000000| Complete 
| 737|0x00000000ae100000, 0x00000000ae200000, 0x00000000ae200000|100%| E|CS|TAMS 0x00000000ae100000| PB 0x00000000ae100000| Complete 
| 738|0x00000000ae200000, 0x00000000ae300000, 0x00000000ae300000|100%| E|CS|TAMS 0x00000000ae200000| PB 0x00000000ae200000| Complete 
| 739|0x00000000ae300000, 0x00000000ae400000, 0x00000000ae400000|100%| E|CS|TAMS 0x00000000ae300000| PB 0x00000000ae300000| Complete 
| 740|0x00000000ae400000, 0x00000000ae500000, 0x00000000ae500000|100%| E|CS|TAMS 0x00000000ae400000| PB 0x00000000ae400000| Complete 
| 741|0x00000000ae500000, 0x00000000ae600000, 0x00000000ae600000|100%| E|CS|TAMS 0x00000000ae500000| PB 0x00000000ae500000| Complete 
| 742|0x00000000ae600000, 0x00000000ae700000, 0x00000000ae700000|100%| E|CS|TAMS 0x00000000ae600000| PB 0x00000000ae600000| Complete 
| 743|0x00000000ae700000, 0x00000000ae800000, 0x00000000ae800000|100%| E|CS|TAMS 0x00000000ae700000| PB 0x00000000ae700000| Complete 
| 744|0x00000000ae800000, 0x00000000ae900000, 0x00000000ae900000|100%| E|CS|TAMS 0x00000000ae800000| PB 0x00000000ae800000| Complete 
| 745|0x00000000ae900000, 0x00000000aea00000, 0x00000000aea00000|100%| E|CS|TAMS 0x00000000ae900000| PB 0x00000000ae900000| Complete 
| 746|0x00000000aea00000, 0x00000000aeb00000, 0x00000000aeb00000|100%| E|CS|TAMS 0x00000000aea00000| PB 0x00000000aea00000| Complete 
| 747|0x00000000aeb00000, 0x00000000aec00000, 0x00000000aec00000|100%| E|CS|TAMS 0x00000000aeb00000| PB 0x00000000aeb00000| Complete 
| 748|0x00000000aec00000, 0x00000000aed00000, 0x00000000aed00000|100%| E|CS|TAMS 0x00000000aec00000| PB 0x00000000aec00000| Complete 
| 749|0x00000000aed00000, 0x00000000aee00000, 0x00000000aee00000|100%| E|CS|TAMS 0x00000000aed00000| PB 0x00000000aed00000| Complete 
| 750|0x00000000aee00000, 0x00000000aef00000, 0x00000000aef00000|100%| E|CS|TAMS 0x00000000aee00000| PB 0x00000000aee00000| Complete 
| 751|0x00000000aef00000, 0x00000000af000000, 0x00000000af000000|100%| E|CS|TAMS 0x00000000aef00000| PB 0x00000000aef00000| Complete 
| 752|0x00000000af000000, 0x00000000af100000, 0x00000000af100000|100%| E|CS|TAMS 0x00000000af000000| PB 0x00000000af000000| Complete 
| 753|0x00000000af100000, 0x00000000af200000, 0x00000000af200000|100%| E|CS|TAMS 0x00000000af100000| PB 0x00000000af100000| Complete 
| 754|0x00000000af200000, 0x00000000af300000, 0x00000000af300000|100%| E|CS|TAMS 0x00000000af200000| PB 0x00000000af200000| Complete 
| 755|0x00000000af300000, 0x00000000af400000, 0x00000000af400000|100%| E|CS|TAMS 0x00000000af300000| PB 0x00000000af300000| Complete 
| 756|0x00000000af400000, 0x00000000af500000, 0x00000000af500000|100%| E|CS|TAMS 0x00000000af400000| PB 0x00000000af400000| Complete 
| 757|0x00000000af500000, 0x00000000af600000, 0x00000000af600000|100%| E|CS|TAMS 0x00000000af500000| PB 0x00000000af500000| Complete 
| 758|0x00000000af600000, 0x00000000af700000, 0x00000000af700000|100%| E|CS|TAMS 0x00000000af600000| PB 0x00000000af600000| Complete 
| 759|0x00000000af700000, 0x00000000af800000, 0x00000000af800000|100%| E|CS|TAMS 0x00000000af700000| PB 0x00000000af700000| Complete 
| 760|0x00000000af800000, 0x00000000af900000, 0x00000000af900000|100%| E|CS|TAMS 0x00000000af800000| PB 0x00000000af800000| Complete 
| 761|0x00000000af900000, 0x00000000afa00000, 0x00000000afa00000|100%| E|CS|TAMS 0x00000000af900000| PB 0x00000000af900000| Complete 
| 762|0x00000000afa00000, 0x00000000afb00000, 0x00000000afb00000|100%| E|CS|TAMS 0x00000000afa00000| PB 0x00000000afa00000| Complete 
| 763|0x00000000afb00000, 0x00000000afc00000, 0x00000000afc00000|100%| E|CS|TAMS 0x00000000afb00000| PB 0x00000000afb00000| Complete 
| 764|0x00000000afc00000, 0x00000000afd00000, 0x00000000afd00000|100%| E|CS|TAMS 0x00000000afc00000| PB 0x00000000afc00000| Complete 
| 765|0x00000000afd00000, 0x00000000afe00000, 0x00000000afe00000|100%| E|CS|TAMS 0x00000000afd00000| PB 0x00000000afd00000| Complete 
| 766|0x00000000afe00000, 0x00000000aff00000, 0x00000000aff00000|100%| E|CS|TAMS 0x00000000afe00000| PB 0x00000000afe00000| Complete 
| 767|0x00000000aff00000, 0x00000000b0000000, 0x00000000b0000000|100%| E|CS|TAMS 0x00000000aff00000| PB 0x00000000aff00000| Complete 
| 768|0x00000000b0000000, 0x00000000b0100000, 0x00000000b0100000|100%| E|CS|TAMS 0x00000000b0000000| PB 0x00000000b0000000| Complete 
| 769|0x00000000b0100000, 0x00000000b0200000, 0x00000000b0200000|100%| E|CS|TAMS 0x00000000b0100000| PB 0x00000000b0100000| Complete 
| 770|0x00000000b0200000, 0x00000000b0300000, 0x00000000b0300000|100%| E|CS|TAMS 0x00000000b0200000| PB 0x00000000b0200000| Complete 
| 771|0x00000000b0300000, 0x00000000b0400000, 0x00000000b0400000|100%| E|CS|TAMS 0x00000000b0300000| PB 0x00000000b0300000| Complete 
| 772|0x00000000b0400000, 0x00000000b04abc60, 0x00000000b0500000| 67%| S|CS|TAMS 0x00000000b0400000| PB 0x00000000b0400000| Complete 
| 773|0x00000000b0500000, 0x00000000b0600000, 0x00000000b0600000|100%| S|CS|TAMS 0x00000000b0500000| PB 0x00000000b0500000| Complete 
| 774|0x00000000b0600000, 0x00000000b0700000, 0x00000000b0700000|100%| E|CS|TAMS 0x00000000b0600000| PB 0x00000000b0600000| Complete 
| 775|0x00000000b0700000, 0x00000000b0800000, 0x00000000b0800000|100%| E|CS|TAMS 0x00000000b0700000| PB 0x00000000b0700000| Complete 
| 776|0x00000000b0800000, 0x00000000b0900000, 0x00000000b0900000|100%| E|CS|TAMS 0x00000000b0800000| PB 0x00000000b0800000| Complete 
| 777|0x00000000b0900000, 0x00000000b0a00000, 0x00000000b0a00000|100%| E|CS|TAMS 0x00000000b0900000| PB 0x00000000b0900000| Complete 
| 778|0x00000000b0a00000, 0x00000000b0b00000, 0x00000000b0b00000|100%| E|CS|TAMS 0x00000000b0a00000| PB 0x00000000b0a00000| Complete 
| 779|0x00000000b0b00000, 0x00000000b0c00000, 0x00000000b0c00000|100%| E|CS|TAMS 0x00000000b0b00000| PB 0x00000000b0b00000| Complete 
| 780|0x00000000b0c00000, 0x00000000b0d00000, 0x00000000b0d00000|100%| E|CS|TAMS 0x00000000b0c00000| PB 0x00000000b0c00000| Complete 
| 781|0x00000000b0d00000, 0x00000000b0e00000, 0x00000000b0e00000|100%| E|CS|TAMS 0x00000000b0d00000| PB 0x00000000b0d00000| Complete 
| 782|0x00000000b0e00000, 0x00000000b0f00000, 0x00000000b0f00000|100%| E|CS|TAMS 0x00000000b0e00000| PB 0x00000000b0e00000| Complete 
| 783|0x00000000b0f00000, 0x00000000b1000000, 0x00000000b1000000|100%| E|CS|TAMS 0x00000000b0f00000| PB 0x00000000b0f00000| Complete 
| 784|0x00000000b1000000, 0x00000000b1100000, 0x00000000b1100000|100%| E|CS|TAMS 0x00000000b1000000| PB 0x00000000b1000000| Complete 
| 785|0x00000000b1100000, 0x00000000b1200000, 0x00000000b1200000|100%| E|CS|TAMS 0x00000000b1100000| PB 0x00000000b1100000| Complete 
| 786|0x00000000b1200000, 0x00000000b1300000, 0x00000000b1300000|100%| E|CS|TAMS 0x00000000b1200000| PB 0x00000000b1200000| Complete 
| 787|0x00000000b1300000, 0x00000000b1400000, 0x00000000b1400000|100%| E|CS|TAMS 0x00000000b1300000| PB 0x00000000b1300000| Complete 
| 788|0x00000000b1400000, 0x00000000b1500000, 0x00000000b1500000|100%| E|CS|TAMS 0x00000000b1400000| PB 0x00000000b1400000| Complete 
| 789|0x00000000b1500000, 0x00000000b1600000, 0x00000000b1600000|100%| E|CS|TAMS 0x00000000b1500000| PB 0x00000000b1500000| Complete 
| 790|0x00000000b1600000, 0x00000000b1700000, 0x00000000b1700000|100%| E|CS|TAMS 0x00000000b1600000| PB 0x00000000b1600000| Complete 
| 791|0x00000000b1700000, 0x00000000b1800000, 0x00000000b1800000|100%| E|CS|TAMS 0x00000000b1700000| PB 0x00000000b1700000| Complete 
| 792|0x00000000b1800000, 0x00000000b1900000, 0x00000000b1900000|100%| E|CS|TAMS 0x00000000b1800000| PB 0x00000000b1800000| Complete 
| 793|0x00000000b1900000, 0x00000000b1a00000, 0x00000000b1a00000|100%| E|CS|TAMS 0x00000000b1900000| PB 0x00000000b1900000| Complete 
| 794|0x00000000b1a00000, 0x00000000b1b00000, 0x00000000b1b00000|100%| E|CS|TAMS 0x00000000b1a00000| PB 0x00000000b1a00000| Complete 
| 795|0x00000000b1b00000, 0x00000000b1c00000, 0x00000000b1c00000|100%| E|CS|TAMS 0x00000000b1b00000| PB 0x00000000b1b00000| Complete 
| 796|0x00000000b1c00000, 0x00000000b1d00000, 0x00000000b1d00000|100%| E|CS|TAMS 0x00000000b1c00000| PB 0x00000000b1c00000| Complete 
| 797|0x00000000b1d00000, 0x00000000b1e00000, 0x00000000b1e00000|100%| E|CS|TAMS 0x00000000b1d00000| PB 0x00000000b1d00000| Complete 
| 798|0x00000000b1e00000, 0x00000000b1f00000, 0x00000000b1f00000|100%| E|CS|TAMS 0x00000000b1e00000| PB 0x00000000b1e00000| Complete 
| 799|0x00000000b1f00000, 0x00000000b2000000, 0x00000000b2000000|100%| E|CS|TAMS 0x00000000b1f00000| PB 0x00000000b1f00000| Complete 
| 800|0x00000000b2000000, 0x00000000b2100000, 0x00000000b2100000|100%| E|CS|TAMS 0x00000000b2000000| PB 0x00000000b2000000| Complete 
| 801|0x00000000b2100000, 0x00000000b2200000, 0x00000000b2200000|100%| E|CS|TAMS 0x00000000b2100000| PB 0x00000000b2100000| Complete 
| 802|0x00000000b2200000, 0x00000000b2300000, 0x00000000b2300000|100%| E|CS|TAMS 0x00000000b2200000| PB 0x00000000b2200000| Complete 
| 803|0x00000000b2300000, 0x00000000b2400000, 0x00000000b2400000|100%| E|CS|TAMS 0x00000000b2300000| PB 0x00000000b2300000| Complete 
| 804|0x00000000b2400000, 0x00000000b2500000, 0x00000000b2500000|100%| E|CS|TAMS 0x00000000b2400000| PB 0x00000000b2400000| Complete 
| 805|0x00000000b2500000, 0x00000000b2600000, 0x00000000b2600000|100%| E|CS|TAMS 0x00000000b2500000| PB 0x00000000b2500000| Complete 
| 806|0x00000000b2600000, 0x00000000b2700000, 0x00000000b2700000|100%| E|CS|TAMS 0x00000000b2600000| PB 0x00000000b2600000| Complete 
| 807|0x00000000b2700000, 0x00000000b2800000, 0x00000000b2800000|100%| E|CS|TAMS 0x00000000b2700000| PB 0x00000000b2700000| Complete 
| 808|0x00000000b2800000, 0x00000000b2900000, 0x00000000b2900000|100%| E|CS|TAMS 0x00000000b2800000| PB 0x00000000b2800000| Complete 
| 809|0x00000000b2900000, 0x00000000b2a00000, 0x00000000b2a00000|100%| E|CS|TAMS 0x00000000b2900000| PB 0x00000000b2900000| Complete 
| 810|0x00000000b2a00000, 0x00000000b2b00000, 0x00000000b2b00000|100%| E|CS|TAMS 0x00000000b2a00000| PB 0x00000000b2a00000| Complete 
| 811|0x00000000b2b00000, 0x00000000b2c00000, 0x00000000b2c00000|100%| E|CS|TAMS 0x00000000b2b00000| PB 0x00000000b2b00000| Complete 
| 812|0x00000000b2c00000, 0x00000000b2d00000, 0x00000000b2d00000|100%| E|CS|TAMS 0x00000000b2c00000| PB 0x00000000b2c00000| Complete 
| 813|0x00000000b2d00000, 0x00000000b2e00000, 0x00000000b2e00000|100%| E|CS|TAMS 0x00000000b2d00000| PB 0x00000000b2d00000| Complete 
| 814|0x00000000b2e00000, 0x00000000b2f00000, 0x00000000b2f00000|100%| E|CS|TAMS 0x00000000b2e00000| PB 0x00000000b2e00000| Complete 
| 815|0x00000000b2f00000, 0x00000000b3000000, 0x00000000b3000000|100%| E|CS|TAMS 0x00000000b2f00000| PB 0x00000000b2f00000| Complete 
| 816|0x00000000b3000000, 0x00000000b3100000, 0x00000000b3100000|100%| E|CS|TAMS 0x00000000b3000000| PB 0x00000000b3000000| Complete 
|2033|0x00000000ff100000, 0x00000000ff200000, 0x00000000ff200000|100%| O|  |TAMS 0x00000000ff100000| PB 0x00000000ff100000| Untracked 
|2034|0x00000000ff200000, 0x00000000ff300000, 0x00000000ff300000|100%| E|CS|TAMS 0x00000000ff200000| PB 0x00000000ff200000| Complete 
|2035|0x00000000ff300000, 0x00000000ff400000, 0x00000000ff400000|100%| E|CS|TAMS 0x00000000ff300000| PB 0x00000000ff300000| Complete 
|2036|0x00000000ff400000, 0x00000000ff500000, 0x00000000ff500000|100%| E|CS|TAMS 0x00000000ff400000| PB 0x00000000ff400000| Complete 
|2037|0x00000000ff500000, 0x00000000ff600000, 0x00000000ff600000|100%| O|  |TAMS 0x00000000ff500000| PB 0x00000000ff500000| Untracked 
|2038|0x00000000ff600000, 0x00000000ff700000, 0x00000000ff700000|100%| O|  |TAMS 0x00000000ff600000| PB 0x00000000ff600000| Untracked 
|2039|0x00000000ff700000, 0x00000000ff800000, 0x00000000ff800000|100%| O|  |TAMS 0x00000000ff700000| PB 0x00000000ff700000| Untracked 
|2040|0x00000000ff800000, 0x00000000ff900000, 0x00000000ff900000|100%| O|  |TAMS 0x00000000ff800000| PB 0x00000000ff800000| Untracked 
|2041|0x00000000ff900000, 0x00000000ffa00000, 0x00000000ffa00000|100%| O|  |TAMS 0x00000000ff900000| PB 0x00000000ff900000| Untracked 
|2042|0x00000000ffa00000, 0x00000000ffb00000, 0x00000000ffb00000|100%| E|CS|TAMS 0x00000000ffa00000| PB 0x00000000ffa00000| Complete 
|2043|0x00000000ffb00000, 0x00000000ffc00000, 0x00000000ffc00000|100%| E|CS|TAMS 0x00000000ffb00000| PB 0x00000000ffb00000| Complete 
|2044|0x00000000ffc00000, 0x00000000ffd00000, 0x00000000ffd00000|100%| O|  |TAMS 0x00000000ffc00000| PB 0x00000000ffc00000| Untracked 
|2045|0x00000000ffd00000, 0x00000000ffe00000, 0x00000000ffe00000|100%| O|  |TAMS 0x00000000ffd00000| PB 0x00000000ffd00000| Untracked 
|2046|0x00000000ffe00000, 0x00000000fff00000, 0x00000000fff00000|100%| O|  |TAMS 0x00000000ffe00000| PB 0x00000000ffe00000| Untracked 
|2047|0x00000000fff00000, 0x0000000100000000, 0x0000000100000000|100%| O|  |TAMS 0x00000000fff00000| PB 0x00000000fff00000| Untracked 

Card table byte_map: [0x00000230578c0000,0x0000023057cc0000] _byte_map_base: 0x00000230574c0000

Marking Bits: (CMBitMap*) 0x00000230435d4990
 Bits: [0x0000023057cc0000, 0x0000023059cc0000)

Polling page: 0x0000023047810000

Metaspace:

Usage:
  Non-class:     32.81 MB used.
      Class:      3.71 MB used.
       Both:     36.52 MB used.

Virtual space:
  Non-class space:       64.00 MB reserved,      33.00 MB ( 52%) committed,  1 nodes.
      Class space:        1.00 GB reserved,       3.88 MB ( <1%) committed,  1 nodes.
             Both:        1.06 GB reserved,      36.88 MB (  3%) committed. 

Chunk freelists:
   Non-Class:  14.70 MB
       Class:  12.13 MB
        Both:  26.83 MB

MaxMetaspaceSize: unlimited
CompressedClassSpaceSize: 1.00 GB
Initial GC threshold: 21.00 MB
Current GC threshold: 57.75 MB
CDS: off
 - commit_granule_bytes: 65536.
 - commit_granule_words: 8192.
 - virtual_space_node_default_size: 8388608.
 - enlarge_chunks_in_place: 1.
 - use_allocation_guard: 0.


Internal statistics:

num_allocs_failed_limit: 3.
num_arena_births: 540.
num_arena_deaths: 146.
num_vsnodes_births: 2.
num_vsnodes_deaths: 0.
num_space_committed: 589.
num_space_uncommitted: 0.
num_chunks_returned_to_freelist: 185.
num_chunks_taken_from_freelist: 1608.
num_chunk_merges: 49.
num_chunk_splits: 920.
num_chunks_enlarged: 600.
num_inconsistent_stats: 0.

CodeHeap 'non-profiled nmethods': size=120000Kb used=6095Kb max_used=8462Kb free=113904Kb
 bounds [0x000002304f300000, 0x000002304fb50000, 0x0000023056830000]
CodeHeap 'profiled nmethods': size=120000Kb used=9531Kb max_used=13189Kb free=110468Kb
 bounds [0x0000023047830000, 0x0000023048520000, 0x000002304ed60000]
CodeHeap 'non-nmethods': size=5760Kb used=1482Kb max_used=1542Kb free=4277Kb
 bounds [0x000002304ed60000, 0x000002304efd0000, 0x000002304f300000]
CodeCache: size=245760Kb, used=17108Kb, max_used=23193Kb, free=228649Kb
 total_blobs=5355, nmethods=4718, adapters=541, full_count=0
Compilation: enabled, stopped_count=0, restarted_count=0

Compilation events (20 events):
Event: 11784.071 Thread 0x000002305ca8d470 nmethod 9547 0x000002304f5e0b10 code [0x000002304f5e0d20, 0x000002304f5e1478]
Event: 11784.071 Thread 0x000002305ca8d470 9548       4       org.bsplines.ltexls.parsing.latex.LatexAnnotatedTextBuilder$Companion::access$isPunctuation (6 bytes)
Event: 11784.073 Thread 0x000002305cd8cbf0 nmethod 9546 0x000002304f3db410 code [0x000002304f3db640, 0x000002304f3dc140]
Event: 11784.073 Thread 0x000002305cd8cbf0 9549       4       org.bsplines.ltexls.parsing.latex.LatexAnnotatedTextBuilder$Companion::access$isIgnoreEnvironmentMode (6 bytes)
Event: 11784.074 Thread 0x000002305ca8d470 nmethod 9548 0x000002304f33cf10 code [0x000002304f33d0a0, 0x000002304f33d180]
Event: 11784.074 Thread 0x000002305cd8cbf0 nmethod 9549 0x000002304f33d690 code [0x000002304f33d820, 0x000002304f33d8b8]
Event: 11784.301 Thread 0x000002305ca57ca0 9562       3       org.languagetool.AnalyzedTokenReadings::addReading (190 bytes)
Event: 11784.306 Thread 0x000002305ca57ca0 nmethod 9562 0x0000023047de8610 code [0x0000023047de8980, 0x0000023047de9f98]
Event: 11784.356 Thread 0x000002305ca57ca0 9563       3       java.util.TreeMap::put (221 bytes)
Event: 11784.382 Thread 0x000002305ca57ca0 nmethod 9563 0x0000023047b79690 code [0x0000023047b79900, 0x0000023047b7a438]
Event: 11784.547 Thread 0x000002305ca8d470 9564       4       org.languagetool.tagging.disambiguation.MultiWordChunker::disambiguate (770 bytes)
Event: 11784.785 Thread 0x000002305ca57ca0 9568   !   3       java.util.AbstractList$Itr::next (46 bytes)
Event: 11784.786 Thread 0x000002305ca57ca0 nmethod 9568 0x0000023047882990 code [0x0000023047882ba0, 0x0000023047883190]
Event: 11784.787 Thread 0x000002305ca57ca0 9569       1       morfologik.stemming.ArrayViewList::size (5 bytes)
Event: 11784.787 Thread 0x000002305ca57ca0 nmethod 9569 0x000002304f341f90 code [0x000002304f342120, 0x000002304f3421e8]
Event: 11784.820 Thread 0x000002305ca57ca0 9570       3       org.languagetool.JLanguageTool$$Lambda/0x000000010035f2f0::test (12 bytes)
Event: 11784.823 Thread 0x000002305ca57ca0 nmethod 9570 0x0000023047975e90 code [0x0000023047976060, 0x0000023047976368]
Event: 11784.823 Thread 0x000002305ca57ca0 9571       3       org.languagetool.JLanguageTool::lambda$checkAnalyzedSentence$18 (17 bytes)
Event: 11784.823 Thread 0x000002305ca57ca0 nmethod 9571 0x0000023047901590 code [0x0000023047901740, 0x0000023047901900]
Event: 11784.823 Thread 0x000002305ca57ca0 9572       3       org.languagetool.JLanguageTool::adjustRuleMatchPos (263 bytes)

GC Heap History (20 events):
Event: 46.093 GC heap before
{Heap before GC invocations=44 (full 0):
 garbage-first heap   total 814080K, used 802605K [0x0000000080000000, 0x0000000100000000)
  region size 1024K, 259 young (265216K), 12 survivors (12288K)
 Metaspace       used 33440K, committed 33792K, reserved 1114112K
  class space    used 3371K, committed 3520K, reserved 1048576K
}
Event: 46.166 GC heap after
{Heap after GC invocations=45 (full 0):
 garbage-first heap   total 837632K, used 508533K [0x0000000080000000, 0x0000000100000000)
  region size 1024K, 29 young (29696K), 29 survivors (29696K)
 Metaspace       used 33440K, committed 33792K, reserved 1114112K
  class space    used 3371K, committed 3520K, reserved 1048576K
}
Event: 46.741 GC heap before
{Heap before GC invocations=45 (full 0):
 garbage-first heap   total 837632K, used 764533K [0x0000000080000000, 0x0000000100000000)
  region size 1024K, 279 young (285696K), 29 survivors (29696K)
 Metaspace       used 33456K, committed 33792K, reserved 1114112K
  class space    used 3371K, committed 3520K, reserved 1048576K
}
Event: 46.762 GC heap after
{Heap after GC invocations=46 (full 0):
 garbage-first heap   total 837632K, used 509087K [0x0000000080000000, 0x0000000100000000)
  region size 1024K, 19 young (19456K), 19 survivors (19456K)
 Metaspace       used 33456K, committed 33792K, reserved 1114112K
  class space    used 3371K, committed 3520K, reserved 1048576K
}
Event: 49.011 GC heap before
{Heap before GC invocations=47 (full 0):
 garbage-first heap   total 849920K, used 782495K [0x0000000080000000, 0x0000000100000000)
  region size 1024K, 286 young (292864K), 19 survivors (19456K)
 Metaspace       used 33912K, committed 34240K, reserved 1114112K
  class space    used 3415K, committed 3520K, reserved 1048576K
}
Event: 49.031 GC heap after
{Heap after GC invocations=48 (full 0):
 garbage-first heap   total 849920K, used 509100K [0x0000000080000000, 0x0000000100000000)
  region size 1024K, 19 young (19456K), 19 survivors (19456K)
 Metaspace       used 33912K, committed 34240K, reserved 1114112K
  class space    used 3415K, committed 3520K, reserved 1048576K
}
Event: 1581.295 GC heap before
{Heap before GC invocations=48 (full 0):
 garbage-first heap   total 849920K, used 806060K [0x0000000080000000, 0x0000000100000000)
  region size 1024K, 309 young (316416K), 19 survivors (19456K)
 Metaspace       used 34278K, committed 34624K, reserved 1114112K
  class space    used 3439K, committed 3584K, reserved 1048576K
}
Event: 1581.519 GC heap after
{Heap after GC invocations=49 (full 0):
 garbage-first heap   total 849920K, used 507904K [0x0000000080000000, 0x0000000100000000)
  region size 1024K, 20 young (20480K), 20 survivors (20480K)
 Metaspace       used 34278K, committed 34624K, reserved 1114112K
  class space    used 3439K, committed 3584K, reserved 1048576K
}
Event: 2693.494 GC heap before
{Heap before GC invocations=49 (full 0):
 garbage-first heap   total 849920K, used 806912K [0x0000000080000000, 0x0000000100000000)
  region size 1024K, 312 young (319488K), 20 survivors (20480K)
 Metaspace       used 34765K, committed 35136K, reserved 1114112K
  class space    used 3474K, committed 3648K, reserved 1048576K
}
Event: 2693.672 GC heap after
{Heap after GC invocations=50 (full 0):
 garbage-first heap   total 849920K, used 507623K [0x0000000080000000, 0x0000000100000000)
  region size 1024K, 20 young (20480K), 20 survivors (20480K)
 Metaspace       used 34765K, committed 35136K, reserved 1114112K
  class space    used 3474K, committed 3648K, reserved 1048576K
}
Event: 2695.933 GC heap before
{Heap before GC invocations=50 (full 0):
 garbage-first heap   total 849920K, used 606951K [0x0000000080000000, 0x0000000100000000)
  region size 1024K, 117 young (119808K), 20 survivors (20480K)
 Metaspace       used 34776K, committed 35136K, reserved 1114112K
  class space    used 3474K, committed 3648K, reserved 1048576K
}
Event: 2696.039 GC heap after
{Heap after GC invocations=51 (full 0):
 garbage-first heap   total 849920K, used 509830K [0x0000000080000000, 0x0000000100000000)
  region size 1024K, 4 young (4096K), 4 survivors (4096K)
 Metaspace       used 34776K, committed 35136K, reserved 1114112K
  class space    used 3474K, committed 3648K, reserved 1048576K
}
Event: 2771.579 GC heap before
{Heap before GC invocations=52 (full 0):
 garbage-first heap   total 851968K, used 804742K [0x0000000080000000, 0x0000000100000000)
  region size 1024K, 292 young (299008K), 4 survivors (4096K)
 Metaspace       used 34783K, committed 35136K, reserved 1114112K
  class space    used 3462K, committed 3648K, reserved 1048576K
}
Event: 2771.771 GC heap after
{Heap after GC invocations=53 (full 0):
 garbage-first heap   total 851968K, used 508440K [0x0000000080000000, 0x0000000100000000)
  region size 1024K, 2 young (2048K), 2 survivors (2048K)
 Metaspace       used 34783K, committed 35136K, reserved 1114112K
  class space    used 3462K, committed 3648K, reserved 1048576K
}
Event: 11342.310 GC heap before
{Heap before GC invocations=53 (full 0):
 garbage-first heap   total 851968K, used 807448K [0x0000000080000000, 0x0000000100000000)
  region size 1024K, 294 young (301056K), 2 survivors (2048K)
 Metaspace       used 35001K, committed 35392K, reserved 1114112K
  class space    used 3467K, committed 3648K, reserved 1048576K
}
Event: 11342.447 GC heap after
{Heap after GC invocations=54 (full 0):
 garbage-first heap   total 851968K, used 506729K [0x0000000080000000, 0x0000000100000000)
  region size 1024K, 2 young (2048K), 2 survivors (2048K)
 Metaspace       used 35001K, committed 35392K, reserved 1114112K
  class space    used 3467K, committed 3648K, reserved 1048576K
}
Event: 11403.196 GC heap before
{Heap before GC invocations=54 (full 0):
 garbage-first heap   total 851968K, used 807785K [0x0000000080000000, 0x0000000100000000)
  region size 1024K, 296 young (303104K), 2 survivors (2048K)
 Metaspace       used 35051K, committed 35392K, reserved 1114112K
  class space    used 3467K, committed 3648K, reserved 1048576K
}
Event: 11403.260 GC heap after
{Heap after GC invocations=55 (full 0):
 garbage-first heap   total 851968K, used 507072K [0x0000000080000000, 0x0000000100000000)
  region size 1024K, 3 young (3072K), 3 survivors (3072K)
 Metaspace       used 35051K, committed 35392K, reserved 1114112K
  class space    used 3467K, committed 3648K, reserved 1048576K
}
Event: 11657.729 GC heap before
{Heap before GC invocations=56 (full 0):
 garbage-first heap   total 851968K, used 556224K [0x0000000080000000, 0x0000000100000000)
  region size 1024K, 51 young (52224K), 3 survivors (3072K)
 Metaspace       used 35001K, committed 35456K, reserved 1114112K
  class space    used 3448K, committed 3648K, reserved 1048576K
}
Event: 11657.889 GC heap after
{Heap after GC invocations=57 (full 0):
 garbage-first heap   total 851968K, used 506444K [0x0000000080000000, 0x0000000100000000)
  region size 1024K, 2 young (2048K), 2 survivors (2048K)
 Metaspace       used 35001K, committed 35456K, reserved 1114112K
  class space    used 3448K, committed 3648K, reserved 1048576K
}

Dll operation events (9 events):
Event: 0.023 Loaded shared library c:\Users\HP\.vscode\extensions\ltex-plus.vscode-ltex-plus-15.7.1\lib\ltex-ls-plus-18.7.0\jdk-21.0.10+7\bin\java.dll
Event: 0.040 Loaded shared library c:\Users\HP\.vscode\extensions\ltex-plus.vscode-ltex-plus-15.7.1\lib\ltex-ls-plus-18.7.0\jdk-21.0.10+7\bin\zip.dll
Event: 0.251 Loaded shared library c:\Users\HP\.vscode\extensions\ltex-plus.vscode-ltex-plus-15.7.1\lib\ltex-ls-plus-18.7.0\jdk-21.0.10+7\bin\jsvml.dll
Event: 0.984 Loaded shared library C:\Users\HP\.vscode\extensions\ltex-plus.vscode-ltex-plus-15.7.1\lib\ltex-ls-plus-18.7.0\jdk-21.0.10+7\bin\net.dll
Event: 0.995 Loaded shared library C:\Users\HP\.vscode\extensions\ltex-plus.vscode-ltex-plus-15.7.1\lib\ltex-ls-plus-18.7.0\jdk-21.0.10+7\bin\nio.dll
Event: 1.055 Loaded shared library C:\Users\HP\.vscode\extensions\ltex-plus.vscode-ltex-plus-15.7.1\lib\ltex-ls-plus-18.7.0\jdk-21.0.10+7\bin\zip.dll
Event: 2.420 Loaded shared library C:\Users\HP\.vscode\extensions\ltex-plus.vscode-ltex-plus-15.7.1\lib\ltex-ls-plus-18.7.0\jdk-21.0.10+7\bin\jimage.dll
Event: 3.305 Loaded shared library C:\Users\HP\AppData\Local\Temp\jansi-2.4.3-94aa19e07be584d3-jansi.dll
Event: 3.430 Loaded shared library c:\Users\HP\.vscode\extensions\ltex-plus.vscode-ltex-plus-15.7.1\lib\ltex-ls-plus-18.7.0\jdk-21.0.10+7\bin\verify.dll

Deoptimization events (20 events):
Event: 11770.953 Thread 0x0000023062b34da0 Uncommon trap: trap_request=0xffffffc6 fr.pc=0x000002304f8499ec relative=0x000000000000012c
Event: 11770.953 Thread 0x0000023062b34da0 Uncommon trap: reason=bimorphic_or_optimized_type_check action=maybe_recompile pc=0x000002304f8499ec method=java.util.AbstractList$Itr.next()Ljava/lang/Object; @ 14 c2
Event: 11770.953 Thread 0x0000023062b34da0 DEOPT PACKING pc=0x000002304f8499ec sp=0x000000dbfaffe860
Event: 11770.953 Thread 0x0000023062b34da0 DEOPT UNPACKING pc=0x000002304edb43a2 sp=0x000000dbfaffe7e8 mode 2
Event: 11770.954 Thread 0x0000023062b34da0 Uncommon trap: trap_request=0xffffffc6 fr.pc=0x000002304f8499ec relative=0x000000000000012c
Event: 11770.954 Thread 0x0000023062b34da0 Uncommon trap: reason=bimorphic_or_optimized_type_check action=maybe_recompile pc=0x000002304f8499ec method=java.util.AbstractList$Itr.next()Ljava/lang/Object; @ 14 c2
Event: 11770.954 Thread 0x0000023062b34da0 DEOPT PACKING pc=0x000002304f8499ec sp=0x000000dbfaffe860
Event: 11770.954 Thread 0x0000023062b34da0 DEOPT UNPACKING pc=0x000002304edb43a2 sp=0x000000dbfaffe7e8 mode 2
Event: 11770.959 Thread 0x0000023062b34da0 Uncommon trap: trap_request=0xffffffc6 fr.pc=0x000002304f8499ec relative=0x000000000000012c
Event: 11770.959 Thread 0x0000023062b34da0 Uncommon trap: reason=bimorphic_or_optimized_type_check action=maybe_recompile pc=0x000002304f8499ec method=java.util.AbstractList$Itr.next()Ljava/lang/Object; @ 14 c2
Event: 11770.960 Thread 0x0000023062b34da0 DEOPT PACKING pc=0x000002304f8499ec sp=0x000000dbfaffe860
Event: 11770.960 Thread 0x0000023062b34da0 DEOPT UNPACKING pc=0x000002304edb43a2 sp=0x000000dbfaffe7e8 mode 2
Event: 11770.962 Thread 0x0000023062b34da0 Uncommon trap: trap_request=0xffffffbe fr.pc=0x000002304f6c353c relative=0x0000000000000cfc
Event: 11770.963 Thread 0x0000023062b34da0 Uncommon trap: reason=profile_predicate action=maybe_recompile pc=0x000002304f6c353c method=org.bsplines.ltexls.parsing.AnnotatedTextSlicer.findCutPoints(Ljava/lang/String;)Ljava/util/List; @ 22 c2
Event: 11770.963 Thread 0x0000023062b34da0 DEOPT PACKING pc=0x000002304f6c353c sp=0x000000dbfaffea80
Event: 11770.963 Thread 0x0000023062b34da0 DEOPT UNPACKING pc=0x000002304edb43a2 sp=0x000000dbfaffea50 mode 2
Event: 11782.237 Thread 0x0000023062b34da0 Uncommon trap: trap_request=0xffffff45 fr.pc=0x000002304f8194e8 relative=0x00000000000001a8
Event: 11782.238 Thread 0x0000023062b34da0 Uncommon trap: reason=unstable_if action=reinterpret pc=0x000002304f8194e8 method=kotlin.comparisons.ComparisonsKt__ComparisonsKt.compareValues(Ljava/lang/Comparable;Ljava/lang/Comparable;)I @ 2 c2
Event: 11782.243 Thread 0x0000023062b34da0 DEOPT PACKING pc=0x000002304f8194e8 sp=0x000000dbfaffed20
Event: 11782.244 Thread 0x0000023062b34da0 DEOPT UNPACKING pc=0x000002304edb43a2 sp=0x000000dbfaffec28 mode 2

Classes loaded (20 events):
Event: 1624.254 Loading class java/util/concurrent/CompletableFuture$UniCompletion done
Event: 1624.254 Loading class java/util/concurrent/CompletableFuture$UniApply done
Event: 1624.262 Loading class java/util/concurrent/CompletableFuture$UniAccept
Event: 1624.263 Loading class java/util/concurrent/CompletableFuture$UniAccept done
Event: 1624.263 Loading class java/util/concurrent/CompletableFuture$UniExceptionally
Event: 1624.267 Loading class java/util/concurrent/CompletableFuture$UniExceptionally done
Event: 1636.068 Loading class java/util/concurrent/CompletionException
Event: 1636.077 Loading class java/util/concurrent/CompletionException done
Event: 2697.589 Loading class java/lang/StringUTF16$CodePointsSpliterator
Event: 2697.602 Loading class java/lang/StringUTF16$CodePointsSpliterator done
Event: 2697.602 Loading class java/util/stream/Nodes$IntSpinedNodeBuilder
Event: 2697.604 Loading class java/util/stream/SpinedBuffer$OfInt
Event: 2697.605 Loading class java/util/stream/SpinedBuffer$OfPrimitive
Event: 2697.606 Loading class java/util/stream/SpinedBuffer$OfPrimitive done
Event: 2697.606 Loading class java/util/stream/SpinedBuffer$OfInt done
Event: 2697.612 Loading class java/util/stream/Nodes$IntSpinedNodeBuilder done
Event: 11765.362 Loading class java/lang/StringIndexOutOfBoundsException
Event: 11765.379 Loading class java/lang/StringIndexOutOfBoundsException done
Event: 11770.351 Loading class java/util/regex/Pattern$LazyLoop
Event: 11770.358 Loading class java/util/regex/Pattern$LazyLoop done

Classes unloaded (20 events):
Event: 11406.272 Thread 0x000002305c9d0880 Unloading class 0x0000000100362800 'java/lang/invoke/LambdaForm$MH+0x0000000100362800'
Event: 11406.272 Thread 0x000002305c9d0880 Unloading class 0x0000000100362400 'java/lang/invoke/LambdaForm$MH+0x0000000100362400'
Event: 11406.272 Thread 0x000002305c9d0880 Unloading class 0x0000000100362000 'java/lang/invoke/LambdaForm$MH+0x0000000100362000'
Event: 11406.272 Thread 0x000002305c9d0880 Unloading class 0x0000000100361000 'java/lang/invoke/LambdaForm$MH+0x0000000100361000'
Event: 11406.273 Thread 0x000002305c9d0880 Unloading class 0x0000000100360800 'java/lang/invoke/LambdaForm$MH+0x0000000100360800'
Event: 11406.273 Thread 0x000002305c9d0880 Unloading class 0x0000000100360400 'java/lang/invoke/LambdaForm$MH+0x0000000100360400'
Event: 11406.273 Thread 0x000002305c9d0880 Unloading class 0x0000000100360000 'java/lang/invoke/LambdaForm$MH+0x0000000100360000'
Event: 11406.273 Thread 0x000002305c9d0880 Unloading class 0x000000010030c000 'java/lang/invoke/LambdaForm$MH+0x000000010030c000'
Event: 11406.274 Thread 0x000002305c9d0880 Unloading class 0x0000000100221800 'java/lang/invoke/LambdaForm$MH+0x0000000100221800'
Event: 11406.275 Thread 0x000002305c9d0880 Unloading class 0x0000000100221000 'java/lang/invoke/LambdaForm$MH+0x0000000100221000'
Event: 11406.275 Thread 0x000002305c9d0880 Unloading class 0x0000000100220c00 'java/lang/invoke/LambdaForm$MH+0x0000000100220c00'
Event: 11406.275 Thread 0x000002305c9d0880 Unloading class 0x0000000100220800 'java/lang/invoke/LambdaForm$MH+0x0000000100220800'
Event: 11406.275 Thread 0x000002305c9d0880 Unloading class 0x000000010011b000 'java/lang/invoke/LambdaForm$MH+0x000000010011b000'
Event: 11406.275 Thread 0x000002305c9d0880 Unloading class 0x000000010011a000 'java/lang/invoke/LambdaForm$MH+0x000000010011a000'
Event: 11406.275 Thread 0x000002305c9d0880 Unloading class 0x0000000100119c00 'java/lang/invoke/LambdaForm$MH+0x0000000100119c00'
Event: 11406.275 Thread 0x000002305c9d0880 Unloading class 0x0000000100119400 'java/lang/invoke/LambdaForm$MH+0x0000000100119400'
Event: 11406.275 Thread 0x000002305c9d0880 Unloading class 0x0000000100118400 'java/lang/invoke/LambdaForm$MH+0x0000000100118400'
Event: 11406.275 Thread 0x000002305c9d0880 Unloading class 0x0000000100107800 'java/lang/invoke/LambdaForm$MH+0x0000000100107800'
Event: 11406.275 Thread 0x000002305c9d0880 Unloading class 0x0000000100104c00 'java/lang/invoke/LambdaForm$BMH+0x0000000100104c00'
Event: 11406.275 Thread 0x000002305c9d0880 Unloading class 0x00000001000d8000 'java/lang/invoke/LambdaForm$MH+0x00000001000d8000'

Classes redefined (0 events):
No events

Internal exceptions (20 events):
Event: 38.283 Thread 0x0000023062b34da0 Exception <a 'java/lang/NoSuchMethodError'{0x00000000a575eb90}: 'java.lang.Object java.lang.invoke.DirectMethodHandle$Holder.newInvokeSpecial(java.lang.Object, java.lang.Object, java.lang.Object, java.lang.Object, java.lang.Object, java.lang.Object)'> (0x00000000a575eb90) 
thrown [s\src\hotspot\share\interpreter\linkResolver.cpp, line 773]
Event: 38.290 Thread 0x0000023062b34da0 Implicit null exception at 0x000002304f4629c4 to 0x000002304f463114
Event: 38.290 Thread 0x0000023062b34da0 Implicit null exception at 0x000002304f39e2c0 to 0x000002304f39ea04
Event: 43.240 Thread 0x0000023062b34da0 Implicit null exception at 0x000002304f416b6f to 0x000002304f416c20
Event: 43.286 Thread 0x0000023062b34da0 Exception <a 'java/lang/NoSuchMethodError'{0x00000000ae32e658}: 'int java.lang.invoke.DirectMethodHandle$Holder.invokeVirtual(java.lang.Object, java.lang.Object, java.lang.Object, java.lang.Object)'> (0x00000000ae32e658) 
thrown [s\src\hotspot\share\interpreter\linkResolver.cpp, line 773]
Event: 43.291 Thread 0x0000023062b34da0 Exception <a 'java/lang/NoSuchMethodError'{0x00000000ae341f40}: 'java.lang.Object java.lang.invoke.DirectMethodHandle$Holder.newInvokeSpecial(java.lang.Object, java.lang.Object, java.lang.Object, int, java.lang.Object, java.lang.Object, java.lang.Object)'> (0x00000000ae341f40) 
thrown [s\src\hotspot\share\interpreter\linkResolver.cpp, line 773]
Event: 43.312 Thread 0x0000023062b34da0 Exception <a 'java/lang/NoSuchMethodError'{0x00000000ae3a11a8}: 'java.lang.Object java.lang.invoke.DirectMethodHandle$Holder.invokeSpecial(java.lang.Object, java.lang.Object, int, int, float, float, float)'> (0x00000000ae3a11a8) 
thrown [s\src\hotspot\share\interpreter\linkResolver.cpp, line 773]
Event: 48.477 Thread 0x0000023062b34da0 Exception <a 'java/lang/NoSuchMethodError'{0x00000000a6ad1698}: 'java.lang.Object java.lang.invoke.DirectMethodHandle$Holder.newInvokeSpecial(java.lang.Object, java.lang.Object, long, java.lang.Object, java.lang.Object, java.lang.Object, java.lang.Object, java.lang.Object, java.lang.Object, java.lang.Object, java.lang.Object, java.lang.Object, java.lang.Object, java.lang.Object, java.lang.Object)'> (0x00000000a6ad1698) 
thrown [s\src\hotspot\share\interpreter\linkResolver.cpp, line 773]
Event: 48.516 Thread 0x0000023062b34da0 Exception <a 'java/lang/NoSuchMethodError'{0x00000000a695a5c8}: 'int java.lang.invoke.DirectMethodHandle$Holder.invokeSpecial(java.lang.Object, java.lang.Object, java.lang.Object, java.lang.Object)'> (0x00000000a695a5c8) 
thrown [s\src\hotspot\share\interpreter\linkResolver.cpp, line 773]
Event: 49.160 Thread 0x0000023062b34da0 Exception <a 'java/lang/NoSuchMethodError'{0x00000000af46def0}: 'int java.lang.invoke.DirectMethodHandle$Holder.invokeVirtual(java.lang.Object, java.lang.Object)'> (0x00000000af46def0) 
thrown [s\src\hotspot\share\interpreter\linkResolver.cpp, line 773]
Event: 92.509 Thread 0x000002306208dc00 Exception <a 'java/lang/NoSuchMethodError'{0x00000000ae9f3710}: 'java.lang.Object java.lang.invoke.DirectMethodHandle$Holder.newInvokeSpecial(java.lang.Object, long)'> (0x00000000ae9f3710) 
thrown [s\src\hotspot\share\interpreter\linkResolver.cpp, line 773]
Event: 1634.480 Thread 0x000002306208e290 Exception <a 'java/lang/IncompatibleClassChangeError'{0x00000000a56ace38}: Found class java.lang.Object, but interface was expected> (0x00000000a56ace38) 
thrown [s\src\hotspot\share\interpreter\linkResolver.cpp, line 840]
Event: 1909.890 Thread 0x0000023062b34da0 Implicit null exception at 0x000002304fa3eadc to 0x000002304fa3ec74
Event: 2594.863 Thread 0x000002306208e290 Exception <a 'java/lang/IncompatibleClassChangeError'{0x00000000a18a4328}: Found class java.lang.Object, but interface was expected> (0x00000000a18a4328) 
thrown [s\src\hotspot\share\interpreter\linkResolver.cpp, line 840]
Event: 11765.015 Thread 0x0000023062b34da0 Implicit null exception at 0x000002304f500a91 to 0x000002304f500b74
Event: 11765.452 Thread 0x0000023062b34da0 Exception <a 'java/lang/NoSuchMethodError'{0x00000000ff4cbc50}: 'int java.lang.invoke.DirectMethodHandle$Holder.invokeStaticInit(java.lang.Object, int)'> (0x00000000ff4cbc50) 
thrown [s\src\hotspot\share\interpreter\linkResolver.cpp, line 773]
Event: 11766.166 Thread 0x0000023062b34da0 Exception <a 'java/lang/NoSuchMethodError'{0x00000000ff333a50}: 'void java.lang.invoke.DirectMethodHandle$Holder.invokeStaticInit(java.lang.Object, java.lang.Object, java.lang.Object)'> (0x00000000ff333a50) 
thrown [s\src\hotspot\share\interpreter\linkResolver.cpp, line 773]
Event: 11767.750 Thread 0x0000023062b34da0 Exception <a 'java/lang/NoSuchMethodError'{0x00000000ff2920c0}: 'java.lang.Object java.lang.invoke.DirectMethodHandle$Holder.newInvokeSpecial(java.lang.Object, java.lang.Object, java.lang.Object, java.lang.Object, java.lang.Object, java.lang.Object, java.lang.Object)'> (0x00000000ff2920c0) 
thrown [s\src\hotspot\share\interpreter\linkResolver.cpp, line 773]
Event: 11768.272 Thread 0x0000023062b34da0 Exception <a 'java/lang/NoSuchMethodError'{0x00000000b3014858}: 'int java.lang.invoke.DirectMethodHandle$Holder.invokeStatic(java.lang.Object, int, int, int, int)'> (0x00000000b3014858) 
thrown [s\src\hotspot\share\interpreter\linkResolver.cpp, line 773]
Event: 11770.605 Thread 0x0000023062b34da0 Exception <a 'java/lang/NoSuchMethodError'{0x00000000b2eab5e0}: 'int java.lang.invoke.DirectMethodHandle$Holder.invokeSpecialIFC(java.lang.Object, java.lang.Object, int)'> (0x00000000b2eab5e0) 
thrown [s\src\hotspot\share\interpreter\linkResolver.cpp, line 773]

ZGC Phase Switch (0 events):
No events

VM Operations (20 events):
Event: 11762.800 Executing non-safepoint VM operation: HandshakeAllThreads (Deoptimize) done
Event: 11765.478 Executing non-safepoint VM operation: HandshakeAllThreads (Deoptimize)
Event: 11765.478 Executing non-safepoint VM operation: HandshakeAllThreads (Deoptimize) done
Event: 11766.489 Executing safepoint VM operation: Cleanup
Event: 11766.506 Executing safepoint VM operation: Cleanup done
Event: 11767.507 Executing safepoint VM operation: Cleanup
Event: 11767.507 Executing safepoint VM operation: Cleanup done
Event: 11768.519 Executing safepoint VM operation: Cleanup
Event: 11768.565 Executing safepoint VM operation: Cleanup done
Event: 11769.573 Executing safepoint VM operation: Cleanup
Event: 11769.590 Executing safepoint VM operation: Cleanup done
Event: 11770.363 Executing non-safepoint VM operation: HandshakeAllThreads (Deoptimize)
Event: 11770.363 Executing non-safepoint VM operation: HandshakeAllThreads (Deoptimize) done
Event: 11771.368 Executing safepoint VM operation: Cleanup
Event: 11771.368 Executing safepoint VM operation: Cleanup done
Event: 11772.379 Executing safepoint VM operation: Cleanup
Event: 11772.380 Executing safepoint VM operation: Cleanup done
Event: 11773.393 Executing safepoint VM operation: Cleanup
Event: 11773.409 Executing safepoint VM operation: Cleanup done
Event: 11785.489 Executing safepoint VM operation: Cleanup

Memory protections (0 events):
No events

Nmethod flushes (20 events):
Event: 11406.749 Thread 0x000002305c9d0880 flushing  nmethod 0x000002304805e490
Event: 11406.749 Thread 0x000002305c9d0880 flushing  nmethod 0x0000023048060d90
Event: 11406.749 Thread 0x000002305c9d0880 flushing  nmethod 0x0000023048061210
Event: 11406.749 Thread 0x000002305c9d0880 flushing  nmethod 0x0000023048061610
Event: 11406.749 Thread 0x000002305c9d0880 flushing  nmethod 0x0000023048117a10
Event: 11406.749 Thread 0x000002305c9d0880 flushing  nmethod 0x0000023048118690
Event: 11406.749 Thread 0x000002305c9d0880 flushing  nmethod 0x000002304811b490
Event: 11406.749 Thread 0x000002305c9d0880 flushing  nmethod 0x0000023048178e90
Event: 11406.749 Thread 0x000002305c9d0880 flushing  nmethod 0x0000023048179310
Event: 11406.749 Thread 0x000002305c9d0880 flushing  nmethod 0x000002304817b490
Event: 11406.749 Thread 0x000002305c9d0880 flushing  nmethod 0x000002304817c410
Event: 11406.749 Thread 0x000002305c9d0880 flushing  nmethod 0x000002304817d390
Event: 11406.749 Thread 0x000002305c9d0880 flushing  nmethod 0x000002304817d810
Event: 11406.749 Thread 0x000002305c9d0880 flushing  nmethod 0x000002304817db90
Event: 11406.749 Thread 0x000002305c9d0880 flushing  nmethod 0x000002304817e090
Event: 11406.749 Thread 0x000002305c9d0880 flushing  nmethod 0x000002304817f210
Event: 11406.749 Thread 0x000002305c9d0880 flushing  nmethod 0x000002304824c710
Event: 11406.749 Thread 0x000002305c9d0880 flushing  nmethod 0x000002304824e290
Event: 11406.750 Thread 0x000002305c9d0880 flushing  nmethod 0x0000023048253010
Event: 11406.750 Thread 0x000002305c9d0880 flushing  nmethod 0x0000023048397210

Events (20 events):
Event: 37.163 Thread 0x000002305cd89c40 Thread exited: 0x000002305cd89c40
Event: 37.163 Thread 0x000002305cd8c520 Thread exited: 0x000002305cd8c520
Event: 37.580 Thread 0x000002305ca57ca0 Thread added: 0x000002305cd8c520
Event: 37.639 Thread 0x000002305ca57ca0 Thread added: 0x000002305cd8b780
Event: 42.154 Thread 0x000002305cd8b780 Thread exited: 0x000002305cd8b780
Event: 45.148 Thread 0x000002305cd8c520 Thread exited: 0x000002305cd8c520
Event: 45.293 Thread 0x000002305ca57ca0 Thread added: 0x000002305cd8b0b0
Event: 47.925 Thread 0x000002305cd8b0b0 Thread exited: 0x000002305cd8b0b0
Event: 48.195 Thread 0x000002305ca57ca0 Thread added: 0x000002305cd8c520
Event: 49.650 Thread 0x000002305cd8c520 Thread exited: 0x000002305cd8c520
Event: 604.146 Thread 0x000002305ca8d470 Thread added: 0x000002305cd89570
Event: 605.765 Thread 0x000002305cd89570 Thread exited: 0x000002305cd89570
Event: 1622.810 Thread 0x0000023062b34da0 Thread added: 0x000002306333c070
Event: 1623.887 Thread 0x000002306333c070 Thread exited: 0x000002306333c070
Event: 2877.275 Thread 0x0000023062b34da0 Thread added: 0x0000023062177210
Event: 2878.186 Thread 0x0000023062177210 Thread exited: 0x0000023062177210
Event: 3355.359 Thread 0x0000023062b34da0 Thread added: 0x0000023062178c50
Event: 3356.982 Thread 0x0000023062178c50 Thread exited: 0x0000023062178c50
Event: 11783.971 Thread 0x000002305ca57ca0 Thread added: 0x000002305cd8cbf0
Event: 11784.304 Thread 0x000002305cd8cbf0 Thread exited: 0x000002305cd8cbf0


Dynamic libraries:
0x00007ff748a00000 - 0x00007ff748a0e000 	c:\Users\HP\.vscode\extensions\ltex-plus.vscode-ltex-plus-15.7.1\lib\ltex-ls-plus-18.7.0\jdk-21.0.10+7\bin\java.exe
0x00007ffd8b0a0000 - 0x00007ffd8b306000 	C:\WINDOWS\SYSTEM32\ntdll.dll
0x00007ffd894f0000 - 0x00007ffd895b9000 	C:\WINDOWS\System32\KERNEL32.DLL
0x00007ffd887a0000 - 0x00007ffd88b9f000 	C:\WINDOWS\System32\KERNELBASE.dll
0x00007ffd88c70000 - 0x00007ffd88dbc000 	C:\WINDOWS\System32\ucrtbase.dll
0x00007ffd48c10000 - 0x00007ffd48c2e000 	c:\Users\HP\.vscode\extensions\ltex-plus.vscode-ltex-plus-15.7.1\lib\ltex-ls-plus-18.7.0\jdk-21.0.10+7\bin\VCRUNTIME140.dll
0x00007ffd53930000 - 0x00007ffd53948000 	c:\Users\HP\.vscode\extensions\ltex-plus.vscode-ltex-plus-15.7.1\lib\ltex-ls-plus-18.7.0\jdk-21.0.10+7\bin\jli.dll
0x00007ffd88ea0000 - 0x00007ffd89066000 	C:\WINDOWS\System32\USER32.dll
0x00007ffd87510000 - 0x00007ffd877a1000 	C:\WINDOWS\WinSxS\amd64_microsoft.windows.common-controls_6595b64144ccf1df_6.0.26100.8972_none_3e0da176e32f9d4b\COMCTL32.dll
0x00007ffd882b0000 - 0x00007ffd882d7000 	C:\WINDOWS\System32\win32u.dll
0x00007ffd89eb0000 - 0x00007ffd89f59000 	C:\WINDOWS\System32\msvcrt.dll
0x00007ffd8a0b0000 - 0x00007ffd8a0db000 	C:\WINDOWS\System32\GDI32.dll
0x00007ffd88450000 - 0x00007ffd88579000 	C:\WINDOWS\System32\gdi32full.dll
0x00007ffd882e0000 - 0x00007ffd88383000 	C:\WINDOWS\System32\msvcp_win.dll
0x00007ffd88dd0000 - 0x00007ffd88e02000 	C:\WINDOWS\System32\IMM32.DLL
0x00007ffd65610000 - 0x00007ffd6561c000 	c:\Users\HP\.vscode\extensions\ltex-plus.vscode-ltex-plus-15.7.1\lib\ltex-ls-plus-18.7.0\jdk-21.0.10+7\bin\vcruntime140_1.dll
0x00007ffd0d750000 - 0x00007ffd0d7dd000 	c:\Users\HP\.vscode\extensions\ltex-plus.vscode-ltex-plus-15.7.1\lib\ltex-ls-plus-18.7.0\jdk-21.0.10+7\bin\msvcp140.dll
0x00007ffcd8820000 - 0x00007ffcd95c1000 	c:\Users\HP\.vscode\extensions\ltex-plus.vscode-ltex-plus-15.7.1\lib\ltex-ls-plus-18.7.0\jdk-21.0.10+7\bin\server\jvm.dll
0x00007ffd8a300000 - 0x00007ffd8a3bc000 	C:\WINDOWS\System32\ADVAPI32.dll
0x00007ffd8afb0000 - 0x00007ffd8b059000 	C:\WINDOWS\System32\sechost.dll
0x00007ffd89d90000 - 0x00007ffd89ea8000 	C:\WINDOWS\System32\RPCRT4.dll
0x00007ffd89c00000 - 0x00007ffd89c82000 	C:\WINDOWS\System32\WS2_32.dll
0x00007ffd87af0000 - 0x00007ffd87b4e000 	C:\WINDOWS\SYSTEM32\POWRPROF.dll
0x00007ffd7ada0000 - 0x00007ffd7add6000 	C:\WINDOWS\SYSTEM32\WINMM.dll
0x00007ffd857e0000 - 0x00007ffd857eb000 	C:\WINDOWS\SYSTEM32\VERSION.dll
0x00007ffd879c0000 - 0x00007ffd879d5000 	C:\WINDOWS\SYSTEM32\UMPDC.dll
0x00007ffd866d0000 - 0x00007ffd866eb000 	C:\WINDOWS\SYSTEM32\kernel.appcore.dll
0x00007ffd61390000 - 0x00007ffd6139a000 	c:\Users\HP\.vscode\extensions\ltex-plus.vscode-ltex-plus-15.7.1\lib\ltex-ls-plus-18.7.0\jdk-21.0.10+7\bin\jimage.dll
0x00007ffd87b80000 - 0x00007ffd87dc2000 	C:\WINDOWS\SYSTEM32\DBGHELP.DLL
0x00007ffd8abd0000 - 0x00007ffd8af55000 	C:\WINDOWS\System32\combase.dll
0x00007ffd89f60000 - 0x00007ffd8a039000 	C:\WINDOWS\System32\OLEAUT32.dll
0x00007ffd879e0000 - 0x00007ffd87a1b000 	C:\WINDOWS\SYSTEM32\dbgcore.DLL
0x00007ffd88390000 - 0x00007ffd8843c000 	C:\WINDOWS\System32\bcryptPrimitives.dll
0x00007ffd40f30000 - 0x00007ffd40f50000 	c:\Users\HP\.vscode\extensions\ltex-plus.vscode-ltex-plus-15.7.1\lib\ltex-ls-plus-18.7.0\jdk-21.0.10+7\bin\java.dll
0x00007ffd3ea70000 - 0x00007ffd3ea88000 	c:\Users\HP\.vscode\extensions\ltex-plus.vscode-ltex-plus-15.7.1\lib\ltex-ls-plus-18.7.0\jdk-21.0.10+7\bin\zip.dll
0x00007ffd8a3d0000 - 0x00007ffd8ab58000 	C:\WINDOWS\System32\SHELL32.dll
0x00007ffd84d50000 - 0x00007ffd855eb000 	C:\WINDOWS\SYSTEM32\windows.storage.dll
0x00007ffd89080000 - 0x00007ffd89179000 	C:\WINDOWS\System32\SHCORE.dll
0x00007ffd8ab60000 - 0x00007ffd8abc6000 	C:\WINDOWS\System32\shlwapi.dll
0x00007ffd881d0000 - 0x00007ffd881f9000 	C:\WINDOWS\SYSTEM32\profapi.dll
0x00007ffd06f60000 - 0x00007ffd07037000 	c:\Users\HP\.vscode\extensions\ltex-plus.vscode-ltex-plus-15.7.1\lib\ltex-ls-plus-18.7.0\jdk-21.0.10+7\bin\jsvml.dll
0x00007ffd61360000 - 0x00007ffd61370000 	C:\Users\HP\.vscode\extensions\ltex-plus.vscode-ltex-plus-15.7.1\lib\ltex-ls-plus-18.7.0\jdk-21.0.10+7\bin\net.dll
0x00007ffd7e490000 - 0x00007ffd7e5b7000 	C:\WINDOWS\SYSTEM32\WINHTTP.dll
0x00007ffd86520000 - 0x00007ffd8658c000 	C:\WINDOWS\system32\mswsock.dll
0x00007ffd40f70000 - 0x00007ffd40f86000 	C:\Users\HP\.vscode\extensions\ltex-plus.vscode-ltex-plus-15.7.1\lib\ltex-ls-plus-18.7.0\jdk-21.0.10+7\bin\nio.dll
0x00007ffd60140000 - 0x00007ffd60164000 	C:\Users\HP\AppData\Local\Temp\jansi-2.4.3-94aa19e07be584d3-jansi.dll
0x00007ffd4c560000 - 0x00007ffd4c570000 	c:\Users\HP\.vscode\extensions\ltex-plus.vscode-ltex-plus-15.7.1\lib\ltex-ls-plus-18.7.0\jdk-21.0.10+7\bin\verify.dll

JVMTI agents: none

dbghelp: loaded successfully - version: 4.0.5 - missing functions: none
symbol engine: initialized successfully - sym options: 0x614 - pdb path: .;c:\Users\HP\.vscode\extensions\ltex-plus.vscode-ltex-plus-15.7.1\lib\ltex-ls-plus-18.7.0\jdk-21.0.10+7\bin;C:\WINDOWS\SYSTEM32;C:\WINDOWS\WinSxS\amd64_microsoft.windows.common-controls_6595b64144ccf1df_6.0.26100.8972_none_3e0da176e32f9d4b;c:\Users\HP\.vscode\extensions\ltex-plus.vscode-ltex-plus-15.7.1\lib\ltex-ls-plus-18.7.0\jdk-21.0.10+7\bin\server;C:\Users\HP\AppData\Local\Temp

VM Arguments:
jvm_args: -Xms64m -Xmx2048m -Dapp.name=ltex-ls-plus -Dapp.repo=c:\Users\HP\.vscode\extensions\ltex-plus.vscode-ltex-plus-15.7.1\lib\ltex-ls-plus-18.7.0\lib -Dapp.home=c:\Users\HP\.vscode\extensions\ltex-plus.vscode-ltex-plus-15.7.1\lib\ltex-ls-plus-18.7.0 -Dbasedir=c:\Users\HP\.vscode\extensions\ltex-plus.vscode-ltex-plus-15.7.1\lib\ltex-ls-plus-18.7.0 
java_command: org.bsplines.ltexls.LtexLanguageServerLauncher
java_class_path (initial): c:\Users\HP\.vscode\extensions\ltex-plus.vscode-ltex-plus-15.7.1\lib\ltex-ls-plus-18.7.0\etc;c:\Users\HP\.vscode\extensions\ltex-plus.vscode-ltex-plus-15.7.1\lib\ltex-ls-plus-18.7.0\lib\aho-corasick-double-array-trie-1.2.2.jar;c:\Users\HP\.vscode\extensions\ltex-plus.vscode-ltex-plus-15.7.1\lib\ltex-ls-plus-18.7.0\lib\angus-activation-2.0.2.jar;c:\Users\HP\.vscode\extensions\ltex-plus.vscode-ltex-plus-15.7.1\lib\ltex-ls-plus-18.7.0\lib\animal-sniffer-annotations-1.24.jar;c:\Users\HP\.vscode\extensions\ltex-plus.vscode-ltex-plus-15.7.1\lib\ltex-ls-plus-18.7.0\lib\annotations-12.0.jar;c:\Users\HP\.vscode\extensions\ltex-plus.vscode-ltex-plus-15.7.1\lib\ltex-ls-plus-18.7.0\lib\annotations-13.0.jar;c:\Users\HP\.vscode\extensions\ltex-plus.vscode-ltex-plus-15.7.1\lib\ltex-ls-plus-18.7.0\lib\annotations-4.1.1.4.jar;c:\Users\HP\.vscode\extensions\ltex-plus.vscode-ltex-plus-15.7.1\lib\ltex-ls-plus-18.7.0\lib\asturian-pos-dict-0.1.jar;c:\Users\HP\.vscode\extensions\ltex-plus.vscode-ltex-plus-15.7.1\lib\ltex-ls-plus-18.7.0\lib\catalan-pos-dict-3.3.jar;c:\Users\HP\.vscode\extensions\ltex-plus.vscode-ltex-plus-15.7.1\lib\ltex-ls-plus-18.7.0\lib\commons-digester-2.1.jar;c:\Users\HP\.vscode\extensions\ltex-plus.vscode-ltex-plus-15.7.1\lib\ltex-ls-plus-18.7.0\lib\commons-lang3-3.18.0.jar;c:\Users\HP\.vscode\extensions\ltex-plus.vscode-ltex-plus-15.7.1\lib\ltex-ls-plus-18.7.0\lib\commons-logging-1.3.4.jar;c:\Users\HP\.vscode\extensions\ltex-plus.vscode-ltex-plus-15.7.1\lib\ltex-ls-plus-18.7.0\lib\commons-pool2-2.12.0.jar;c:\Users\HP\.vscode\extensions\ltex-plus.vscode-ltex-plus-15.7.1\lib\ltex-ls-plus-18.7.0\lib\commons-text-1.12.0.jar;c:\Users\HP\.vscode\extensions\ltex-plus.vscode-ltex-plus-15.7.1\lib\ltex-ls-plus-18.7.0\lib\commons-validator-1.9.0.jar;c:\Users\HP\.vscode\extensions\ltex-plus.vscode-ltex-plus-15.7.1\lib\ltex-ls-plus-18.7.0\lib\dutch-pos-dict-0.1.jar;c:\Users\HP\.vscode\extensions\ltex-plus.vscode-ltex-plus-15.7.1\lib\ltex-ls-plus-18.7.0\lib\english-pos-dict-0.6.jar;c:\Users\HP\.vscode\extensions\ltex-plus.vscode-ltex-plus-15.7.1\lib\ltex-ls-plus-18.7.0\lib\error_prone_annotations-2.48.0.jar;c:\Users\HP\.vscode\extensions\ltex-plus.vscode-ltex-plus-15.7.1\lib\ltex-ls-plus-18.7.0\lib\failureaccess-1.0.3.jar;c:\Users\HP\.vscode\extensions\ltex-plus.vscode-ltex-plus-15.7.1\lib\ltex-ls-plus-18.7.0\lib\fastutil-core-8.5.14.jar;c:\Users\HP\.vscode\extensions\ltex-plus.vscode-ltex-plus-15.7.1\lib\ltex-ls-plus-18.7.0\lib\flexmark-0.64.8.jar;c:\Users\HP\.vscode\extensions\ltex-plus.vscode-ltex-plus-15.7.1\lib\ltex-ls-plus-18.7.0\lib\flexmark-ext-definition-0.64.8.jar;c:\Users\HP\.vscode\extensions\ltex-plus.vscode-ltex-plus-15.7.1\lib\ltex-ls-plus-18.7.0\lib\flexmark-ext-gfm-strikethrough-0.64.8.jar;c:\Users\HP\.vscode\extensions\ltex-plus.vscode-ltex-plus-15.7.1\lib\ltex-ls-plus-18.7.0\lib\flexmark-ext-gitlab-0.64.8.jar;c:\Users\HP\.vscode\extensions\ltex-plus.vscode-ltex-plus-15.7.1\lib\ltex-ls-plus-18.7.0\lib\flexmark-ext-tables-0.64.8.jar;c:\Users\HP\.vscode\extensions\ltex-plus.vscode-ltex-plus-15.7.1\lib\ltex-ls-plus-18.7.0\lib\flexmark-ext-yaml-front-matter-0.64.8.jar;c:\Users\HP\.vscode\extensions\ltex-plus.vscode-ltex-plus-15.7.1\lib\ltex-ls-plus-18.7.0\lib\flexmark-test-util-0.64.8.jar;c:\Users\HP\.vscode\extensions\ltex-plus.vscode-ltex-plus-15.7.1\lib\ltex-ls-plus-18.7.0\lib\flexmark-util-0.64.8.jar;c:\Users\HP\.vscode\extensions\ltex-plus.vscode-ltex-plus-15.7.1\lib\ltex-ls-plus-18.7.0\lib\flexmark-util-ast-0.64.8.jar;c:\Users\HP\.vscode\extensions\ltex-plus.vscode-ltex-plus-15.7.1\lib\ltex-ls-plus-18.7.0\lib\flexmark-util-builder-0.64.8.jar;c:\Users\HP\.vscode\extensions\ltex-plus.vscode-ltex-plus-15.7.1\lib\ltex-ls-plus-18.7.0\lib\flexmark-util-collection-0.64.8.jar;c:\Users\HP\.vscode\extensions\ltex-plus.vscode-ltex-plus-15.7.1\lib\ltex-ls-plus-18.7.0\lib\flexmark-util-data-0.64.8.jar;c:\Users\HP\.vscode\extensions\ltex-plus.vscode-ltex-plus-15.7.1\lib\ltex-ls-plus-18.7.0\lib\flexmark-util-dependency-0.64.8.jar;c:\Users\HP\.vscode\extensions\ltex-plus.vscode-ltex-plus-15.7.1\lib\ltex-ls-plus-18.7.0\lib\flexmark-util-format-0.64.8.jar;c:\Users\HP\.vscode\extensions\ltex-plus.vscode-ltex-plus-15.7.1\lib\ltex-ls-plus-18.7.0\lib\flexmark-util-html-0.64.8.jar;c:\Users\HP\.vscode\extensions\ltex-plus.vscode-ltex-plus-15.7.1\lib\ltex-ls-plus-18.7.0\lib\flexmark-util-misc-0.64.8.jar;c:\Users\HP\.vscode\extensions\ltex-plus.vscode-ltex-plus-15.7.1\lib\ltex-ls-plus-18.7.0\lib\flexmark-util-options-0.64.8.jar;c:\Users\HP\.vscode\extensions\ltex-plus.vscode-ltex-plus-15.7.1\lib\ltex-ls-plus-18.7.0\lib\flexmark-util-sequence-0.64.8.jar;c:\Users\HP\.vscode\extensions\ltex-plus.vscode-ltex-plus-15.7.1\lib\ltex-ls-plus-18.7.0\lib\flexmark-util-visitor-0.64.8.jar;c:\Users\HP\.vscode\extensions\ltex-plus.vscode-ltex-plus-15.7.1\lib\ltex-ls-plus-18.7.0\lib\french-pos-dict-0.7.jar;c:\Users\HP\.vscode\extensions\ltex-plus.vscode-ltex-plus-15.7.1\lib\ltex-ls-plus-18.7.0\lib\german-pos-dict-1.2.4.jar;c:\Users\HP\.vscode\extensions\ltex-plus.vscode-ltex-plus-15.7.1\lib\ltex-ls-plus-18.7.0\lib\grpc-api-1.75.0.jar;c:\Users\HP\.vscode\extensions\ltex-plus.vscode-ltex-plus-15.7.1\lib\ltex-ls-plus-18.7.0\lib\grpc-context-1.75.0.jar;c:\Users\HP\.vscode\extensions\ltex-plus.vscode-ltex-plus-15.7.1\lib\ltex-ls-plus-18.7.0\lib\grpc-core-1.75.0.jar;c:\Users\HP\.vscode\extensions\ltex-plus.vscode-ltex-plus-15.7.1\lib\ltex-ls-plus-18.7.0\lib\grpc-netty-shaded-1.75.0.jar;c:\Users\HP\.vscode\extensions\ltex-plus.vscode-ltex-plus-15.7.1\lib\ltex-ls-plus-18.7.0\lib\grpc-protobuf-1.75.0.jar;c:\Users\HP\.vscode\extensions\ltex-plus.vscode-ltex-plus-15.7.1\lib\ltex-ls-plus-18.7.0\lib\grpc-protobuf-lite-1.75.0.jar;c:\Users\HP\.vscode\extensions\ltex-plus.vscode-ltex-plus-15.7.1\lib\ltex-ls-plus-18.7.0\lib\grpc-stub-1.75.0.jar;c:\Users\HP\.vscode\extensions\ltex-plus.vscode-ltex-plus-15.7.1\lib\ltex-ls-plus-18.7.0\lib\grpc-util-1.75.0.jar;c:\Users\HP\.vscode\extensions\ltex-plus.vscode-ltex-plus-15.7.1\lib\ltex-ls-plus-18.7.0\lib\gson-2.14.0.jar;c:\Users\HP\.vscode\extensions\ltex-plus.vscode-ltex-plus-15.7.1\lib\ltex-ls-plus-18.7.0\lib\guava-33.5.0-jre.jar;c:\Users\HP\.vscode\extensions\ltex-plus.vscode-ltex-plus-15.7.1\lib\ltex-ls-plus-18.7.0\lib\hamcrest-core-1.3.jar;c:\Users\HP\.vscode\extensions\ltex-plus.vscode-ltex-plus-15.7.1\lib\ltex-ls-plus-18.7.0\lib\hanlp-portable-1.8.2.jar;c:\Users\HP\.vscode\extensions\ltex-plus.vscode-ltex-plus-15.7.1\lib\ltex-ls-plus-18.7.0\lib\HdrHistogram-2.1.12.jar;c:\Users\HP\.vscode\extensions\ltex-plus.vscode-ltex-plus-15.7.1\lib\ltex-ls-plus-18.7.0\lib\hppc-0.8.2.jar;c:\Users\HP\.vscode\extensions\ltex-plus.vscode-ltex-plus-15.7.1\lib\ltex-ls-plus-18.7.0\lib\hunspell-2.1.2.jar;c:\Users\HP\.vscode\extensions\ltex-plus.vscode-ltex-plus-15.7.1\lib\ltex-ls-plus-18.7.0\lib\icu4j-77.1.jar;c:\Users\HP\.vscode\extensions\ltex-plus.vscode-ltex-plus-15.7.1\lib\ltex-ls-plus-18.7.0\lib\indriya-1.3.jar;c:\Users\HP\.vscode\extensions\ltex-plus.vscode-ltex-plus-15.7.1\lib\ltex-ls-plus-18.7.0\lib\istack-commons-runtime-4.1.2.jar;c:\Users\HP\.vscode\extensions\ltex-plus.vscode-ltex-plus-15.7.1\lib\ltex-ls-plus-18.7.0\lib\j2objc-annotations-3.1.jar;c:\Users\HP\.vscode\extensions\ltex-plus.vscode-ltex-plus-15.7.1\lib\ltex-ls-plus-18.7.0\lib\jackson-annotations-2.18.0.jar;c:\Users\HP\.vscode\extensions\ltex-plus.vscode-ltex-plus-15.7.1\lib\ltex-ls-plus-18.7.0\lib\jackson-core-2.18.0.jar;c:\Users\HP\.vscode\extensions\ltex-plus.vscode-ltex-plus-15.7.1\lib\ltex-ls-plus-18.7.0\lib\jackson-databind-2.18.0.jar;c:\Users\HP\.vscode\extensions\ltex-plus.vscode-ltex-plus-15.7.1\lib\ltex-ls-plus-18.7.0\lib\jakarta.activation-1.2.2.jar;c:\Users\HP\.vscode\extensions\ltex-plus.vscode-ltex-plus-15.7.1\lib\ltex-ls-plus-18.7.0\lib\jakarta.activation-api-2.1.3.jar;c:\Users\HP\.vscode\extensions\ltex-plus.vscode-ltex-plus-15.7.1\lib\ltex-ls-plus-18.7.0\lib\jakarta.xml.bind-api-2.3.3.jar;c:\Users\HP\.vscode\extensions\ltex-plus.vscode-ltex-plus-15.7.1\lib\ltex-ls-plus-18.7.0\lib\jansi-2.4.3.jar;c:\Users\HP\.vscode\extensions\ltex-plus.vscode-ltex-plus-15.7.1\lib\ltex-ls-plus-18.7.0\lib\java-diff-utils-4.12.jar;c:\Users\HP\.vscode\extensions\ltex-plus.vscode-ltex-plus-15.7.1\lib\ltex-ls-plus-18.7.0\lib\javax.activation-api-1.2.0.jar;c:\Users\HP\.vscode\extensions\ltex-plus.vscode-ltex-plus-15.7.1\lib\ltex-ls-plus-18.7.0\lib\javax.annotation-api-1.3.2.jar;c:\Users\HP\.vscode\extensions\ltex-plus.vscode-ltex-plus-15.7.1\lib\ltex-ls-plus-18.7.0\lib\jaxb-api-2.3.1.jar;c:\Users\HP\.vscode\extensions\ltex-plus.vscode-ltex-plus-15.7.1\lib\ltex-ls-plus-18.7.0\lib\jaxb-core-2.3.0.1.jar;c:\Users\HP\.vscode\extensions\ltex-plus.vscode-ltex-plus-15.7.1\lib\ltex-ls-plus-18.7.0\lib\jaxb-core-4.0.5.jar;c:\Users\HP\.vscode\extensions\ltex-plus.vscode-ltex-plus-15.7.1\lib\ltex-ls-plus-18.7.0\lib\jaxb-impl-2.3.3.jar;c:\Users\HP\.vscode\extensions\ltex-plus.vscode-ltex-plus-15.7.1\lib\ltex-ls-plus-18.7.0\lib\jaxb-runtime-4.0.5.jar;c:\Users\HP\.vscode\extensions\ltex-plus.vscode-ltex-plus-15.7.1\lib\ltex-ls-plus-18.7.0\lib\jna-5.12.1.jar;c:\Users\HP\.vscode\extensions\ltex-plus.vscode-ltex-plus-15.7.1\lib\ltex-ls-plus-18.7.0\lib\jna-platform-5.12.1.jar;c:\Users\HP\.vscode\extensions\ltex-plus.vscode-ltex-plus-15.7.1\lib\ltex-ls-plus-18.7.0\lib\json-20240303.jar;c:\Users\HP\.vscode\extensions\ltex-plus.vscode-ltex-plus-15.7.1\lib\ltex-ls-plus-18.7.0\lib\jsonic-1.2.11.jar;c:\Users\HP\.vscode\extensions\ltex-plus.vscode-ltex-plus-15.7.1\lib\ltex-ls-plus-18.7.0\lib\jspecify-1.0.0.jar;c:\Users\HP\.vscode\extensions\ltex-plus.vscode-ltex-plus-15.7.1\lib\ltex-ls-plus-18.7.0\lib\jsr305-3.0.2.jar;c:\Users\HP\.vscode\extensions\ltex-plus.vscode-ltex-plus-15.7.1\lib\ltex-ls-plus-18.7.0\lib\junit-4.13.2.jar;c:\Users\HP\.vscode\extensions\ltex-plus.vscode-ltex-plus-15.7.1\lib\ltex-ls-plus-18.7.0\lib\jwordsplitter-4.7.jar;c:\Users\HP\.vscode\extensions\ltex-plus.vscode-ltex-plus-15.7.1\lib\ltex-ls-plus-18.7.0\lib\kotlin-stdlib-2.3.21.jar;c:\Users\HP\.vscode\extensions\ltex-plus.vscode-ltex-plus-15.7.1\lib\ltex-ls-plus-18.7.0\lib\language-all-6.8.jar;c:\Users\HP\.vscode\extensions\ltex-plus.vscode-ltex-plus-15.7.1\lib\ltex-ls-plus-18.7.0\lib\language-ar-6.8.jar;c:\Users\HP\.vscode\extensions\ltex-plus.vscode-ltex-plus-15.7.1\lib\ltex-ls-plus-18.7.0\lib\language-ast-6.8.jar;c:\Users\HP\.vscode\extensions\ltex-plus.vscode-ltex-plus-15.7.1\lib\ltex-ls-plus-18.7.0\lib\language-be-6.8.jar;c:\Users\HP\.vscode\extensions\ltex-plus.vscode-ltex-plus-15.7.1\lib\ltex-ls-plus-18.7.0\lib\language-br-6.8.jar;c:\Users\HP\.vscode\extensions\ltex-plus.vscode-ltex-plus-15.7.1\lib\ltex-ls-plus-18.7.0\lib\language-ca-6.8.jar;c:\Users\HP\.vscode\extensions\ltex-plus.vscode-ltex-plus-15.7.1\lib\ltex-ls-plus-18.7.0\lib\language-crh-6.8.jar;c:\Users\HP\.vscode\extensions\ltex-plus.vscode-ltex-plus-15.7.1\lib\ltex-ls-plus-18.7.0\lib\language-da-6.8.jar;c:\Users\HP\.vscode\extensions\ltex-plus.vscode-ltex-plus-15.7.1\lib\ltex-ls-plus-18.7.0\lib\language-de-6.8.jar;c:\Users\HP\.vscode\extensions\ltex-plus.vscode-ltex-plus-15.7.1\lib\ltex-ls-plus-18.7.0\lib\language-de-DE-x-simple-language-6.8.jar;c:\Users\HP\.vscode\extensions\ltex-plus.vscode-ltex-plus-15.7.1\lib\ltex-ls-plus-18.7.0\lib\language-detector-0.6.jar;c:\Users\HP\.vscode\extensions\ltex-plus.vscode-ltex-plus-15.7.1\lib\ltex-ls-plus-18.7.0\lib\language-el-6.8.jar;c:\Users\HP\.vscode\extensions\ltex-plus.vscode-ltex-plus-15.7.1\lib\ltex-ls-plus-18.7.0\lib\language-en-6.8.jar;c:\Users\HP\.vscode\extensions\ltex-plus.vscode-ltex-plus-15.7.1\lib\ltex-ls-plus-18.7.0\lib\language-eo-6.8.jar;c:\Users\HP\.vscode\extensions\ltex-plus.vscode-ltex-plus-15.7.1\lib\ltex-ls-plus-18.7.0\lib\language-es-6.8.jar;c:\Users\HP\.vscode\extensions\ltex-plus.vscode-ltex-plus-15.7.1\lib\ltex-ls-plus-18.7.0\lib\language-fa-6.8.jar;c:\Users\HP\.vscode\extensions\ltex-plus.vscode-ltex-plus-15.7.1\lib\ltex-ls-plus-18.7.0\lib\language-fr-6.8.jar;c:\Users\HP\.vscode\extensions\ltex-plus.vscode-ltex-plus-15.7.1\lib\ltex-ls-plus-18.7.0\lib\language-ga-6.8.jar;c:\Users\HP\.vscode\extensions\ltex-plus.vscode-ltex-plus-15.7.1\lib\ltex-ls-plus-18.7.0\lib\language-gl-6.8.jar;c:\Users\HP\.vscode\extensions\ltex-plus.vscode-ltex-plus-15.7.1\lib\ltex-ls-plus-18.7.0\lib\language-it-6.8.jar;c:\Users\HP\.vscode\extensions\ltex-plus.vscode-ltex-plus-15.7.1\lib\ltex-ls-plus-18.7.0\lib\language-ja-6.8.jar;c:\Users\HP\.vscode\extensions\ltex-plus.vscode-ltex-plus-15.7.1\lib\ltex-ls-plus-18.7.0\lib\language-km-6.8.jar;c:\Users\HP\.vscode\extensions\ltex-plus.vscode-ltex-plus-15.7.1\lib\ltex-ls-plus-18.7.0\lib\language-nl-6.8.jar;c:\Users\HP\.vscode\extensions\ltex-plus.vscode-ltex-plus-15.7.1\lib\ltex-ls-plus-18.7.0\lib\language-pl-6.8.jar;c:\Users\HP\.vscode\extensions\ltex-plus.vscode-ltex-plus-15.7.1\lib\ltex-ls-plus-18.7.0\lib\language-pt-6.8.jar;c:\Users\HP\.vscode\extensions\ltex-plus.vscode-ltex-plus-15.7.1\lib\ltex-ls-plus-18.7.0\lib\language-ro-6.8.jar;c:\Users\HP\.vscode\extensions\ltex-plus.vscode-ltex-plus-15.7.1\lib\ltex-ls-plus-18.7.0\lib\language-ru-6.8.jar;c:\Users\HP\.vscode\extensions\ltex-plus.vscode-ltex-plus-15.7.1\lib\ltex-ls-plus-18.7.0\lib\language-sk-6.8.jar;c:\Users\HP\.vscode\extensions\ltex-plus.vscode-ltex-plus-15.7.1\lib\ltex-ls-plus-18.7.0\lib\language-sl-6.8.jar;c:\Users\HP\.vscode\extensions\ltex-plus.vscode-ltex-plus-15.7.1\lib\ltex-ls-plus-18.7.0\lib\language-sv-6.8.jar;c:\Users\HP\.vscode\extensions\ltex-plus.vscode-ltex-plus-15.7.1\lib\ltex-ls-plus-18.7.0\lib\language-ta-6.8.jar;c:\Users\HP\.vscode\extensions\ltex-plus.vscode-ltex-plus-15.7.1\lib\ltex-ls-plus-18.7.0\lib\language-tl-6.8.jar;c:\Users\HP\.vscode\extensions\ltex-plus.vscode-ltex-plus-15.7.1\lib\ltex-ls-plus-18.7.0\lib\language-uk-6.8.jar;c:\Users\HP\.vscode\extensions\ltex-plus.vscode-ltex-plus-15.7.1\lib\ltex-ls-plus-18.7.0\lib\language-zh-6.8.jar;c:\Users\HP\.vscode\extensions\ltex-plus.vscode-ltex-plus-15.7.1\lib\ltex-ls-plus-18.7.0\lib\languagetool-core-6.8.jar;c:\Users\HP\.vscode\extensions\ltex-plus.vscode-ltex-plus-15.7.1\lib\ltex-ls-plus-18.7.0\lib\languagetool-ga-dicts-0.02.jar;c:\Users\HP\.vscode\extensions\ltex-plus.vscode-ltex-plus-15.7.1\lib\ltex-ls-plus-18.7.0\lib\LatencyUtils-2.0.3.jar;c:\Users\HP\.vscode\extensions\ltex-plus.vscode-ltex-plus-15.7.1\lib\ltex-ls-plus-18.7.0\lib\linguistics.grammardb.spell.languagetool-1.0.2.jar;c:\Users\HP\.vscode\extensions\ltex-plus.vscode-ltex-plus-15.7.1\lib\ltex-ls-plus-18.7.0\lib\listenablefuture-9999.0-empty-to-avoid-conflict-with-guava.jar;c:\Users\HP\.vscode\extensions\ltex-plus.vscode-ltex-plus-15.7.1\lib\ltex-ls-plus-18.7.0\lib\lspcli-2.3.0.jar;c:\Users\HP\.vscode\extensions\ltex-plus.vscode-ltex-plus-15.7.1\lib\ltex-ls-plus-18.7.0\lib\ltexls-plus-18.7.0.jar;c:\Users\HP\.vscode\extensions\ltex-plus.vscode-ltex-plus-15.7.1\lib\ltex-ls-plus-18.7.0\lib\lucene-backward-codecs-5.5.5.jar;c:\Users\HP\.vscode\extensions\ltex-plus.vscode-ltex-plus-15.7.1\lib\ltex-ls-plus-18.7.0\lib\lucene-core-5.5.5.jar;c:\Users\HP\.vscode\extensions\ltex-plus.vscode-ltex-plus-15.7.1\lib\ltex-ls-plus-18.7.0\lib\lucene-gosen-6.2.1-ipadic.jar;c:\Users\HP\.vscode\extensions\ltex-plus.vscode-ltex-plus-15.7.1\lib\ltex-ls-plus-18.7.0\lib\micrometer-core-1.7.12.jar;c:\Users\HP\.vscode\extensions\ltex-plus.vscode-ltex-plus-15.7.1\lib\ltex-ls-plus-18.7.0\lib\micrometer-registry-prometheus-1.7.12.jar;c:\Users\HP\.vscode\extensions\ltex-plus.vscode-ltex-plus-15.7.1\lib\ltex-ls-plus-18.7.0\lib\morfologik-crh-lt-1.0.1.jar;c:\Users\HP\.vscode\extensions\ltex-plus.vscode-ltex-plus-15.7.1\lib\ltex-ls-plus-18.7.0\lib\morfologik-fsa-2.1.9.jar;c:\Users\HP\.vscode\extensions\ltex-plus.vscode-ltex-plus-15.7.1\lib\ltex-ls-plus-18.7.0\lib\morfologik-fsa-builders-2.1.9.jar;c:\Users\HP\.vscode\extensions\ltex-plus.vscode-ltex-plus-15.7.1\lib\ltex-ls-plus-18.7.0\lib\morfologik-speller-2.1.9.jar;c:\Users\HP\.vscode\extensions\ltex-plus.vscode-ltex-plus-15.7.1\lib\ltex-ls-plus-18.7.0\lib\morfologik-stemming-2.1.9.jar;c:\Users\HP\.vscode\extensions\ltex-plus.vscode-ltex-plus-15.7.1\lib\ltex-ls-plus-18.7.0\lib\morfologik-ukrainian-lt-6.8.0.jar;c:\Users\HP\.vscode\extensions\ltex-plus.vscode-ltex-plus-15.7.1\lib\ltex-ls-plus-18.7.0\lib\morphology-el-1.0.0.jar;c:\Users\HP\.vscode\extensions\ltex-plus.vscode-ltex-plus-15.7.1\lib\ltex-ls-plus-18.7.0\lib\opennlp-chunk-models-1.5.jar;c:\Users\HP\.vscode\extensions\ltex-plus.vscode-ltex-plus-15.7.1\lib\ltex-ls-plus-18.7.0\lib\opennlp-postag-models-1.5.jar;c:\Users\HP\.vscode\extensions\ltex-plus.vscode-ltex-plus-15.7.1\lib\ltex-ls-plus-18.7.0\lib\opennlp-tokenize-models-1.5.jar;c:\Users\HP\.vscode\extensions\ltex-plus.vscode-ltex-plus-15.7.1\lib\ltex-ls-plus-18.7.0\lib\opennlp-tools-1.9.4.jar;c:\Users\HP\.vscode\extensions\ltex-plus.vscode-ltex-plus-15.7.1\lib\ltex-ls-plus-18.7.0\lib\openregex-1.1.1.jar;c:\Users\HP\.vscode\extensions\ltex-plus.vscode-ltex-plus-15.7.1\lib\ltex-ls-plus-18.7.0\lib\opentelemetry-api-1.42.1.jar;c:\Users\HP\.vscode\extensions\ltex-plus.vscode-ltex-plus-15.7.1\lib\ltex-ls-plus-18.7.0\lib\opentelemetry-context-1.42.1.jar;c:\Users\HP\.vscode\extensions\ltex-plus.vscode-ltex-plus-15.7.1\lib\ltex-ls-plus-18.7.0\lib\opentelemetry-semconv-1.30.1-alpha.jar;c:\Users\HP\.vscode\extensions\ltex-plus.vscode-ltex-plus-15.7.1\lib\ltex-ls-plus-18.7.0\lib\org.eclipse.lsp4j-0.24.0.jar;c:\Users\HP\.vscode\extensions\ltex-plus.vscode-ltex-plus-15.7.1\lib\ltex-ls-plus-18.7.0\lib\org.eclipse.lsp4j.jsonrpc-0.24.0.jar;c:\Users\HP\.vscode\extensions\ltex-plus.vscode-ltex-plus-15.7.1\lib\ltex-ls-plus-18.7.0\lib\perfmark-api-0.27.0.jar;c:\Users\HP\.vscode\extensions\ltex-plus.vscode-ltex-plus-15.7.1\lib\ltex-ls-plus-18.7.0\lib\picocli-4.7.7.jar;c:\Users\HP\.vscode\extensions\ltex-plus.vscode-ltex-plus-15.7.1\lib\ltex-ls-plus-18.7.0\lib\portuguese-pos-dict-1.2.0.jar;c:\Users\HP\.vscode\extensions\ltex-plus.vscode-ltex-plus-15.7.1\lib\ltex-ls-plus-18.7.0\lib\proto-google-common-protos-2.59.2.jar;c:\Users\HP\.vscode\extensions\ltex-plus.vscode-ltex-plus-15.7.1\lib\ltex-ls-plus-18.7.0\lib\protobuf-java-3.25.8.jar;c:\Users\HP\.vscode\extensions\ltex-plus.vscode-ltex-plus-15.7.1\lib\ltex-ls-plus-18.7.0\lib\resilience4j-circuitbreaker-1.7.1.jar;c:\Users\HP\.vscode\extensions\ltex-plus.vscode-ltex-plus-15.7.1\lib\ltex-ls-plus-18.7.0\lib\resilience4j-core-1.7.1.jar;c:\Users\HP\.vscode\extensions\ltex-plus.vscode-ltex-plus-15.7.1\lib\ltex-ls-plus-18.7.0\lib\resilience4j-micrometer-1.7.1.jar;c:\Users\HP\.vscode\extensions\ltex-plus.vscode-ltex-plus-15.7.1\lib\ltex-ls-plus-18.7.0\lib\segment-2.0.3.jar;c:\Users\HP\.vscode\extensions\ltex-plus.vscode-ltex-plus-15.7.1\lib\ltex-ls-plus-18.7.0\lib\simpleclient-0.16.0.jar;c:\Users\HP\.vscode\extensions\ltex-plus.vscode-ltex-plus-15.7.1\lib\ltex-ls-plus-18.7.0\lib\simpleclient_common-0.10.0.jar;c:\Users\HP\.vscode\extensions\ltex-plus.vscode-ltex-plus-15.7.1\lib\ltex-ls-plus-18.7.0\lib\simpleclient_guava-0.16.0.jar;c:\Users\HP\.vscode\extensions\ltex-plus.vscode-ltex-plus-15.7.1\lib\ltex-ls-plus-18.7.0\lib\simpleclient_tracer_common-0.16.0.jar;c:\Users\HP\.vscode\extensions\ltex-plus.vscode-ltex-plus-15.7.1\lib\ltex-ls-plus-18.7.0\lib\simpleclient_tracer_otel-0.16.0.jar;c:\Users\HP\.vscode\extensions\ltex-plus.vscode-ltex-plus-15.7.1\lib\ltex-ls-plus-18.7.0\lib\simpleclient_tracer_otel_agent-0.16.0.jar;c:\Users\HP\.vscode\extensions\ltex-plus.vscode-ltex-plus-15.7.1\lib\ltex-ls-plus-18.7.0\lib\slf4j-api-2.0.16.jar;c:\Users\HP\.vscode\extensions\ltex-plus.vscode-ltex-plus-15.7.1\lib\ltex-ls-plus-18.7.0\lib\slf4j-nop-2.0.18.jar;c:\Users\HP\.vscode\extensions\ltex-plus.vscode-ltex-plus-15.7.1\lib\ltex-ls-plus-18.7.0\lib\spanish-pos-dict-2.5.jar;c:\Users\HP\.vscode\extensions\ltex-plus.vscode-ltex-plus-15.7.1\lib\ltex-ls-plus-18.7.0\lib\stax2-api-4.3.0.jar;c:\Users\HP\.vscode\extensions\ltex-plus.vscode-ltex-plus-15.7.1\lib\ltex-ls-plus-18.7.0\lib\txw2-4.0.5.jar;c:\Users\HP\.vscode\extensions\ltex-plus.vscode-ltex-plus-15.7.1\lib\ltex-ls-plus-18.7.0\lib\unit-api-1.0.jar;c:\Users\HP\.vscode\extensions\ltex-plus.vscode-ltex-plus-15.7.1\lib\ltex-ls-plus-18.7.0\lib\uom-lib-common-1.1.jar;c:\Users\HP\.vscode\extensions\ltex-plus.vscode-ltex-plus-15.7.1\lib\ltex-ls-plus-18.7.0\lib\vavr-0.10.2.jar;c:\Users\HP\.vscode\extensions\ltex-plus.vscode-ltex-plus-15.7.1\lib\ltex-ls-plus-18.7.0\lib\vavr-match-0.10.2.jar;c:\Users\HP\.vscode\extensions\ltex-plus.vscode-ltex-plus-15.7.1\lib\ltex-ls-plus-18.7.0\lib\woodstox-core-7.2.0.jar
Launcher Type: SUN_STANDARD

[Global flags]
     intx CICompilerCount                          = 4                                         {product} {ergonomic}
     uint ConcGCThreads                            = 3                                         {product} {ergonomic}
     uint G1ConcRefinementThreads                  = 10                                        {product} {ergonomic}
   size_t G1HeapRegionSize                         = 1048576                                   {product} {ergonomic}
    uintx GCDrainStackTargetSize                   = 64                                        {product} {ergonomic}
   size_t InitialHeapSize                          = 67108864                                  {product} {command line}
   size_t MarkStackSize                            = 4194304                                   {product} {ergonomic}
   size_t MaxHeapSize                              = 2147483648                                {product} {command line}
   size_t MaxNewSize                               = 1287651328                                {product} {ergonomic}
   size_t MinHeapDeltaBytes                        = 1048576                                   {product} {ergonomic}
   size_t MinHeapSize                              = 67108864                                  {product} {command line}
    uintx NonNMethodCodeHeapSize                   = 5839372                                {pd product} {ergonomic}
    uintx NonProfiledCodeHeapSize                  = 122909434                              {pd product} {ergonomic}
    uintx ProfiledCodeHeapSize                     = 122909434                              {pd product} {ergonomic}
    uintx ReservedCodeCacheSize                    = 251658240                              {pd product} {ergonomic}
     bool SegmentedCodeCache                       = true                                      {product} {ergonomic}
   size_t SoftMaxHeapSize                          = 2147483648                             {manageable} {ergonomic}
     bool UseCompressedOops                        = true                           {product lp64_product} {ergonomic}
     bool UseG1GC                                  = true                                      {product} {ergonomic}
     bool UseLargePagesIndividualAllocation        = false                                  {pd product} {ergonomic}

Logging:
Log output configuration:
 #0: stdout all=warning uptime,level,tags foldmultilines=false
 #1: stderr all=off uptime,level,tags foldmultilines=false

Release file:
JAVA_VERSION="21.0.10"
MODULES="java.base java.compiler java.datatransfer java.xml java.prefs java.desktop java.instrument java.logging java.management java.security.sasl java.naming java.rmi java.management.rmi java.net.http java.scripting java.security.jgss java.transaction.xa java.sql java.sql.rowset java.xml.crypto java.se java.smartcardio jdk.accessibility jdk.charsets jdk.crypto.ec jdk.crypto.cryptoki jdk.dynalink jdk.httpserver jdk.incubator.vector jdk.internal.vm.ci jdk.internal.vm.compiler jdk.internal.vm.compiler.management jdk.jdwp.agent jdk.jfr jdk.jsobject jdk.localedata jdk.management jdk.management.agent jdk.naming.dns jdk.naming.rmi jdk.net jdk.nio.mapmode jdk.sctp jdk.security.auth jdk.security.jgss jdk.unsupported jdk.xml.dom jdk.zipfs"

Environment Variables:
JAVA_HOME=c:\Users\HP\.vscode\extensions\ltex-plus.vscode-ltex-plus-15.7.1\lib\ltex-ls-plus-18.7.0\jdk-21.0.10+7
CLASSPATH="c:\Users\HP\.vscode\extensions\ltex-plus.vscode-ltex-plus-15.7.1\lib\ltex-ls-plus-18.7.0"\etc;"c:\Users\HP\.vscode\extensions\ltex-plus.vscode-ltex-plus-15.7.1\lib\ltex-ls-plus-18.7.0\lib"\*
JAVA_OPTS=-Xms64m -Xmx2048m
PATH=C:\Program Files\Common Files\Oracle\Java\javapath;C:\Program Files\NVIDIA GPU Computing Toolkit\CUDA\v11.2\bin;C:\Program Files\NVIDIA GPU Computing Toolkit\CUDA\v11.2\libnvvp;C:\windows\system32;C:\windows;C:\windows\System32\Wbem;C:\windows\System32\WindowsPowerShell\v1.0\;C:\windows\System32\OpenSSH\;C:\Program Files (x86)\NVIDIA Corporation\PhysX\Common;C:\Program Files\NVIDIA Corporation\NVIDIA NvDLISR;C:\Users\Administrator\AppData\Local\Microsoft\WindowsApps;C:\Program Files\HP\OMEN-Broadcast\Common;C:\WINDOWS\system32;C:\WINDOWS;C:\WINDOWS\System32\Wbem;C:\WINDOWS\System32\WindowsPowerShell\v1.0\;C:\WINDOWS\System32\OpenSSH\;c:\users\hp\appdata\local\programs\python\python312\lib\site-packages;C:\Users\HP\AppData\Local\Programs\Python\Python312\python.exe;C:\Users\HP\AppData\Local\Programs\Python\Python310;C:\Users\HP\AppData\Local\Programs\Python\Python310\Scripts;C:\Users\HP\anaconda3;C:\Users\HP\anaconda3\condabin;C:\Users\HP\anaconda3\Scripts;C:\Program Files\NVIDIA GPU Computing Toolkit\CUDA\v12.3\bin;C:\Program Files\NVIDIA GPU Computing Toolkit\CUDA\v12.3\lib\x64;C:\Program Files\NVIDIA Corporation\Nsight Compute 2020.3.1\;C:\Program Files\Java\jdk-23\bin;C:\Program Files\dotnet\;C:\Program Files\Git\cmd;C:\Program Files\Docker\Docker\resources\bin;C:\flutter\bin;C:\Program Files\MATLAB\R2025a\bin;C:\Program Files\nodejs\;C:\Users\HP\.local\bin;C:\Users\HP\AppData\Local\Programs\Python\Python312\Scripts\;C:\Users\HP\AppData\Local\Programs\Python\Python312\;C:\Users\HP\AppData\Local\Programs\Python\Python311\Scripts\;C:\Users\HP\AppData\Local\Programs\Python\Python311\;C:\Program Files\MySQL\MySQL Shell 8.0\bin\;C:\Users\HP\AppData\Local\Programs\Python\Python313\Scripts\;C:\Users\HP\AppData\Local\Programs\Python\Python313\;C:\Users\HP\AppData\Local\Microsoft\WindowsApps;C:\Users\HP\AppData\Local\Programs\Microsoft VS Code\bin;c:\users\hp\appdata\local\programs\python\python312\lib\site-packages;C:\Users\HP\AppData\Local\Packages\PythonSoftwareFoundation.Python.3.12_qbz5n2kfra8p0\LocalCache\local-packages\Python312\Scripts;C:\Users\HP\AppData\Local\Programs\Python\Python310;C:\Users\HP\AppData\Local\Programs\Python\Python310\Scripts;C:\Users\HP\anaconda3\Scripts;C:\Users\HP\anaconda3\condabin;C:\Users\HP\anaconda3;C:\Users\HP\.dotnet\tools;C:\flutter\bin;C:\Users\HP\AppData\Roaming\npm;C:\Users\HP\AppData\Local\Programs\Ollama;C:\Users\HP\.lmstudio\bin;C:\Users\HP\AppData\Local\Programs\MiKTeX\miktex\bin\x64\;C:\Users\HP\AppData\Local\Programs\MiKTeX\miktex\bin\x64
USERNAME=HP
OS=Windows_NT
PROCESSOR_IDENTIFIER=Intel64 Family 6 Model 186 Stepping 2, GenuineIntel
TMP=C:\Users\HP\AppData\Local\Temp
TEMP=C:\Users\HP\AppData\Local\Temp




Periodic native trim disabled

---------------  S Y S T E M  ---------------

OS:
 Windows 11 , 64 bit Build 26100 (10.0.26100.8972)
OS uptime: 4 days 4:34 hours
Hyper-V role detected

CPU: total 12 (initial active 12) (6 cores per cpu, 2 threads per core) family 6 model 186 stepping 2 microcode 0x4122, cx8, cmov, fxsr, ht, mmx, 3dnowpref, sse, sse2, sse3, ssse3, sse4.1, sse4.2, popcnt, lzcnt, tsc, tscinvbit, avx, avx2, aes, erms, clmul, bmi1, bmi2, adx, sha, fma, vzeroupper, clflush, clflushopt, clwb, hv, serialize, rdtscp, rdpid, fsrm, f16c, cet_ibt, cet_ss
Processor Information for the first 12 processors :
  Max Mhz: 2100, Current Mhz: 2100, Mhz Limit: 2100

Memory: 4k page, system-wide physical 7832M (308M free)
TotalPageFile size 31384M (AvailPageFile size 9M)
current process WorkingSet (physical memory assigned to process): 143M, peak: 932M
current process commit charge ("private bytes"): 1042M, peak: 1055M

vm_info: OpenJDK 64-Bit Server VM (21.0.10+7-LTS) for windows-amd64 JRE (21.0.10+7-LTS), built on 2026-01-20T00:00:00Z by "admin" with MS VC++ 17.12 (VS2022)

END.
