version 2
JvmtiExport can_access_local_variables 0
JvmtiExport can_hotswap_or_post_breakpoint 0
JvmtiExport can_post_on_exceptions 0
# 597 ciObject found
instanceKlass org/languagetool/tagging/disambiguation/MultiWordChunker
ciInstanceKlass kotlin/jvm/internal/Intrinsics 1 1 278 10 100 10 10 10 10 10 10 100 10 10 10 100 10 10 100 10 8 8 10 100 10 10 100 10 10 100 10 10 8 8 8 8 10 10 10 10 10 100 10 10 10 10 8 8 10 10 10 8 10 100 10 10 10 10 100 8 8 10 8 10 10 10 100 10 7 100 1 1 1 1 1 1 1 1 1 1 1 1 1 1 1 1 1 1 1 1 1 1 1 1 1 1 1 1 1 1 1 1 1 1 1 1 1 1 1 1 1 1 1 1 1 1 1 1 1 1 1 1 1 1 1 1 1 1 100 1 1 1 1 1 1 1 1 1 1 1 1 1 1 1 1 1 1 1 1 1 1 1 1 1 1 1 1 1 1 1 1 1 100 1 1 1 1 1 1 1 1 1 1 1 1 1 1 1 1 1 100 1 1 1 12 1 12 12 12 12 12 1 12 12 1 1 1 1 12 1 12 1 1 1 1 1 1 12 12 12 100 12 12 1 100 12 100 12 100 12 12 1 1 100 12 100 12 1 12 1 12 12 12 1 1 1 12 1 12 100 100 12 12 1 1 1 1 1 1 1 1 1 1 1 1 1 1 1 1 1 1 1 1 1 1 1 1 1 1 1 1 1 1 1 1 1 1 1 1 1
ciInstanceKlass java/lang/invoke/DirectMethodHandle$Holder 1 1 548 1 100 1 100 1 1 1 1 1 1 1 7 1 1 12 10 1 12 10 1 7 1 7 1 1 12 10 1 1 1 1 12 10 1 1 12 10 1 1 12 10 1 1 12 10 1 1 12 10 1 1 12 10 1 1 12 10 1 1 12 10 1 1 12 10 1 1 12 10 1 1 12 10 1 1 12 10 1 1 12 10 1 1 12 10 1 1 12 10 1 1 12 10 1 1 12 10 1 1 12 10 1 1 12 10 1 1 12 10 1 1 12 10 1 1 12 10 1 1 12 10 1 1 12 10 1 1 12 10 1 1 12 10 1 1 12 10 1 1 12 10 1 1 12 10 1 1 12 10 1 1 12 10 1 1 12 10 1 1 12 10 1 1 12 10 1 1 12 10 1 1 12 10 1 1 12 10 1 1 12 10 1 1 12 10 1 1 12 10 1 1 12 10 1 1 12 10 1 1 12 10 1 1 12 10 1 1 12 10 1 1 12 10 1 1 12 10 1 1 12 10 1 1 12 10 1 1 12 10 1 1 12 10 12 10 12 10 1 1 12 10 12 10 1 1 12 10 1 1 12 10 12 10 12 10 12 10 1 1 12 10 12 10 1 1 12 10 12 10 1 1 12 10 1 1 12 10 12 10 12 10 12 10 12 10 1 1 12 10 1 1 12 10 1 1 12 10 1 1 12 10 1 1 12 10 1 1 12 10 1 1 12 10 1 1 12 10 1 1 12 10 1 1 12 10 1 1 12 10 1 1 12 10 1 1 12 10 1 1 12 10 12 10 12 10 12 10 1 12 10 1 1 12 10 1 1 12 10 1 1 1 1 12 10 12 10 1 1 12 10 1 12 10 12 10 1 1 12 10 1 12 10 12 10 1 1 1 12 10 1 12 10 1 7 1 1 12 9 1 7 1 12 10 1 12 10 1 1 1 12 10 1 12 10 1 1 12 10 1 12 10 1 1 1 12 10 1 12 10 1 1 12 10 1 12 10 1 1 12 10 1 12 10 1 1 12 10 1 12 10 1 1 12 10 1 12 10 1 1 12 10 1 12 10 1 1 12 10 1 12 10 1 1 12 10 1 12 10 1 1 1 12 10 1 12 10 1 1 1 12 10 1 12 10 1 1 1 1 12 10 1 12 10 1 1 1 12 10 1 12 10 1 1 1 1 1 12 10 1 12 10 1 1 1 12 10 1 12 10 1 1 1 12 10 1 12 10 1 1 12 10 1 12 10 1 1 1
ciInstanceKlass java/lang/invoke/Invokers$Holder 1 1 128 1 100 1 100 1 1 1 1 1 1 1 7 1 7 1 7 1 1 12 10 1 1 12 10 1 1 12 10 1 1 100 1 1 12 9 1 1 1 12 10 1 1 1 12 10 1 1 12 10 1 1 12 10 1 12 10 1 1 1 12 10 1 1 100 1 1 12 10 1 12 10 1 1 12 10 1 12 10 1 1 12 10 1 1 12 10 1 12 10 1 1 12 10 1 1 12 10 1 1 12 10 1 12 10 12 10 12 10 12 10 12 10 1 1 12 10 1 1 12 10 1 1 12 10 1 1 1
ciInstanceKlass java/lang/Void 1 1 31 10 100 12 1 1 1 8 1 10 7 12 1 1 1 9 7 12 1 1 1 1 1 1 1 1 1 1 1 1 1
staticfield java/lang/Void TYPE Ljava/lang/Class; java/lang/Class
instanceKlass java/util/concurrent/CancellationException
ciInstanceKlass java/lang/IllegalStateException 1 1 35 10 7 12 1 1 1 10 12 1 10 12 1 10 12 1 100 1 1 1 1 5 0 1 1 1 1 1 1 1 1 1 1 1 1
ciInstanceKlass jdk/internal/loader/URLClassPath$JarLoader 1 1 485 7 1 8 1 8 1 7 1 10 12 1 1 10 12 1 1 8 1 10 12 1 10 12 1 1 10 7 12 1 1 1 10 7 12 1 1 9 12 1 1 9 12 1 1 9 12 1 1 9 12 1 1 9 12 1 1 10 12 1 7 1 10 12 1 9 12 1 10 7 12 1 1 8 1 10 12 1 10 7 12 1 1 1 7 1 10 12 1 10 7 12 1 1 1 7 1 10 12 1 1 7 1 10 7 12 1 1 1 9 12 1 9 12 1 1 11 100 12 1 1 1 8 1 10 12 1 10 12 1 1 10 12 1 1 7 1 10 10 12 1 1 7 1 10 12 1 10 7 1 10 100 1 10 12 1 1 10 12 1 10 12 1 1 10 12 1 1 8 1 10 12 1 10 12 1 1 8 1 9 12 1 1 10 100 12 1 1 1 100 1 10 12 1 1 10 12 1 10 7 12 1 1 10 7 12 1 1 1 10 12 1 100 1 7 1 10 12 1 10 12 1 1 10 12 1 1 10 12 1 1 11 100 12 1 1 11 12 1 1 100 1 10 12 1 10 12 1 1 10 7 12 1 1 100 1 10 12 10 12 1 1 10 12 1 1 10 7 12 1 1 1 11 7 12 1 1 1 10 12 1 1 10 7 12 1 1 1 9 7 12 1 1 1 10 7 12 1 1 1 10 12 1 1 7 1 10 10 12 1 1 10 12 1 10 12 1 9 12 1 10 12 1 1 9 12 1 9 12 1 1 8 1 8 1 10 100 12 1 1 10 100 12 1 1 1 100 1 10 12 1 1 10 12 1 10 12 1 10 12 1 9 12 1 1 10 12 1 1 10 12 1 10 10 12 1 10 12 1 1 8 1 10 12 1 10 100 12 1 1 1 10 12 1 100 1 10 12 1 1 1 1 1 1 1 1 1 1 1 1 1 1 1 1 1 1 1 1 100 1 1 1 1 1 1 1 1 1 1 1 1 1 1 1 1 1 1 1 1 100 1 1 1 1 1 1 1 1 1 1 1 1 1 1 1 1 1 1 1 1 1 1 1 1 1 1 1 1 1 1 1 1 1 1 1 1 1 1 1 100 1 100 1 1 1
staticfield jdk/internal/loader/URLClassPath$JarLoader zipAccess Ljdk/internal/access/JavaUtilZipFileAccess; java/util/zip/ZipFile$1
instanceKlass opennlp/tools/util/InvalidFormatException
instanceKlass com/google/gson/stream/MalformedJsonException
instanceKlass java/nio/charset/CharacterCodingException
instanceKlass java/net/MalformedURLException
instanceKlass java/io/CharConversionException
instanceKlass java/io/EOFException
instanceKlass java/io/ObjectStreamException
instanceKlass java/io/UnsupportedEncodingException
instanceKlass java/io/FileNotFoundException
ciInstanceKlass java/io/IOException 1 1 34 10 7 12 1 1 1 10 12 1 10 12 1 10 12 1 100 1 1 1 1 5 0 1 1 1 1 1 1 1 1 1 1 1
instanceKlass java/util/IdentityHashMap$IdentityHashMapIterator
# instanceKlass java/lang/invoke/LambdaForm$MH+0x00000001003d8400
instanceKlass com/vladsch/flexmark/util/ast/NodeIterator$1
instanceKlass com/vladsch/flexmark/util/ast/NodeIterator
instanceKlass com/vladsch/flexmark/util/ast/NodeIterable$1
instanceKlass com/vladsch/flexmark/util/ast/NodeIterable
instanceKlass com/vladsch/flexmark/util/sequence/builder/Seg
instanceKlass com/vladsch/flexmark/util/sequence/builder/SegmentStats
instanceKlass com/vladsch/flexmark/util/sequence/Range
instanceKlass com/vladsch/flexmark/util/sequence/builder/CharRecoveryOptimizer
instanceKlass com/vladsch/flexmark/util/sequence/builder/SegmentOptimizer
instanceKlass com/vladsch/flexmark/util/sequence/builder/SegmentBuilderBase
instanceKlass com/vladsch/flexmark/util/sequence/builder/SequenceBuilder
instanceKlass com/vladsch/flexmark/util/sequence/ReplacedBasedSequence
instanceKlass com/vladsch/flexmark/ast/ParagraphContainer
instanceKlass com/vladsch/flexmark/ast/ParagraphItemContainer
instanceKlass com/vladsch/flexmark/ext/tables/internal/TableParserOptions
instanceKlass  @bci com/vladsch/flexmark/util/misc/CharPredicate negate ()Lcom/vladsch/flexmark/util/misc/CharPredicate; 27 <appendix> member <vmtarget> ; # com/vladsch/flexmark/util/misc/CharPredicate$$Lambda+0x00000001003d4010
instanceKlass  @cpi com/vladsch/flexmark/util/misc/CharPredicate 258 form vmentry <vmtarget> ; # java/lang/invoke/LambdaForm$DMH+0x00000001003d8000
instanceKlass com/vladsch/flexmark/util/misc/Utils
instanceKlass com/vladsch/flexmark/util/collection/iteration/BitSetIterable
instanceKlass com/vladsch/flexmark/util/collection/OrderedSet$IndexedProxy
instanceKlass com/vladsch/flexmark/util/collection/iteration/IndexedIterable
instanceKlass com/vladsch/flexmark/util/collection/iteration/ReversibleIndexedIterable
instanceKlass com/vladsch/flexmark/util/collection/ItemFactoryMap
instanceKlass com/vladsch/flexmark/util/ast/KeepTrailingBlankLineContainer
instanceKlass com/vladsch/flexmark/parser/block/BlockContinue
instanceKlass com/vladsch/flexmark/util/ast/BlockContent
instanceKlass com/vladsch/flexmark/ext/gitlab/internal/GitLabInlineParser
instanceKlass org/bsplines/ltexls/parsing/markdown/LtexMarkdownInlineMathParser$Companion
instanceKlass org/bsplines/ltexls/parsing/markdown/LtexMarkdownInlineMathParser
instanceKlass com/vladsch/flexmark/ext/gitlab/internal/GitLabInlineMathParser
instanceKlass  @bci com/vladsch/flexmark/parser/internal/InlineParserImpl calculateInlineParserExtensions (Lcom/vladsch/flexmark/util/data/DataHolder;Ljava/util/List;)Ljava/util/Map; 76 <appendix> argL0 ; # com/vladsch/flexmark/parser/internal/InlineParserImpl$$Lambda+0x00000001003c7b90
instanceKlass com/vladsch/flexmark/util/ast/Node$1
instanceKlass com/vladsch/flexmark/util/collection/iteration/ReversiblePeekingIterator
instanceKlass com/vladsch/flexmark/util/collection/iteration/ReversiblePeekingIterable
instanceKlass com/vladsch/flexmark/util/visitor/AstNode
instanceKlass com/vladsch/flexmark/util/sequence/builder/IBasedSegmentBuilder
instanceKlass com/vladsch/flexmark/util/sequence/builder/ISegmentBuilder
instanceKlass com/vladsch/flexmark/util/sequence/IRichSequenceBase
instanceKlass com/vladsch/flexmark/util/sequence/builder/ISequenceBuilder
instanceKlass com/vladsch/flexmark/util/misc/Pair
instanceKlass com/vladsch/flexmark/util/misc/Paired
instanceKlass com/vladsch/flexmark/parser/ListOptions$ItemInterrupt
instanceKlass com/vladsch/flexmark/parser/ListOptions
instanceKlass com/vladsch/flexmark/util/ast/BlankLineContainer
instanceKlass com/vladsch/flexmark/parser/core/ThematicBreakParser$ThematicBreakOptions
instanceKlass com/vladsch/flexmark/parser/core/HeadingParser$HeadingOptions
instanceKlass com/vladsch/flexmark/parser/block/AbstractBlockParser
instanceKlass org/bsplines/ltexls/parsing/markdown/LtexMarkdownDisplayMathParser$BlockFactory$Companion
instanceKlass com/vladsch/flexmark/ext/definition/internal/DefinitionOptions
instanceKlass com/vladsch/flexmark/parser/block/AbstractBlockParserFactory
instanceKlass com/vladsch/flexmark/util/collection/OrderedMultiMap$2
instanceKlass com/vladsch/flexmark/util/collection/OrderedMultiMap$1
instanceKlass com/vladsch/flexmark/ast/util/ClassifyingBlockTracker$1
instanceKlass com/vladsch/flexmark/util/collection/OrderedMultiMap
instanceKlass com/vladsch/flexmark/util/collection/IndexedItemSetMapBase
instanceKlass com/vladsch/flexmark/util/collection/IndexedItemSetMap
instanceKlass com/vladsch/flexmark/util/collection/ClassificationBag$1
instanceKlass com/vladsch/flexmark/util/ast/NodeClassifier
instanceKlass com/vladsch/flexmark/util/collection/ClassificationBag
instanceKlass com/vladsch/flexmark/ast/util/ClassifyingBlockTracker
instanceKlass com/vladsch/flexmark/parser/internal/LinkDestinationParser
instanceKlass  @bci com/vladsch/flexmark/ast/util/Parsing <init> (Lcom/vladsch/flexmark/util/data/DataHolder;)V 870 <appendix> member <vmtarget> ; # com/vladsch/flexmark/ast/util/Parsing$$Lambda+0x00000001003be6d8
instanceKlass  @bci com/vladsch/flexmark/ast/util/Parsing <init> (Lcom/vladsch/flexmark/util/data/DataHolder;)V 851 <appendix> member <vmtarget> ; # com/vladsch/flexmark/ast/util/Parsing$$Lambda+0x00000001003be490
instanceKlass  @bci com/vladsch/flexmark/ast/util/Parsing <init> (Lcom/vladsch/flexmark/util/data/DataHolder;)V 832 <appendix> member <vmtarget> ; # com/vladsch/flexmark/ast/util/Parsing$$Lambda+0x00000001003be248
instanceKlass  @bci com/vladsch/flexmark/ast/util/Parsing <init> (Lcom/vladsch/flexmark/util/data/DataHolder;)V 813 <appendix> member <vmtarget> ; # com/vladsch/flexmark/ast/util/Parsing$$Lambda+0x00000001003be000
instanceKlass  @bci com/vladsch/flexmark/ast/util/Parsing lambda$new$4 (Lcom/vladsch/flexmark/ast/util/Parsing$PatternTypeFlags;)Ljava/util/regex/Pattern; 49 <appendix> form vmentry <vmtarget> ; # java/lang/invoke/LambdaForm$MH+0x00000001003bd000
# instanceKlass java/lang/invoke/LambdaForm$MH+0x00000001003bcc00
# instanceKlass java/lang/invoke/LambdaForm$MH+0x00000001003bc800
# instanceKlass java/lang/invoke/LambdaForm$MH+0x00000001003bc400
# instanceKlass java/lang/invoke/LambdaForm$MH+0x00000001003bc000
# instanceKlass java/lang/invoke/LambdaForm$MH+0x00000001003bbc00
# instanceKlass java/lang/invoke/LambdaForm$MH+0x00000001003bb800
instanceKlass  @bci com/vladsch/flexmark/ast/util/Parsing <init> (Lcom/vladsch/flexmark/util/data/DataHolder;)V 794 <appendix> member <vmtarget> ; # com/vladsch/flexmark/ast/util/Parsing$$Lambda+0x00000001003b7bb0
instanceKlass  @bci com/vladsch/flexmark/ast/util/Parsing <init> (Lcom/vladsch/flexmark/util/data/DataHolder;)V 775 <appendix> member <vmtarget> ; # com/vladsch/flexmark/ast/util/Parsing$$Lambda+0x00000001003b7968
instanceKlass  @bci com/vladsch/flexmark/ast/util/Parsing lambda$new$2 (Lcom/vladsch/flexmark/ast/util/Parsing$PatternTypeFlags;)Ljava/util/regex/Pattern; 71 <appendix> form vmentry <vmtarget> ; # java/lang/invoke/LambdaForm$MH+0x00000001003bb400
# instanceKlass java/lang/invoke/LambdaForm$MH+0x00000001003bb000
instanceKlass  @bci com/vladsch/flexmark/ast/util/Parsing lambda$new$2 (Lcom/vladsch/flexmark/ast/util/Parsing$PatternTypeFlags;)Ljava/util/regex/Pattern; 71 <appendix> argL3 form vmentry <vmtarget> ; # java/lang/invoke/LambdaForm$MH+0x00000001003bac00
instanceKlass  @bci com/vladsch/flexmark/ast/util/Parsing lambda$new$4 (Lcom/vladsch/flexmark/ast/util/Parsing$PatternTypeFlags;)Ljava/util/regex/Pattern; 49 <appendix> argL4 form vmentry <vmtarget> ; # java/lang/invoke/LambdaForm$MH+0x00000001003ba800
# instanceKlass java/lang/invoke/LambdaForm$MH+0x00000001003ba400
# instanceKlass java/lang/invoke/LambdaForm$MH+0x00000001003ba000
# instanceKlass java/lang/invoke/LambdaForm$MH+0x00000001003b9c00
instanceKlass  @bci com/vladsch/flexmark/ast/util/Parsing lambda$new$2 (Lcom/vladsch/flexmark/ast/util/Parsing$PatternTypeFlags;)Ljava/util/regex/Pattern; 71 <appendix> argL1 form vmentry <vmtarget> ; # java/lang/invoke/LambdaForm$MH+0x00000001003b9800
# instanceKlass java/lang/invoke/LambdaForm$MH+0x00000001003b9400
# instanceKlass java/lang/invoke/LambdaForm$MH+0x00000001003b9000
# instanceKlass java/lang/invoke/LambdaForm$MH+0x00000001003b8c00
instanceKlass  @bci com/vladsch/flexmark/ast/util/Parsing <init> (Lcom/vladsch/flexmark/util/data/DataHolder;)V 756 <appendix> member <vmtarget> ; # com/vladsch/flexmark/ast/util/Parsing$$Lambda+0x00000001003b7720
instanceKlass  @bci com/vladsch/flexmark/ast/util/Parsing getCachedPattern (Ljava/lang/String;Lcom/vladsch/flexmark/ast/util/Parsing$PatternTypeFlags;Ljava/util/function/Function;)Ljava/util/regex/Pattern; 4 <appendix> argL0 ; # com/vladsch/flexmark/ast/util/Parsing$$Lambda+0x00000001003b74e0
instanceKlass  @bci com/vladsch/flexmark/ast/util/Parsing <init> (Lcom/vladsch/flexmark/util/data/DataHolder;)V 737 <appendix> member <vmtarget> ; # com/vladsch/flexmark/ast/util/Parsing$$Lambda+0x00000001003b7298
instanceKlass com/vladsch/flexmark/ast/util/Parsing$PatternTypeFlags
instanceKlass  @bci com/vladsch/flexmark/ast/util/Parsing <clinit> ()V 40 <appendix> form vmentry <vmtarget> ; # java/lang/invoke/LambdaForm$MH+0x00000001003b8800
# instanceKlass java/lang/invoke/LambdaForm$MH+0x00000001003b8400
instanceKlass  @bci com/vladsch/flexmark/ast/util/Parsing <clinit> ()V 40 <appendix> argL3 form vmentry <vmtarget> ; # java/lang/invoke/LambdaForm$MH+0x00000001003b8000
# instanceKlass java/lang/invoke/LambdaForm$MH+0x00000001003b3c00
# instanceKlass java/lang/invoke/LambdaForm$MH+0x00000001003b3800
# instanceKlass java/lang/invoke/LambdaForm$MH+0x00000001003b3400
# instanceKlass java/lang/invoke/LambdaForm$MH+0x00000001003b3000
instanceKlass  @bci com/vladsch/flexmark/ast/util/Parsing <clinit> ()V 40 <appendix> argL1 form vmentry <vmtarget> ; # java/lang/invoke/LambdaForm$MH+0x00000001003b2c00
# instanceKlass java/lang/invoke/LambdaForm$MH+0x00000001003b2800
instanceKlass  @bci com/vladsch/flexmark/ast/util/Parsing <clinit> ()V 40 <appendix> argL1 argL0 form vmentry <vmtarget> ; # java/lang/invoke/LambdaForm$MH+0x00000001003b2400
# instanceKlass java/lang/invoke/LambdaForm$MH+0x00000001003b2000
# instanceKlass java/lang/invoke/LambdaForm$MH+0x00000001003b1c00
# instanceKlass java/lang/invoke/LambdaForm$MH+0x00000001003b1800
instanceKlass com/vladsch/flexmark/util/sequence/Escaping$7
instanceKlass com/vladsch/flexmark/util/sequence/Escaping$6
instanceKlass com/vladsch/flexmark/util/sequence/Escaping$5
instanceKlass com/vladsch/flexmark/util/sequence/Escaping$4
instanceKlass com/vladsch/flexmark/util/sequence/Escaping$3
instanceKlass com/vladsch/flexmark/util/sequence/Escaping$2
instanceKlass com/vladsch/flexmark/util/sequence/Escaping$1
instanceKlass  @bci com/vladsch/flexmark/util/sequence/Escaping <clinit> ()V 23 <appendix> form vmentry <vmtarget> ; # java/lang/invoke/LambdaForm$MH+0x00000001003b1400
# instanceKlass java/lang/invoke/LambdaForm$MH+0x00000001003b1000
# instanceKlass java/lang/invoke/LambdaForm$MH+0x00000001003b0c00
# instanceKlass java/lang/invoke/LambdaForm$MH+0x00000001003b0800
# instanceKlass java/lang/invoke/LambdaForm$MH+0x00000001003b0400
instanceKlass com/vladsch/flexmark/util/sequence/Escaping$Replacer
instanceKlass com/vladsch/flexmark/util/sequence/Escaping
instanceKlass com/vladsch/flexmark/ast/util/Parsing
instanceKlass com/vladsch/flexmark/parser/InlineParserOptions
instanceKlass org/bsplines/ltexls/parsing/markdown/MarkdownNodeSignature
instanceKlass org/bsplines/ltexls/parsing/markdown/MarkdownAnnotatedTextBuilderDefaults
instanceKlass  @bci com/vladsch/flexmark/parser/internal/PostProcessorManager calculatePostProcessors (Lcom/vladsch/flexmark/util/data/DataHolder;Ljava/util/List;)Ljava/util/List; 1 <appendix> argL0 ; # com/vladsch/flexmark/parser/internal/PostProcessorManager$$Lambda+0x00000001003b4c10
instanceKlass com/vladsch/flexmark/util/ast/NodeTracker
instanceKlass com/vladsch/flexmark/parser/internal/PostProcessorManager
instanceKlass com/vladsch/flexmark/parser/core/delimiter/EmphasisDelimiterProcessor
instanceKlass  @bci com/vladsch/flexmark/util/misc/CharPredicate standardOrAnyOf (CCC)Lcom/vladsch/flexmark/util/misc/CharPredicate; 51 <adapter> ; # java/lang/invoke/LambdaForm$MH+0x00000001003b0000
# instanceKlass java/lang/invoke/LambdaForm$DMH+0x00000001003acc00
instanceKlass  @bci com/vladsch/flexmark/util/misc/CharPredicate standardOrAnyOf (CCC)Lcom/vladsch/flexmark/util/misc/CharPredicate; 51 <appendix> form vmentry <vmtarget> ; # java/lang/invoke/LambdaForm$DMH+0x00000001003ac800
instanceKlass  @bci com/vladsch/flexmark/util/misc/CharPredicate standardOrAnyOf (CCC)Lcom/vladsch/flexmark/util/misc/CharPredicate; 51 <appendix> member <vmtarget> ; # com/vladsch/flexmark/util/misc/CharPredicate$$Lambda+0x00000001003adbe8
instanceKlass  @cpi com/vladsch/flexmark/util/misc/CharPredicate 273 form vmentry <vmtarget> ; # java/lang/invoke/LambdaForm$DMH+0x00000001003ac400
instanceKlass com/vladsch/flexmark/parser/core/HeadingParser$HeadingLeadInHandler
instanceKlass com/vladsch/flexmark/util/sequence/mappers/SpecialLeadInStartsWithCharsHandler
instanceKlass com/vladsch/flexmark/parser/core/BlockQuoteParser$BlockQuoteLeadInHandler
instanceKlass  @bci com/vladsch/flexmark/util/misc/CharPredicate standardOrAnyOf (C)Lcom/vladsch/flexmark/util/misc/CharPredicate; 55 <appendix> member <vmtarget> ; # com/vladsch/flexmark/util/misc/CharPredicate$$Lambda+0x00000001003ad2b0
instanceKlass  @bci com/vladsch/flexmark/util/misc/CharPredicate standardOrAnyOf (CC)Lcom/vladsch/flexmark/util/misc/CharPredicate; 74 <appendix> member <vmtarget> ; # com/vladsch/flexmark/util/misc/CharPredicate$$Lambda+0x00000001003ad000
instanceKlass com/vladsch/flexmark/util/sequence/mappers/SpecialLeadInCharsHandler
instanceKlass com/vladsch/flexmark/util/sequence/mappers/SpecialLeadInHandler
instanceKlass com/vladsch/flexmark/ext/definition/internal/DefinitionItemBlockParser$DefinitionLeadInHandler
instanceKlass com/vladsch/flexmark/util/collection/OrderedMap$3
instanceKlass com/vladsch/flexmark/util/misc/Ref
instanceKlass com/vladsch/flexmark/util/dependency/FirstDependent
instanceKlass com/vladsch/flexmark/util/dependency/LastDependent
instanceKlass com/vladsch/flexmark/util/collection/MapEntry
instanceKlass com/vladsch/flexmark/util/collection/iteration/BitSetIterator
instanceKlass com/vladsch/flexmark/util/collection/OrderedMap$2
instanceKlass com/vladsch/flexmark/util/collection/iteration/IndexedIterator
instanceKlass com/vladsch/flexmark/util/dependency/DependentItem
instanceKlass  @bci com/vladsch/flexmark/util/dependency/DependencyResolver resolveDependencies (Ljava/util/List;Ljava/util/function/Function;Ljava/util/function/Function;)Ljava/util/List; 49 <appendix> argL0 ; # com/vladsch/flexmark/util/dependency/DependencyResolver$$Lambda+0x00000001003ae000
instanceKlass com/vladsch/flexmark/util/collection/OrderedMap$1
instanceKlass com/vladsch/flexmark/util/collection/OrderedSet
instanceKlass com/vladsch/flexmark/util/collection/iteration/ReversibleIterable
instanceKlass com/vladsch/flexmark/util/collection/iteration/Indexed
instanceKlass com/vladsch/flexmark/util/collection/iteration/ReversibleIndexedIterator
instanceKlass com/vladsch/flexmark/util/collection/iteration/ReversibleIterator
instanceKlass com/vladsch/flexmark/util/collection/CollectionHost
instanceKlass com/vladsch/flexmark/util/collection/OrderedMap
instanceKlass com/vladsch/flexmark/util/dependency/DependencyResolver
instanceKlass com/vladsch/flexmark/parser/core/ReferencePreProcessorFactory
instanceKlass com/vladsch/flexmark/parser/core/IndentedCodeBlockParser$Factory
instanceKlass com/vladsch/flexmark/parser/core/ListBlockParser$Factory
instanceKlass com/vladsch/flexmark/parser/core/ThematicBreakParser$Factory
instanceKlass com/vladsch/flexmark/parser/core/HtmlBlockParser$Factory
instanceKlass com/vladsch/flexmark/parser/core/FencedCodeBlockParser$Factory
instanceKlass com/vladsch/flexmark/parser/core/HeadingParser$Factory
instanceKlass com/vladsch/flexmark/parser/core/BlockQuoteParser$Factory
instanceKlass  @bci com/vladsch/flexmark/parser/internal/DocumentParser <clinit> ()V 0 <appendix> argL0 ; # com/vladsch/flexmark/parser/internal/DocumentParser$$Lambda+0x00000001003a8950
instanceKlass  @cpi com/vladsch/flexmark/parser/internal/DocumentParser 784 form vmentry <vmtarget> ; # java/lang/invoke/LambdaForm$DMH+0x00000001003ac000
instanceKlass com/vladsch/flexmark/util/ast/ReferenceNode
instanceKlass com/vladsch/flexmark/ast/LinkRendered
instanceKlass com/vladsch/flexmark/util/ast/ReferencingNode
instanceKlass com/vladsch/flexmark/ast/LinkRefDerived
instanceKlass com/vladsch/flexmark/util/ast/DoNotLinkDecorate
instanceKlass com/vladsch/flexmark/util/ast/DoNotTrim
instanceKlass com/vladsch/flexmark/util/ast/DoNotAttributeDecorate
instanceKlass com/vladsch/flexmark/parser/delimiter/DelimiterRun
instanceKlass com/vladsch/flexmark/parser/LightInlineParserImpl
instanceKlass com/vladsch/flexmark/parser/InlineParser
instanceKlass com/vladsch/flexmark/parser/LightInlineParser
instanceKlass com/vladsch/flexmark/parser/internal/LinkRefProcessorData
instanceKlass com/vladsch/flexmark/parser/InlineParserFactory
instanceKlass com/vladsch/flexmark/parser/block/MatchedBlockParser
instanceKlass com/vladsch/flexmark/util/sequence/BasedSequence
instanceKlass com/vladsch/flexmark/util/sequence/BasedOptionsHolder
instanceKlass com/vladsch/flexmark/util/sequence/IRichSequence
instanceKlass com/vladsch/flexmark/parser/block/BlockParser
instanceKlass com/vladsch/flexmark/parser/internal/DocumentParser
instanceKlass com/vladsch/flexmark/parser/block/ParserState
instanceKlass com/vladsch/flexmark/parser/block/BlockParserTracker
instanceKlass com/vladsch/flexmark/util/ast/BlockTracker
instanceKlass com/vladsch/flexmark/ext/yaml/front/matter/internal/YamlFrontMatterBlockParser$Factory
instanceKlass com/vladsch/flexmark/ext/tables/internal/TableParagraphPreProcessor$3
instanceKlass com/vladsch/flexmark/ext/tables/internal/TableParagraphPreProcessor$2
instanceKlass com/vladsch/flexmark/ext/tables/internal/TableParagraphPreProcessor$1
instanceKlass com/vladsch/flexmark/parser/block/CharacterNodeFactory
instanceKlass com/vladsch/flexmark/util/ast/DoNotCollectText
instanceKlass com/vladsch/flexmark/util/ast/BlankLineBreakNode
instanceKlass com/vladsch/flexmark/util/ast/LineBreakNode
instanceKlass com/vladsch/flexmark/util/ast/DoNotDecorate
instanceKlass com/vladsch/flexmark/parser/block/ParagraphPreProcessorFactory
instanceKlass com/vladsch/flexmark/ext/tables/internal/TableParagraphPreProcessor
instanceKlass com/vladsch/flexmark/parser/block/ParagraphPreProcessor
instanceKlass com/vladsch/flexmark/util/ast/DelimitedNode
instanceKlass com/vladsch/flexmark/util/ast/TextContainer
instanceKlass com/vladsch/flexmark/ext/gfm/strikethrough/internal/StrikethroughDelimiterProcessor
instanceKlass org/bsplines/ltexls/parsing/markdown/LtexMarkdownInlineMathParser$Factory
instanceKlass org/bsplines/ltexls/parsing/markdown/LtexMarkdownDisplayMathParser$Factory
instanceKlass org/bsplines/ltexls/parsing/markdown/LtexMarkdownOptions
instanceKlass com/vladsch/flexmark/ext/gitlab/internal/GitLabInlineMathParser$Factory
instanceKlass com/vladsch/flexmark/parser/InlineParserExtension
instanceKlass com/vladsch/flexmark/ext/gitlab/internal/GitLabInlineParser$Factory
instanceKlass com/vladsch/flexmark/ext/gitlab/internal/GitLabBlockQuoteParser$Factory
instanceKlass com/vladsch/flexmark/ext/gitlab/internal/GitLabOptions
instanceKlass com/vladsch/flexmark/ext/definition/internal/DefinitionListBlockPreProcessor$Factory
instanceKlass com/vladsch/flexmark/parser/block/BlockPreProcessor
instanceKlass com/vladsch/flexmark/ext/definition/internal/DefinitionListItemBlockPreProcessor$Factory
instanceKlass  @bci com/vladsch/flexmark/util/builder/BuilderBase addExtensionApiPoint (Ljava/lang/Object;)V 19 <appendix> argL0 ; # com/vladsch/flexmark/util/builder/BuilderBase$$Lambda+0x0000000100397868
instanceKlass com/vladsch/flexmark/parser/block/BlockParserFactory
instanceKlass com/vladsch/flexmark/ext/definition/internal/DefinitionItemBlockParser$Factory
instanceKlass  @bci com/vladsch/flexmark/util/data/DataKeyBase get (Lcom/vladsch/flexmark/util/data/DataHolder;)Ljava/lang/Object; 14 <appendix> member <vmtarget> ; # com/vladsch/flexmark/util/data/DataKeyBase$$Lambda+0x0000000100397120
instanceKlass com/vladsch/flexmark/ext/yaml/front/matter/YamlFrontMatterExtension
instanceKlass com/vladsch/flexmark/util/format/CharWidthProvider$1
instanceKlass com/vladsch/flexmark/util/format/CharWidthProvider
instanceKlass  @bci com/vladsch/flexmark/util/format/TableManipulator <clinit> ()V 0 <appendix> argL0 ; # com/vladsch/flexmark/util/format/TableManipulator$$Lambda+0x0000000100396000
instanceKlass  @cpi com/vladsch/flexmark/util/format/TableManipulator 24 form vmentry <vmtarget> ; # java/lang/invoke/LambdaForm$DMH+0x0000000100394000
instanceKlass com/vladsch/flexmark/util/format/MarkdownTable
instanceKlass com/vladsch/flexmark/util/format/TableManipulator
instanceKlass  @bci com/vladsch/flexmark/util/data/NullableDataKey <init> (Ljava/lang/String;Ljava/lang/Object;)V 4 <appendix> member <vmtarget> ; # com/vladsch/flexmark/util/data/NullableDataKey$$Lambda+0x0000000100389d60
instanceKlass  @bci com/vladsch/flexmark/util/format/TableFormatOptions <clinit> ()V 6 <appendix> argL0 ; # com/vladsch/flexmark/util/format/TableFormatOptions$$Lambda+0x0000000100393060
instanceKlass  @bci com/vladsch/flexmark/util/sequence/SequenceUtils <clinit> ()V 119 <appendix> argL0 ; # com/vladsch/flexmark/util/sequence/SequenceUtils$$Lambda+0x0000000100392db0
instanceKlass  @bci com/vladsch/flexmark/util/misc/CharPredicate <clinit> ()V 230 <appendix> argL0 ; # com/vladsch/flexmark/util/misc/CharPredicate$$Lambda+0x0000000100392b00
instanceKlass  @bci com/vladsch/flexmark/util/misc/CharPredicate <clinit> ()V 222 <appendix> argL0 ; # com/vladsch/flexmark/util/misc/CharPredicate$$Lambda+0x0000000100392850
instanceKlass  @bci com/vladsch/flexmark/util/misc/CharPredicate <clinit> ()V 214 <appendix> argL0 ; # com/vladsch/flexmark/util/misc/CharPredicate$$Lambda+0x00000001003925a0
instanceKlass  @bci com/vladsch/flexmark/util/misc/CharPredicate <clinit> ()V 206 <appendix> argL0 ; # com/vladsch/flexmark/util/misc/CharPredicate$$Lambda+0x00000001003922f0
instanceKlass  @bci com/vladsch/flexmark/util/misc/CharPredicate <clinit> ()V 198 <appendix> argL0 ; # com/vladsch/flexmark/util/misc/CharPredicate$$Lambda+0x0000000100392040
instanceKlass  @bci com/vladsch/flexmark/util/misc/CharPredicate <clinit> ()V 190 <appendix> argL0 ; # com/vladsch/flexmark/util/misc/CharPredicate$$Lambda+0x0000000100391d90
instanceKlass  @bci com/vladsch/flexmark/util/misc/CharPredicate <clinit> ()V 182 <appendix> argL0 ; # com/vladsch/flexmark/util/misc/CharPredicate$$Lambda+0x0000000100391ae0
instanceKlass  @bci com/vladsch/flexmark/util/misc/CharPredicate <clinit> ()V 174 <appendix> argL0 ; # com/vladsch/flexmark/util/misc/CharPredicate$$Lambda+0x0000000100391830
instanceKlass  @bci com/vladsch/flexmark/util/misc/CharPredicate <clinit> ()V 166 <appendix> argL0 ; # com/vladsch/flexmark/util/misc/CharPredicate$$Lambda+0x0000000100391580
instanceKlass  @bci com/vladsch/flexmark/util/misc/CharPredicate <clinit> ()V 158 <appendix> argL0 ; # com/vladsch/flexmark/util/misc/CharPredicate$$Lambda+0x00000001003912d0
instanceKlass  @bci com/vladsch/flexmark/util/misc/CharPredicate <clinit> ()V 150 <appendix> argL0 ; # com/vladsch/flexmark/util/misc/CharPredicate$$Lambda+0x0000000100391020
instanceKlass  @bci com/vladsch/flexmark/util/misc/CharPredicate <clinit> ()V 142 <appendix> argL0 ; # com/vladsch/flexmark/util/misc/CharPredicate$$Lambda+0x0000000100390d70
instanceKlass  @bci com/vladsch/flexmark/util/misc/CharPredicate <clinit> ()V 134 <appendix> argL0 ; # com/vladsch/flexmark/util/misc/CharPredicate$$Lambda+0x0000000100390ac0
instanceKlass  @bci com/vladsch/flexmark/util/misc/CharPredicate <clinit> ()V 126 <appendix> argL0 ; # com/vladsch/flexmark/util/misc/CharPredicate$$Lambda+0x0000000100390810
instanceKlass  @bci com/vladsch/flexmark/util/misc/CharPredicate <clinit> ()V 118 <appendix> argL0 ; # com/vladsch/flexmark/util/misc/CharPredicate$$Lambda+0x0000000100390560
instanceKlass  @bci com/vladsch/flexmark/util/misc/CharPredicate <clinit> ()V 110 <appendix> argL0 ; # com/vladsch/flexmark/util/misc/CharPredicate$$Lambda+0x00000001003902b0
instanceKlass  @bci com/vladsch/flexmark/util/misc/CharPredicate <clinit> ()V 102 <appendix> argL0 ; # com/vladsch/flexmark/util/misc/CharPredicate$$Lambda+0x0000000100390000
instanceKlass  @bci com/vladsch/flexmark/util/misc/CharPredicate <clinit> ()V 94 <appendix> argL0 ; # com/vladsch/flexmark/util/misc/CharPredicate$$Lambda+0x0000000100389ab0
instanceKlass  @bci com/vladsch/flexmark/util/misc/CharPredicate <clinit> ()V 86 <appendix> argL0 ; # com/vladsch/flexmark/util/misc/CharPredicate$$Lambda+0x0000000100389800
instanceKlass  @bci com/vladsch/flexmark/util/misc/CharPredicate <clinit> ()V 78 <appendix> argL0 ; # com/vladsch/flexmark/util/misc/CharPredicate$$Lambda+0x0000000100228000
instanceKlass  @bci com/vladsch/flexmark/util/misc/CharPredicate <clinit> ()V 70 <appendix> argL0 ; # com/vladsch/flexmark/util/misc/CharPredicate$$Lambda+0x0000000100228800
instanceKlass  @bci com/vladsch/flexmark/util/misc/CharPredicate <clinit> ()V 62 <appendix> argL0 ; # com/vladsch/flexmark/util/misc/CharPredicate$$Lambda+0x0000000100229400
instanceKlass  @bci com/vladsch/flexmark/util/misc/CharPredicate <clinit> ()V 54 <appendix> argL0 ; # com/vladsch/flexmark/util/misc/CharPredicate$$Lambda+0x00000001000d8000
instanceKlass  @bci com/vladsch/flexmark/util/misc/CharPredicate <clinit> ()V 46 <appendix> argL0 ; # com/vladsch/flexmark/util/misc/CharPredicate$$Lambda+0x0000000100104c00
instanceKlass  @bci com/vladsch/flexmark/util/misc/CharPredicate <clinit> ()V 38 <appendix> argL0 ; # com/vladsch/flexmark/util/misc/CharPredicate$$Lambda+0x0000000100107800
instanceKlass  @bci com/vladsch/flexmark/util/misc/CharPredicate <clinit> ()V 30 <appendix> argL0 ; # com/vladsch/flexmark/util/misc/CharPredicate$$Lambda+0x0000000100118400
instanceKlass  @bci com/vladsch/flexmark/util/misc/CharPredicate <clinit> ()V 22 <appendix> argL0 ; # com/vladsch/flexmark/util/misc/CharPredicate$$Lambda+0x0000000100119400
instanceKlass  @bci com/vladsch/flexmark/util/misc/CharPredicate <clinit> ()V 14 <appendix> argL0 ; # com/vladsch/flexmark/util/misc/CharPredicate$$Lambda+0x0000000100119c00
instanceKlass  @bci com/vladsch/flexmark/util/misc/CharPredicate <clinit> ()V 6 <appendix> argL0 ; # com/vladsch/flexmark/util/misc/CharPredicate$$Lambda+0x000000010011b000
instanceKlass  @cpi com/vladsch/flexmark/util/misc/CharPredicate 305 form vmentry <vmtarget> ; # java/lang/invoke/LambdaForm$DMH+0x0000000100221000
instanceKlass com/vladsch/flexmark/util/misc/CharPredicate$1
instanceKlass com/vladsch/flexmark/util/misc/CharPredicate
instanceKlass com/vladsch/flexmark/util/sequence/SequenceUtils
instanceKlass com/vladsch/flexmark/util/format/TableFormatOptions
instanceKlass com/vladsch/flexmark/ext/tables/TablesExtension
instanceKlass com/vladsch/flexmark/ext/gfm/strikethrough/StrikethroughSubscriptExtension
instanceKlass com/vladsch/flexmark/parser/delimiter/DelimiterProcessor
instanceKlass com/vladsch/flexmark/ext/gfm/strikethrough/StrikethroughExtension
instanceKlass org/bsplines/ltexls/parsing/markdown/LtexMarkdownExtension$Companion
instanceKlass org/bsplines/ltexls/parsing/markdown/LtexMarkdownExtension
instanceKlass com/vladsch/flexmark/util/misc/BitField
# instanceKlass java/lang/invoke/LambdaForm$MH+0x000000010036a400
instanceKlass com/vladsch/flexmark/util/misc/BitFieldSet$UniverseLoader
instanceKlass  @bci com/vladsch/flexmark/html/HtmlRenderer <clinit> ()V 482 <appendix> argL0 ; # com/vladsch/flexmark/html/HtmlRenderer$$Lambda+0x00000001002b4270
instanceKlass  @bci com/vladsch/flexmark/util/data/DataKey <init> (Ljava/lang/String;Lcom/vladsch/flexmark/util/data/NotNullValueSupplier;)V 9 <appendix> member <vmtarget> ; # com/vladsch/flexmark/util/data/DataKey$$Lambda+0x00000001002b4000
instanceKlass  @bci com/vladsch/flexmark/html/HtmlRenderer <clinit> ()V 393 <appendix> argL0 ; # com/vladsch/flexmark/html/HtmlRenderer$$Lambda+0x00000001002c0468
instanceKlass com/vladsch/flexmark/util/data/NotNullValueSupplier
instanceKlass  @bci com/vladsch/flexmark/util/data/NullableDataKey <init> (Ljava/lang/String;)V 3 <appendix> argL0 ; # com/vladsch/flexmark/util/data/NullableDataKey$$Lambda+0x00000001002c0000
instanceKlass com/vladsch/flexmark/util/sequence/LineAppendable
instanceKlass com/vladsch/flexmark/html/HtmlRenderer
instanceKlass com/vladsch/flexmark/util/ast/IRender
instanceKlass com/vladsch/flexmark/parser/InlineParserExtensionFactory
instanceKlass com/vladsch/flexmark/ext/gitlab/GitLabExtension
instanceKlass com/vladsch/flexmark/formatter/NodeFormatterFactory
instanceKlass com/vladsch/flexmark/html/renderer/NodeRendererFactory
instanceKlass com/vladsch/flexmark/parser/block/BlockPreProcessorFactory
instanceKlass com/vladsch/flexmark/parser/block/CustomBlockParserFactory
instanceKlass com/vladsch/flexmark/util/dependency/Dependent
instanceKlass com/vladsch/flexmark/ext/definition/DefinitionExtension
instanceKlass com/vladsch/flexmark/formatter/Formatter$FormatterExtension
instanceKlass com/vladsch/flexmark/html/HtmlRenderer$HtmlRendererExtension
instanceKlass com/vladsch/flexmark/parser/Parser$ParserExtension
instanceKlass  @bci com/vladsch/flexmark/util/data/DataKey <init> (Ljava/lang/String;Lcom/vladsch/flexmark/util/data/DataKey;)V 12 <appendix> member <vmtarget> ; # com/vladsch/flexmark/util/data/DataKey$$Lambda+0x0000000100364800
instanceKlass  @bci com/vladsch/flexmark/parser/Parser <clinit> ()V 35 <appendix> argL0 ; # com/vladsch/flexmark/parser/Parser$$Lambda+0x000000010022bc38
instanceKlass com/vladsch/flexmark/util/ast/NodeRepository
instanceKlass  @bci com/vladsch/flexmark/util/data/SharedDataKeys <clinit> ()V 542 <appendix> member <vmtarget> ; # com/vladsch/flexmark/util/data/SharedDataKeys$$Lambda+0x000000010022b7b0
instanceKlass  @bci com/vladsch/flexmark/util/data/SharedDataKeys <clinit> ()V 513 <appendix> member <vmtarget> ; # com/vladsch/flexmark/util/data/SharedDataKeys$$Lambda+0x000000010022b520
instanceKlass  @bci com/vladsch/flexmark/util/data/SharedDataKeys <clinit> ()V 484 <appendix> member <vmtarget> ; # com/vladsch/flexmark/util/data/SharedDataKeys$$Lambda+0x000000010022b290
instanceKlass  @bci com/vladsch/flexmark/util/data/SharedDataKeys <clinit> ()V 49 <appendix> member <vmtarget> ; # com/vladsch/flexmark/util/data/SharedDataKeys$$Lambda+0x000000010022b000
instanceKlass  @bci com/vladsch/flexmark/util/data/DataKey <init> (Ljava/lang/String;Ljava/lang/Object;)V 4 <appendix> member <vmtarget> ; # com/vladsch/flexmark/util/data/DataKey$$Lambda+0x00000001002b5b00
instanceKlass com/vladsch/flexmark/util/data/DataNotNullValueFactory
instanceKlass com/vladsch/flexmark/util/misc/Extension
instanceKlass com/vladsch/flexmark/util/data/DataValueFactory
instanceKlass com/vladsch/flexmark/util/data/SharedDataKeys
instanceKlass com/vladsch/flexmark/util/ast/Content
instanceKlass com/vladsch/flexmark/util/ast/Node
instanceKlass com/vladsch/flexmark/parser/Parser
instanceKlass com/vladsch/flexmark/util/ast/IParse
instanceKlass com/vladsch/flexmark/util/data/DataKeyBase
instanceKlass com/vladsch/flexmark/util/data/MutableDataValueSetter
instanceKlass com/vladsch/flexmark/util/data/DataSet
instanceKlass com/vladsch/flexmark/util/data/MutableDataHolder
instanceKlass com/vladsch/flexmark/util/data/DataHolder
instanceKlass com/vladsch/flexmark/util/data/MutableDataSetter
instanceKlass org/bsplines/ltexls/parsing/markdown/MarkdownAnnotatedTextBuilder$Companion
instanceKlass org/bsplines/ltexls/parsing/markdown/MarkdownFragmentizer$Companion
instanceKlass org/apache/commons/lang3/stream/LangCollectors$1
# instanceKlass java/lang/invoke/LambdaForm$MH+0x000000010022a800
# instanceKlass java/lang/invoke/LambdaForm$MH+0x0000000100230400
# instanceKlass java/lang/invoke/LambdaForm$MH+0x0000000100231000
# instanceKlass java/lang/invoke/LambdaForm$MH+0x0000000100231800
# instanceKlass java/lang/invoke/LambdaForm$DMH+0x00000001002b4800
# instanceKlass java/lang/invoke/LambdaForm$MH+0x00000001002b6400
# instanceKlass java/lang/invoke/LambdaForm$MH+0x00000001002b6800
# instanceKlass java/lang/invoke/LambdaForm$DMH+0x00000001002c0800
# instanceKlass java/lang/invoke/LambdaForm$MH+0x00000001002c1400
# instanceKlass java/lang/invoke/LambdaForm$DMH+0x00000001002c2000
# instanceKlass java/lang/invoke/LambdaForm$MH+0x00000001002c2c00
# instanceKlass java/lang/invoke/LambdaForm$MH+0x000000010030cc00
# instanceKlass java/lang/invoke/LambdaForm$DMH+0x0000000100328c00
instanceKlass java/lang/StringUTF16$CodePointsSpliterator
# instanceKlass java/lang/invoke/LambdaForm$MH+0x0000000100389400
# instanceKlass java/lang/invoke/LambdaForm$MH+0x0000000100389000
# instanceKlass java/lang/invoke/LambdaForm$DMH+0x0000000100388c00
instanceKlass org/eclipse/lsp4j/adapters/CompletionItemDefaultsEditRangeTypeAdapter
instanceKlass org/eclipse/lsp4j/InsertReplaceRange
instanceKlass org/eclipse/lsp4j/adapters/CompletionItemTextEditTypeAdapter
instanceKlass org/eclipse/lsp4j/InsertReplaceEdit
instanceKlass org/eclipse/lsp4j/MarkupContent
instanceKlass org/eclipse/lsp4j/CompletionItemLabelDetails
instanceKlass org/eclipse/lsp4j/CompletionItemDefaults
instanceKlass org/eclipse/lsp4j/CompletionContext
instanceKlass kotlin/jvm/internal/DefaultConstructorMarker
instanceKlass org/eclipse/lsp4j/ChangeAnnotation
instanceKlass  @bci org/eclipse/lsp4j/adapters/DocumentChangeListAdapter create (Lcom/google/gson/Gson;Lcom/google/gson/reflect/TypeToken;)Lcom/google/gson/TypeAdapter; 62 <appendix> argL0 ; # org/eclipse/lsp4j/adapters/DocumentChangeListAdapter$$Lambda+0x000000010038da88
instanceKlass org/eclipse/lsp4j/RenameFileOptions
instanceKlass org/eclipse/lsp4j/DeleteFileOptions
instanceKlass org/eclipse/lsp4j/CreateFileOptions
instanceKlass org/eclipse/lsp4j/adapters/ResourceOperationTypeAdapter
instanceKlass  @bci java/util/function/Predicate and (Ljava/util/function/Predicate;)Ljava/util/function/Predicate; 7 <appendix> member <vmtarget> ; # java/util/function/Predicate$$Lambda+0x0000000100270e08
instanceKlass org/eclipse/lsp4j/adapters/DocumentChangeListAdapter
instanceKlass org/eclipse/lsp4j/ResourceOperation
instanceKlass  @bci com/google/gson/internal/ConstructorConstructor newMapConstructor (Ljava/lang/reflect/Type;Ljava/lang/Class;)Lcom/google/gson/internal/ObjectConstructor; 16 <appendix> argL0 ; # com/google/gson/internal/ConstructorConstructor$$Lambda+0x000000010038c000
instanceKlass org/eclipse/lsp4j/CodeActionDisabled
instanceKlass org/eclipse/lsp4j/TextDocumentEdit
instanceKlass org/eclipse/lsp4j/jsonrpc/CompletableFutures$FutureCancelChecker
instanceKlass org/eclipse/lsp4j/jsonrpc/CompletableFutures
instanceKlass  @bci org/bsplines/ltexls/server/LtexTextDocumentService codeAction (Lorg/eclipse/lsp4j/CodeActionParams;)Ljava/util/concurrent/CompletableFuture; 124 <appendix> member <vmtarget> ; # org/bsplines/ltexls/server/LtexTextDocumentService$$Lambda+0x00000001003873e0
instanceKlass java/time/Instant$1
instanceKlass java/lang/Thread$ThreadNumbering
instanceKlass org/bsplines/ltexls/server/DelayedDiagnosticsPublisherRunnable$Companion
instanceKlass org/bsplines/ltexls/server/DelayedDiagnosticsPublisherRunnable
# instanceKlass java/lang/invoke/LambdaForm$MH+0x0000000100388800
# instanceKlass java/lang/invoke/LambdaForm$MH+0x0000000100388400
# instanceKlass java/lang/invoke/LambdaForm$MH+0x0000000100388000
# instanceKlass java/lang/invoke/LambdaForm$MH+0x0000000100383c00
# instanceKlass java/lang/invoke/LambdaForm$MH+0x0000000100383800
# instanceKlass java/lang/invoke/LambdaForm$MH+0x0000000100383400
# instanceKlass java/lang/invoke/LambdaForm$MH+0x0000000100383000
# instanceKlass java/lang/invoke/LambdaForm$MH+0x0000000100382c00
# instanceKlass java/lang/invoke/LambdaForm$MH+0x0000000100382800
# instanceKlass java/lang/invoke/LambdaForm$MH+0x0000000100382400
# instanceKlass java/lang/invoke/LambdaForm$MH+0x0000000100382000
# instanceKlass java/lang/invoke/LambdaForm$MH+0x0000000100381c00
instanceKlass  @bci org/languagetool/rules/AbstractCompoundRule match (Lorg/languagetool/AnalyzedSentence;)[Lorg/languagetool/rules/RuleMatch; 497 <appendix> member <vmtarget> ; # org/languagetool/rules/AbstractCompoundRule$$Lambda+0x0000000100386d58
instanceKlass it/unimi/dsi/fastutil/objects/ObjectOpenHashSet$SetSpliterator
instanceKlass org/bsplines/ltexls/parsing/latex/LatexCommandSignatureMatch
# instanceKlass java/lang/invoke/LambdaForm$MH+0x0000000100381800
# instanceKlass java/lang/invoke/LambdaForm$MH+0x0000000100381400
instanceKlass  @bci org/bsplines/ltexls/server/LtexTextDocumentService didChange (Lorg/eclipse/lsp4j/DidChangeTextDocumentParams;)V 53 <appendix> member <vmtarget> ; # org/bsplines/ltexls/server/LtexTextDocumentService$$Lambda+0x0000000100386668
instanceKlass org/eclipse/lsp4j/TextDocumentContentChangeEvent
instanceKlass org/eclipse/lsp4j/adapters/VersionedTextDocumentIdentifierTypeAdapter$Factory
instanceKlass java/util/logging/LogManager$CloseOnReset
instanceKlass com/google/gson/internal/bind/NumberTypeAdapter$2
instanceKlass  @bci org/bsplines/ltexls/parsing/FragmentCache evictIdleOlderThan (J)V 31 <appendix> member <vmtarget> ; # org/bsplines/ltexls/parsing/FragmentCache$$Lambda+0x0000000100385920
instanceKlass  @bci org/bsplines/ltexls/parsing/FragmentCache evictIdleOlderThan (J)V 26 <appendix> form vmentry <vmtarget> ; # java/lang/invoke/LambdaForm$DMH+0x0000000100381000
instanceKlass  @bci org/bsplines/ltexls/parsing/FragmentCache evictIdleOlderThan (J)V 26 <appendix> member <vmtarget> ; # org/bsplines/ltexls/parsing/FragmentCache$$Lambda+0x0000000100385700
instanceKlass  @cpi org/bsplines/ltexls/parsing/FragmentCache 138 form vmentry <vmtarget> ; # java/lang/invoke/LambdaForm$DMH+0x0000000100380c00
instanceKlass java/net/URLEncoder
instanceKlass kotlin/comparisons/ComparisonsKt__ComparisonsKt
instanceKlass org/bsplines/ltexls/parsing/CachedFragment
instanceKlass org/bsplines/ltexls/settings/HiddenFalsePositive$Companion
instanceKlass org/bsplines/ltexls/settings/HiddenFalsePositive
# instanceKlass java/lang/invoke/LambdaForm$MH+0x0000000100380800
instanceKlass kotlin/math/MathKt__MathHKt
instanceKlass  @bci org/bsplines/ltexls/parsing/AnnotatedTextFragment$Companion searchPlainTextPos (Ljava/util/List;IZ)I 0 <appendix> argL0 ; # org/bsplines/ltexls/parsing/AnnotatedTextFragment$Companion$$Lambda+0x0000000100384000
# instanceKlass java/lang/invoke/LambdaForm$MH+0x0000000100380400
# instanceKlass java/lang/invoke/LambdaForm$DMH+0x0000000100380000
instanceKlass org/bsplines/ltexls/parsing/AnnotatedTextFragment$Companion$WhenMappings
instanceKlass org/bsplines/ltexls/languagetool/LanguageToolRuleMatch$Companion
instanceKlass org/bsplines/ltexls/languagetool/LanguageToolRuleMatch
instanceKlass java/util/AbstractList$RandomAccessSpliterator
instanceKlass  @bci org/languagetool/JLanguageTool checkInternalWithCustomRules (Lorg/languagetool/rules/patterns/RuleSet;Lorg/languagetool/markup/AnnotatedText;Lorg/languagetool/JLanguageTool$ParagraphHandling;Lorg/languagetool/RuleMatchListener;Lorg/languagetool/JLanguageTool$Mode;Lorg/languagetool/JLanguageTool$Level;Ljava/util/Set;Ljava/lang/Long;Ljava/util/List;Ljava/util/List;)Lorg/languagetool/CheckResults; 537 <appendix> member <vmtarget> ; # org/languagetool/JLanguageTool$$Lambda+0x000000010037bdc8
instanceKlass  @bci org/languagetool/rules/GRPCPostProcessing get (Lorg/languagetool/Language;)Ljava/util/List; 38 <appendix> argL0 ; # org/languagetool/rules/GRPCPostProcessing$$Lambda+0x0000000100379708
instanceKlass  @bci org/languagetool/rules/GRPCPostProcessing get (Lorg/languagetool/Language;)Ljava/util/List; 28 <appendix> member <vmtarget> ; # org/languagetool/rules/GRPCPostProcessing$$Lambda+0x00000001003794c0
instanceKlass io/grpc/Channel
instanceKlass org/languagetool/rules/GRPCPostProcessing
instanceKlass org/languagetool/rules/CleanOverlappingFilter
instanceKlass  @bci org/languagetool/rules/patterns/RuleSet allRuleIds ()Ljava/util/Set; 19 <appendix> argL0 ; # org/languagetool/rules/patterns/RuleSet$$Lambda+0x000000010037b508
instanceKlass org/languagetool/rules/LanguageDependentRuleMatchFilter
instanceKlass  @bci org/languagetool/JLanguageTool filterMatches (Lorg/languagetool/markup/AnnotatedText;Lorg/languagetool/rules/patterns/RuleSet;Ljava/util/List;Lorg/languagetool/JLanguageTool$Level;Ljava/util/Set;Ljava/util/Map;)Ljava/util/List; 70 <appendix> member <vmtarget> ; # org/languagetool/JLanguageTool$$Lambda+0x000000010037b070
instanceKlass  @bci org/languagetool/JLanguageTool filterMatches (Lorg/languagetool/markup/AnnotatedText;Lorg/languagetool/rules/patterns/RuleSet;Ljava/util/List;Lorg/languagetool/JLanguageTool$Level;Ljava/util/Set;Ljava/util/Map;)Ljava/util/List; 38 <appendix> member <vmtarget> ; # org/languagetool/JLanguageTool$$Lambda+0x000000010037ae18
instanceKlass  @cpi org/languagetool/JLanguageTool 2266 form vmentry <vmtarget> ; # java/lang/invoke/LambdaForm$DMH+0x0000000100378c00
instanceKlass  @bci org/languagetool/JLanguageTool filterMatches (Lorg/languagetool/markup/AnnotatedText;Lorg/languagetool/rules/patterns/RuleSet;Ljava/util/List;Lorg/languagetool/JLanguageTool$Level;Ljava/util/Set;Ljava/util/Map;)Ljava/util/List; 7 <appendix> member <vmtarget> ; # org/languagetool/JLanguageTool$$Lambda+0x000000010037abc0
instanceKlass io/opentelemetry/context/ThreadLocalContextStorage$ScopeImpl
instanceKlass io/opentelemetry/api/trace/ArrayBasedTraceState
instanceKlass io/opentelemetry/api/trace/ArrayBasedTraceStateBuilder
instanceKlass io/opentelemetry/api/trace/TraceStateBuilder
instanceKlass io/opentelemetry/api/trace/TraceState
instanceKlass io/opentelemetry/api/internal/OtelEncodingUtils
instanceKlass io/opentelemetry/api/trace/ImmutableTraceFlags
instanceKlass io/opentelemetry/api/trace/TraceFlags
instanceKlass io/opentelemetry/api/trace/SpanId
instanceKlass io/opentelemetry/api/trace/TraceId
instanceKlass io/opentelemetry/api/internal/ImmutableSpanContext
instanceKlass io/opentelemetry/api/trace/SpanContext
instanceKlass io/opentelemetry/api/trace/PropagatedSpan
instanceKlass io/opentelemetry/context/DefaultContextKey
instanceKlass io/opentelemetry/context/ContextKey
instanceKlass io/opentelemetry/api/trace/SpanContextKey
instanceKlass io/opentelemetry/context/ArrayBasedContext
instanceKlass io/opentelemetry/context/ContextStorageWrappers
instanceKlass io/opentelemetry/context/Scope
instanceKlass io/opentelemetry/context/ContextStorageProvider
instanceKlass java/util/concurrent/atomic/AtomicReference
instanceKlass io/opentelemetry/context/LazyStorage
instanceKlass io/opentelemetry/context/ContextStorage
instanceKlass io/opentelemetry/context/Context
instanceKlass io/opentelemetry/api/trace/Span
instanceKlass io/opentelemetry/context/ImplicitContextKeyed
instanceKlass io/opentelemetry/api/trace/DefaultTracer$NoopSpanBuilder
instanceKlass  @bci org/languagetool/JLanguageTool checkInternalWithCustomRules (Lorg/languagetool/rules/patterns/RuleSet;Lorg/languagetool/markup/AnnotatedText;Lorg/languagetool/JLanguageTool$ParagraphHandling;Lorg/languagetool/RuleMatchListener;Lorg/languagetool/JLanguageTool$Mode;Lorg/languagetool/JLanguageTool$Level;Ljava/util/Set;Ljava/lang/Long;Ljava/util/List;Ljava/util/List;)Lorg/languagetool/CheckResults; 314 <adapter> ; # java/lang/invoke/LambdaForm$MH+0x0000000100378800
# instanceKlass java/lang/invoke/LambdaForm$DMH+0x0000000100378400
instanceKlass  @bci org/languagetool/JLanguageTool checkInternalWithCustomRules (Lorg/languagetool/rules/patterns/RuleSet;Lorg/languagetool/markup/AnnotatedText;Lorg/languagetool/JLanguageTool$ParagraphHandling;Lorg/languagetool/RuleMatchListener;Lorg/languagetool/JLanguageTool$Mode;Lorg/languagetool/JLanguageTool$Level;Ljava/util/Set;Ljava/lang/Long;Ljava/util/List;Ljava/util/List;)Lorg/languagetool/CheckResults; 314 <appendix> form vmentry <vmtarget> ; # java/lang/invoke/LambdaForm$DMH+0x0000000100378000
instanceKlass  @bci org/languagetool/JLanguageTool checkInternalWithCustomRules (Lorg/languagetool/rules/patterns/RuleSet;Lorg/languagetool/markup/AnnotatedText;Lorg/languagetool/JLanguageTool$ParagraphHandling;Lorg/languagetool/RuleMatchListener;Lorg/languagetool/JLanguageTool$Mode;Lorg/languagetool/JLanguageTool$Level;Ljava/util/Set;Ljava/lang/Long;Ljava/util/List;Ljava/util/List;)Lorg/languagetool/CheckResults; 314 <appendix> member <vmtarget> ; # org/languagetool/JLanguageTool$$Lambda+0x0000000100377aa8
instanceKlass  @cpi org/languagetool/JLanguageTool 2254 form vmentry <vmtarget> ; # java/lang/invoke/LambdaForm$DMH+0x000000010036c400
instanceKlass org/languagetool/tools/WrappedValue
instanceKlass io/opentelemetry/api/internal/Utils
instanceKlass  @bci io/opentelemetry/api/common/ArrayBackedAttributes <clinit> ()V 0 <appendix> argL0 ; # io/opentelemetry/api/common/ArrayBackedAttributes$$Lambda+0x0000000100377460
instanceKlass io/opentelemetry/api/internal/ImmutableKeyValuePairs
instanceKlass io/opentelemetry/api/internal/InternalAttributeKeyImpl
instanceKlass io/opentelemetry/api/common/AttributeKey
instanceKlass io/opentelemetry/api/common/ArrayBackedAttributesBuilder
instanceKlass io/opentelemetry/api/common/AttributesBuilder
instanceKlass io/opentelemetry/api/common/Attributes
instanceKlass io/opentelemetry/api/trace/SpanBuilder
instanceKlass io/opentelemetry/api/trace/DefaultTracer
instanceKlass io/opentelemetry/api/trace/Tracer
instanceKlass io/opentelemetry/api/internal/IncubatingUtil
instanceKlass io/opentelemetry/api/trace/DefaultTracerProvider
instanceKlass io/opentelemetry/api/trace/TracerProvider
instanceKlass io/opentelemetry/api/GlobalOpenTelemetry$ObfuscatedOpenTelemetry
instanceKlass io/opentelemetry/context/propagation/NoopTextMapPropagator
instanceKlass io/opentelemetry/context/propagation/TextMapPropagator
instanceKlass io/opentelemetry/context/propagation/DefaultContextPropagators
instanceKlass io/opentelemetry/context/propagation/ContextPropagators
instanceKlass io/opentelemetry/api/DefaultOpenTelemetry
instanceKlass io/opentelemetry/api/OpenTelemetry
instanceKlass io/opentelemetry/api/GlobalOpenTelemetry
instanceKlass org/languagetool/CheckResults
instanceKlass  @bci org/languagetool/rules/en/AbstractEnglishSpellerRule filterNoSuggestWords (Ljava/util/List;)Ljava/util/List; 6 <appendix> argL0 ; # org/languagetool/rules/en/AbstractEnglishSpellerRule$$Lambda+0x0000000100373b90
instanceKlass  @bci org/languagetool/rules/spelling/SpellingCheckRule isProperNoun (Ljava/lang/String;)Z 23 <appendix> argL0 ; # org/languagetool/rules/spelling/SpellingCheckRule$$Lambda+0x0000000100373940
instanceKlass  @bci org/languagetool/rules/spelling/SpellingCheckRule filterSuggestions (Ljava/util/List;)Ljava/util/List; 2 <appendix> member <vmtarget> ; # org/languagetool/rules/spelling/SpellingCheckRule$$Lambda+0x00000001003736e8
instanceKlass org/languagetool/rules/spelling/morfologik/WeightedSuggestion
instanceKlass morfologik/speller/Speller$CandidateData
instanceKlass org/languagetool/synthesis/SynthesizerTools
instanceKlass  @bci org/languagetool/rules/RuleMatch getSuggestedReplacements ()Ljava/util/List; 17 <appendix> argL0 ; # org/languagetool/rules/RuleMatch$$Lambda+0x0000000100372e30
instanceKlass  @bci org/languagetool/rules/en/AbstractEnglishSpellerRule cleanSuggestions (Lorg/languagetool/rules/RuleMatch;)Ljava/util/List; 9 <appendix> argL0 ; # org/languagetool/rules/en/AbstractEnglishSpellerRule$$Lambda+0x0000000100372be0
instanceKlass com/google/common/collect/Iterators$ConcatenatedIterator
instanceKlass com/google/common/collect/PeekingIterator
instanceKlass com/google/common/collect/Iterators
instanceKlass com/google/common/collect/Lists
instanceKlass com/google/common/base/Optional
instanceKlass com/google/common/collect/FluentIterable
instanceKlass com/google/common/collect/Iterables
instanceKlass  @bci org/languagetool/rules/spelling/morfologik/MorfologikSpellerRule calcSpellerSuggestions (Ljava/lang/String;Z)Ljava/util/List; 272 <appendix> argL0 ; # org/languagetool/rules/spelling/morfologik/MorfologikSpellerRule$$Lambda+0x000000010036fac8
instanceKlass  @bci org/languagetool/rules/SuggestedReplacement convert (Ljava/util/List;)Ljava/util/List; 6 <appendix> argL0 ; # org/languagetool/rules/SuggestedReplacement$$Lambda+0x000000010036f888
instanceKlass  @bci org/languagetool/rules/spelling/morfologik/MorfologikMultiSpeller getSuggestionsFromDefaultDicts (Ljava/lang/String;)Ljava/util/List; 7 <appendix> member <vmtarget> ; # org/languagetool/rules/spelling/morfologik/MorfologikMultiSpeller$$Lambda+0x000000010036f660
instanceKlass  @bci org/languagetool/rules/spelling/multitoken/MultitokenSpeller computeSuggestions (Ljava/lang/String;Z)Ljava/util/List; 320 <appendix> argL0 ; # org/languagetool/rules/spelling/multitoken/MultitokenSpeller$$Lambda+0x000000010036f418
instanceKlass org/apache/commons/text/similarity/LevenshteinDistance
instanceKlass org/apache/commons/text/similarity/EditDistance
instanceKlass org/apache/commons/text/similarity/SimilarityScore
instanceKlass  @bci org/languagetool/rules/spelling/multitoken/MultitokenSpeller getSuggestions (Ljava/lang/String;Z)Ljava/util/List; 27 <appendix> member <vmtarget> ; # org/languagetool/rules/spelling/multitoken/MultitokenSpeller$$Lambda+0x000000010035fdd0
instanceKlass jdk/internal/icu/impl/NormalizerImpl$ReorderingBuffer
instanceKlass jdk/internal/icu/impl/NormalizerImpl$UTF16Plus
instanceKlass  @bci org/languagetool/rules/spelling/multitoken/MultitokenSpeller addToMap (Ljava/util/Map;Ljava/lang/String;Ljava/lang/String;)V 2 <appendix> argL0 ; # org/languagetool/rules/spelling/multitoken/MultitokenSpeller$$Lambda+0x000000010036e848
instanceKlass  @bci org/languagetool/rules/spelling/multitoken/MultitokenSpeller initMultitokenSpeller (Ljava/util/List;)V 216 <appendix> argL0 ; # org/languagetool/rules/spelling/multitoken/MultitokenSpeller$$Lambda+0x000000010036e608
instanceKlass jdk/internal/icu/impl/Norm2AllModes$NFCSingleton
instanceKlass jdk/internal/icu/text/NormalizerBase$NFDModeImpl
instanceKlass  @bci org/languagetool/rules/spelling/multitoken/MultitokenSpellerFilter acceptRuleMatch (Lorg/languagetool/rules/RuleMatch;Ljava/util/Map;I[Lorg/languagetool/AnalyzedTokenReadings;Ljava/util/List;)Lorg/languagetool/rules/RuleMatch; 5 <appendix> argL0 ; # org/languagetool/rules/spelling/multitoken/MultitokenSpellerFilter$$Lambda+0x000000010035fb80
instanceKlass com/google/common/primitives/IntsMethodsForWeb
instanceKlass  @bci org/languagetool/JLanguageTool$TextCheckCallable getOtherRuleMatches (Ljava/util/Set;)Lorg/languagetool/CheckResults; 706 <adapter> ; # java/lang/invoke/LambdaForm$MH+0x000000010036c000
# instanceKlass java/lang/invoke/LambdaForm$DMH+0x000000010036bc00
instanceKlass  @bci org/languagetool/JLanguageTool$TextCheckCallable getOtherRuleMatches (Ljava/util/Set;)Lorg/languagetool/CheckResults; 706 <appendix> form vmentry <vmtarget> ; # java/lang/invoke/LambdaForm$MH+0x000000010036b800
instanceKlass  @bci org/languagetool/JLanguageTool$TextCheckCallable getOtherRuleMatches (Ljava/util/Set;)Lorg/languagetool/CheckResults; 706 <appendix> form names 13 function resolvedHandle form vmentry <vmtarget> ; # java/lang/invoke/LambdaForm$DMH+0x000000010036ac00
instanceKlass  @bci org/languagetool/JLanguageTool$TextCheckCallable getOtherRuleMatches (Ljava/util/Set;)Lorg/languagetool/CheckResults; 706 <appendix> argL4 form vmentry <vmtarget> ; # java/lang/invoke/LambdaForm$MH+0x000000010036a800
# instanceKlass java/lang/invoke/LambdaForm$MH+0x000000010036a000
instanceKlass  @bci org/languagetool/JLanguageTool$TextCheckCallable getOtherRuleMatches (Ljava/util/Set;)Lorg/languagetool/CheckResults; 706 <appendix> form names 19 function resolvedHandle form vmentry <vmtarget> ; # java/lang/invoke/LambdaForm$DMH+0x0000000100368c00
instanceKlass  @bci org/languagetool/JLanguageTool$TextCheckCallable getOtherRuleMatches (Ljava/util/Set;)Lorg/languagetool/CheckResults; 706 <appendix> argL1 form vmentry <vmtarget> ; # java/lang/invoke/LambdaForm$MH+0x0000000100368800
instanceKlass  @bci org/languagetool/JLanguageTool$TextCheckCallable getOtherRuleMatches (Ljava/util/Set;)Lorg/languagetool/CheckResults; 706 <appendix> argL1 argL0 form vmentry <vmtarget> ; # java/lang/invoke/LambdaForm$MH+0x0000000100368000
# instanceKlass java/lang/invoke/LambdaForm$MH+0x0000000100367800
instanceKlass  @bci org/languagetool/JLanguageTool adjustRuleMatchPos (Lorg/languagetool/rules/RuleMatch;IIILjava/lang/String;Lorg/languagetool/markup/AnnotatedText;)Lorg/languagetool/rules/RuleMatch; 106 <appendix> member <vmtarget> ; # org/languagetool/JLanguageTool$$Lambda+0x000000010035f548
instanceKlass  @bci org/languagetool/JLanguageTool checkAnalyzedSentence (Lorg/languagetool/JLanguageTool$ParagraphHandling;Ljava/util/List;Lorg/languagetool/AnalyzedSentence;ZI)Ljava/util/List; 330 <appendix> member <vmtarget> ; # org/languagetool/JLanguageTool$$Lambda+0x000000010035f2f0
instanceKlass  @bci org/languagetool/rules/en/AbstractEnglishSpellerRule lambda$getRuleMatches$2 (Lorg/languagetool/rules/RuleMatch;)Lorg/languagetool/rules/RuleMatch; 11 <appendix> member <vmtarget> ; # org/languagetool/rules/en/AbstractEnglishSpellerRule$$Lambda+0x000000010035f0c8
instanceKlass  @bci org/languagetool/rules/RuleMatch setLazySuggestedReplacements (Ljava/util/function/Supplier;)V 15 <appendix> member <vmtarget> ; # org/languagetool/rules/RuleMatch$$Lambda+0x000000010035ee80
instanceKlass  @bci org/languagetool/rules/spelling/morfologik/MorfologikSpellerRule appendLazySuggestions (Ljava/lang/String;Ljava/lang/String;Ljava/lang/String;ZLjava/util/List;)Ljava/util/function/Supplier; 8 <adapter> ; # java/lang/invoke/LambdaForm$MH+0x0000000100366c00
# instanceKlass java/lang/invoke/LambdaForm$DMH+0x0000000100366800
instanceKlass  @bci org/languagetool/rules/spelling/morfologik/MorfologikSpellerRule appendLazySuggestions (Ljava/lang/String;Ljava/lang/String;Ljava/lang/String;ZLjava/util/List;)Ljava/util/function/Supplier; 8 <appendix> form vmentry <vmtarget> ; # java/lang/invoke/LambdaForm$DMH+0x0000000100366400
instanceKlass  @bci org/languagetool/rules/spelling/morfologik/MorfologikSpellerRule appendLazySuggestions (Ljava/lang/String;Ljava/lang/String;Ljava/lang/String;ZLjava/util/List;)Ljava/util/function/Supplier; 8 <appendix> member <vmtarget> ; # org/languagetool/rules/spelling/morfologik/MorfologikSpellerRule$$Lambda+0x000000010035ec58
instanceKlass  @cpi org/languagetool/rules/spelling/morfologik/MorfologikSpellerRule 1093 form vmentry <vmtarget> ; # java/lang/invoke/LambdaForm$DMH+0x0000000100366000
instanceKlass org/apache/commons/lang3/CharSequenceUtils
instanceKlass  @bci org/apache/commons/lang3/Strings containsAny (Ljava/lang/CharSequence;[Ljava/lang/CharSequence;)Z 1 <appendix> member <vmtarget> ; # org/apache/commons/lang3/Strings$$Lambda+0x000000010035e828
instanceKlass  @cpi org/apache/commons/lang3/Strings 234 form vmentry <vmtarget> ; # java/lang/invoke/LambdaForm$DMH+0x0000000100365c00
instanceKlass org/apache/commons/lang3/function/ToBooleanBiFunction
instanceKlass jdk/internal/math/MathUtils
instanceKlass jdk/internal/math/FloatToDecimal
instanceKlass  @bci org/languagetool/JLanguageTool checkAnalyzedSentence (Lorg/languagetool/JLanguageTool$ParagraphHandling;Ljava/util/List;Lorg/languagetool/AnalyzedSentence;ZI)Ljava/util/List; 174 <adapter> ; # java/lang/invoke/LambdaForm$MH+0x0000000100365800
# instanceKlass java/lang/invoke/LambdaForm$DMH+0x0000000100365400
instanceKlass  @bci org/languagetool/JLanguageTool checkAnalyzedSentence (Lorg/languagetool/JLanguageTool$ParagraphHandling;Ljava/util/List;Lorg/languagetool/AnalyzedSentence;ZI)Ljava/util/List; 174 <appendix> form vmentry <vmtarget> ; # java/lang/invoke/LambdaForm$MH+0x0000000100365000
instanceKlass  @bci org/languagetool/JLanguageTool checkAnalyzedSentence (Lorg/languagetool/JLanguageTool$ParagraphHandling;Ljava/util/List;Lorg/languagetool/AnalyzedSentence;ZI)Ljava/util/List; 174 <appendix> form names 16 function resolvedHandle form vmentry <vmtarget> ; # java/lang/invoke/LambdaForm$DMH+0x0000000100364000
instanceKlass  @bci org/languagetool/JLanguageTool checkAnalyzedSentence (Lorg/languagetool/JLanguageTool$ParagraphHandling;Ljava/util/List;Lorg/languagetool/AnalyzedSentence;ZI)Ljava/util/List; 174 <appendix> argL4 form vmentry <vmtarget> ; # java/lang/invoke/LambdaForm$MH+0x0000000100363c00
instanceKlass  @bci org/languagetool/JLanguageTool checkAnalyzedSentence (Lorg/languagetool/JLanguageTool$ParagraphHandling;Ljava/util/List;Lorg/languagetool/AnalyzedSentence;ZI)Ljava/util/List; 174 <appendix> argL4 form names 7 function resolvedHandle form vmentry <vmtarget> ; # java/lang/invoke/LambdaForm$DMH+0x0000000100363800
instanceKlass  @bci org/languagetool/JLanguageTool checkAnalyzedSentence (Lorg/languagetool/JLanguageTool$ParagraphHandling;Ljava/util/List;Lorg/languagetool/AnalyzedSentence;ZI)Ljava/util/List; 174 <appendix> argL4 argL2 form vmentry <vmtarget> ; # java/lang/invoke/LambdaForm$MH+0x0000000100363400
instanceKlass  @bci org/languagetool/JLanguageTool checkAnalyzedSentence (Lorg/languagetool/JLanguageTool$ParagraphHandling;Ljava/util/List;Lorg/languagetool/AnalyzedSentence;ZI)Ljava/util/List; 174 <appendix> form names 22 function resolvedHandle form vmentry <vmtarget> ; # java/lang/invoke/LambdaForm$DMH+0x0000000100361c00
instanceKlass  @bci org/languagetool/JLanguageTool checkAnalyzedSentence (Lorg/languagetool/JLanguageTool$ParagraphHandling;Ljava/util/List;Lorg/languagetool/AnalyzedSentence;ZI)Ljava/util/List; 174 <appendix> argL1 form vmentry <vmtarget> ; # java/lang/invoke/LambdaForm$MH+0x0000000100361800
instanceKlass  @bci org/languagetool/JLanguageTool checkAnalyzedSentence (Lorg/languagetool/JLanguageTool$ParagraphHandling;Ljava/util/List;Lorg/languagetool/AnalyzedSentence;ZI)Ljava/util/List; 174 <appendix> argL1 argL1 form vmentry <vmtarget> ; # java/lang/invoke/LambdaForm$MH+0x0000000100361400
# instanceKlass java/lang/invoke/LambdaForm$MH+0x0000000100360c00
instanceKlass  @bci org/languagetool/rules/en/AbstractEnglishSpellerRule getRuleMatches (Ljava/lang/String;ILorg/languagetool/AnalyzedSentence;Ljava/util/List;I[Lorg/languagetool/AnalyzedTokenReadings;)Ljava/util/List; 158 <appendix> argL0 ; # org/languagetool/rules/en/AbstractEnglishSpellerRule$$Lambda+0x000000010035e3e8
instanceKlass org/languagetool/rules/en/AvsAnData
instanceKlass java/util/stream/Nodes$IntArrayNode
instanceKlass java/util/stream/Node$Builder$OfInt
instanceKlass  @bci java/util/stream/IntPipeline toArray ()[I 1 <appendix> argL0 ; # java/util/stream/IntPipeline$$Lambda+0x000000010026cc58
instanceKlass java/lang/StringLatin1$CharsSpliterator
instanceKlass  @bci org/languagetool/rules/spelling/morfologik/MorfologikSpellerRule match (Lorg/languagetool/AnalyzedSentence;)[Lorg/languagetool/rules/RuleMatch; 37 <appendix> argL0 ; # org/languagetool/rules/spelling/morfologik/MorfologikSpellerRule$$Lambda+0x000000010035db50
instanceKlass com/carrotsearch/hppc/cursors/IntCursor
instanceKlass com/carrotsearch/hppc/cursors/IntIntCursor
instanceKlass com/carrotsearch/hppc/AbstractIterator
instanceKlass morfologik/fsa/builders/CFSA2Serializer$3
instanceKlass com/carrotsearch/hppc/BoundedProportionalArraySizingStrategy
instanceKlass com/carrotsearch/hppc/predicates/IntPredicate
instanceKlass com/carrotsearch/hppc/AbstractIntCollection
instanceKlass com/carrotsearch/hppc/IntIndexedContainer
instanceKlass morfologik/fsa/builders/FSAUtils$IntIntHolder
instanceKlass morfologik/fsa/builders/CFSA2Serializer$2
instanceKlass morfologik/fsa/builders/CFSA2Serializer$1
instanceKlass com/carrotsearch/hppc/BitUtil
instanceKlass com/carrotsearch/hppc/HashContainers
instanceKlass com/carrotsearch/hppc/BitMixer
instanceKlass com/carrotsearch/hppc/Containers$1
instanceKlass com/carrotsearch/hppc/Containers
instanceKlass com/carrotsearch/hppc/RandomizedHashOrderMixer
instanceKlass com/carrotsearch/hppc/HashOrderMixing$4
instanceKlass com/carrotsearch/hppc/HashOrderMixing$1
instanceKlass com/carrotsearch/hppc/HashOrderMixingStrategy
instanceKlass com/carrotsearch/hppc/HashOrderMixing
instanceKlass com/carrotsearch/hppc/IntCollection
instanceKlass com/carrotsearch/hppc/IntContainer
instanceKlass com/carrotsearch/hppc/IntIntHashMap
instanceKlass com/carrotsearch/hppc/Accountable
instanceKlass com/carrotsearch/hppc/Preallocable
instanceKlass com/carrotsearch/hppc/IntIntMap
instanceKlass com/carrotsearch/hppc/IntIntAssociativeContainer
instanceKlass morfologik/fsa/StateVisitor
instanceKlass com/carrotsearch/hppc/ArraySizingStrategy
instanceKlass morfologik/fsa/builders/CFSA2Serializer
instanceKlass morfologik/fsa/builders/FSASerializer
instanceKlass morfologik/fsa/builders/FSABuilder$1
instanceKlass morfologik/fsa/builders/FSABuilder
instanceKlass org/languagetool/rules/spelling/morfologik/MorfologikMultiSpeller$BufferedReaderWithSource
instanceKlass  @bci org/languagetool/rules/spelling/morfologik/MorfologikMultiSpeller getPlainTextDictSpellerOrNull (Ljava/io/BufferedReader;Ljava/util/List;Ljava/io/BufferedReader;Ljava/lang/String;Ljava/lang/String;I)Lorg/languagetool/rules/spelling/morfologik/MorfologikSpeller; 6 <appendix> member <vmtarget> ; # org/languagetool/rules/spelling/morfologik/MorfologikMultiSpeller$$Lambda+0x0000000100356348
instanceKlass org/apache/commons/lang3/tuple/Pair
instanceKlass org/languagetool/rules/SuggestionWithMessage
instanceKlass org/languagetool/rules/CompoundRuleData
instanceKlass org/languagetool/ExtendedSentenceRange
instanceKlass  @bci org/languagetool/JLanguageTool$TextCheckCallable getOtherRuleMatches (Ljava/util/Set;)Lorg/languagetool/CheckResults; 48 <appendix> argL0 ; # org/languagetool/JLanguageTool$TextCheckCallable$$Lambda+0x0000000100354ae0
instanceKlass  @bci org/languagetool/JLanguageTool$TextCheckCallable getOtherRuleMatches (Ljava/util/Set;)Lorg/languagetool/CheckResults; 34 <appendix> argL0 ; # org/languagetool/JLanguageTool$TextCheckCallable$$Lambda+0x00000001003548a0
instanceKlass  @bci org/languagetool/rules/patterns/PatternRule checkForAntiPatterns (Lorg/languagetool/AnalyzedSentence;Lorg/languagetool/rules/patterns/RuleMatcher;[Lorg/languagetool/rules/RuleMatch;)[Lorg/languagetool/rules/RuleMatch; 36 <appendix> argL0 ; # org/languagetool/rules/patterns/PatternRule$$Lambda+0x0000000100354650
instanceKlass org/languagetool/rules/SameRuleGroupFilter
instanceKlass it/unimi/dsi/fastutil/objects/ObjectOpenHashSet$SetIterator
instanceKlass  @bci org/languagetool/rules/AbstractWordCoherencyRule match (Ljava/util/List;)[Lorg/languagetool/rules/RuleMatch; 113 <appendix> argL0 ; # org/languagetool/rules/AbstractWordCoherencyRule$$Lambda+0x0000000100353f60
instanceKlass org/languagetool/rules/GenericUnpairedQuotesRule$SymbolLocator
instanceKlass  @bci org/languagetool/rules/GenericUnpairedBracketsRule match (Ljava/util/List;)[Lorg/languagetool/rules/RuleMatch; 251 <appendix> member <vmtarget> ; # org/languagetool/rules/GenericUnpairedBracketsRule$$Lambda+0x0000000100353af0
instanceKlass org/languagetool/rules/GenericUnpairedBracketsRule$Symbol
instanceKlass org/languagetool/rules/SymbolLocator
instanceKlass  @bci org/languagetool/ShortDescriptionProvider getAllDescriptions (Lorg/languagetool/Language;)Ljava/util/Map; 4 <appendix> argL0 ; # org/languagetool/ShortDescriptionProvider$$Lambda+0x00000001003529a8
instanceKlass org/languagetool/JLanguageTool$TextCheckCallable$LineColumnPosition
instanceKlass  @bci org/languagetool/rules/RuleMatch setSuggestedReplacements (Ljava/util/List;)V 20 <appendix> argL0 ; # org/languagetool/rules/RuleMatch$$Lambda+0x0000000100352120
instanceKlass org/languagetool/rules/SuggestedReplacement
instanceKlass org/apache/commons/lang3/Strings
instanceKlass  @bci org/languagetool/JLanguageTool$TextCheckCallable getTextLevelRuleMatches ()Ljava/util/List; 102 <appendix> argL0 ; # org/languagetool/JLanguageTool$TextCheckCallable$$Lambda+0x0000000100351418
instanceKlass org/languagetool/JLanguageTool$TextCheckCallable
instanceKlass org/languagetool/JLanguageTool$SentenceData
instanceKlass  @bci org/languagetool/JLanguageTool checkInternalWithCustomRules (Lorg/languagetool/rules/patterns/RuleSet;Lorg/languagetool/markup/AnnotatedText;Lorg/languagetool/JLanguageTool$ParagraphHandling;Lorg/languagetool/RuleMatchListener;Lorg/languagetool/JLanguageTool$Mode;Lorg/languagetool/JLanguageTool$Level;Ljava/util/Set;Ljava/lang/Long;Ljava/util/List;Ljava/util/List;)Lorg/languagetool/CheckResults; 76 <appendix> member <vmtarget> ; # org/languagetool/JLanguageTool$$Lambda+0x0000000100350d88
instanceKlass  @bci org/languagetool/JLanguageTool checkInternalWithCustomRules (Lorg/languagetool/rules/patterns/RuleSet;Lorg/languagetool/markup/AnnotatedText;Lorg/languagetool/JLanguageTool$ParagraphHandling;Lorg/languagetool/RuleMatchListener;Lorg/languagetool/JLanguageTool$Mode;Lorg/languagetool/JLanguageTool$Level;Ljava/util/Set;Ljava/lang/Long;Ljava/util/List;Ljava/util/List;)Lorg/languagetool/CheckResults; 58 <appendix> member <vmtarget> ; # org/languagetool/JLanguageTool$$Lambda+0x0000000100350b30
instanceKlass  @bci org/languagetool/ToneTag <clinit> ()V 230 <appendix> argL0 ; # org/languagetool/ToneTag$$Lambda+0x00000001003508e0
instanceKlass  @bci org/languagetool/JLanguageTool lambda$getActiveRulesForLevelAndToneTags$11 (Lorg/languagetool/JLanguageTool$Level;Ljava/util/Set;Lorg/languagetool/LevelToneTagCacheKey;)Lorg/languagetool/rules/patterns/RuleSet; 17 <appendix> member <vmtarget> ; # org/languagetool/JLanguageTool$$Lambda+0x0000000100350248
instanceKlass  @bci org/languagetool/JLanguageTool getActiveRulesForLevelAndToneTags (Lorg/languagetool/JLanguageTool$Level;Ljava/util/Set;)Lorg/languagetool/rules/patterns/RuleSet; 18 <appendix> member <vmtarget> ; # org/languagetool/JLanguageTool$$Lambda+0x0000000100350000
instanceKlass org/languagetool/LevelToneTagCacheKey
instanceKlass  @bci java/util/stream/IntPipeline boxed ()Ljava/util/stream/Stream; 1 <appendix> argL0 ; # java/util/stream/IntPipeline$$Lambda+0x000000010026af00
instanceKlass org/languagetool/rules/patterns/RuleFilterEvaluator
instanceKlass org/languagetool/rules/MatchPosition
instanceKlass  @bci org/languagetool/rules/patterns/Unifier checkNext (Lorg/languagetool/AnalyzedToken;Ljava/util/Map;)Z 321 <appendix> argL0 ; # org/languagetool/rules/patterns/Unifier$$Lambda+0x000000010034f7c0
instanceKlass  @bci org/languagetool/rules/patterns/Unifier checkNext (Lorg/languagetool/AnalyzedToken;Ljava/util/Map;)Z 288 <appendix> argL0 ; # org/languagetool/rules/patterns/Unifier$$Lambda+0x000000010034f580
instanceKlass  @bci org/languagetool/rules/patterns/Unifier isSatisfied (Lorg/languagetool/AnalyzedToken;Ljava/util/Map;)Z 284 <appendix> argL0 ; # org/languagetool/rules/patterns/Unifier$$Lambda+0x000000010034f340
instanceKlass  @bci org/languagetool/rules/patterns/AbstractPatternRulePerformer testAllReadings ([Lorg/languagetool/AnalyzedTokenReadings;Lorg/languagetool/rules/patterns/PatternTokenMatcher;Lorg/languagetool/rules/patterns/PatternTokenMatcher;III)Z 673 <appendix> argL0 ; # org/languagetool/rules/patterns/AbstractPatternRulePerformer$$Lambda+0x000000010034f100
instanceKlass org/languagetool/rules/patterns/CaseConversionHelper$1
instanceKlass org/languagetool/rules/patterns/CaseConversionHelper
instanceKlass org/languagetool/rules/patterns/MatchState
instanceKlass  @bci org/languagetool/rules/patterns/AbstractPatternRulePerformer testAllReadings ([Lorg/languagetool/AnalyzedTokenReadings;Lorg/languagetool/rules/patterns/PatternTokenMatcher;Lorg/languagetool/rules/patterns/PatternTokenMatcher;III)Z 509 <appendix> member <vmtarget> ; # org/languagetool/rules/patterns/AbstractPatternRulePerformer$$Lambda+0x000000010034e5b8
instanceKlass org/languagetool/rules/RuleMatch
instanceKlass org/languagetool/rules/RuleWithMaxFilter
instanceKlass  @bci org/languagetool/rules/patterns/PatternRuleMatcher match (Lorg/languagetool/AnalyzedSentence;)[Lorg/languagetool/rules/RuleMatch; 83 <appendix> member <vmtarget> ; # org/languagetool/rules/patterns/PatternRuleMatcher$$Lambda+0x000000010034ba80
instanceKlass  @cpi org/languagetool/rules/patterns/PatternRuleMatcher 653 form vmentry <vmtarget> ; # java/lang/invoke/LambdaForm$DMH+0x000000010034c800
instanceKlass org/languagetool/rules/RuleMatchFilter
instanceKlass org/languagetool/tagging/disambiguation/rules/DisambiguationPatternRuleReplacer$1
instanceKlass java/util/stream/Sink$ChainedInt
instanceKlass  @bci org/languagetool/tagging/disambiguation/rules/DisambiguationPatternRuleReplacer lambda$replace$1 ([Lorg/languagetool/AnalyzedTokenReadings;Lorg/languagetool/AnalyzedSentence;[[Lorg/languagetool/AnalyzedTokenReadings;[Z[IIIII)V 88 <appendix> argL0 ; # org/languagetool/tagging/disambiguation/rules/DisambiguationPatternRuleReplacer$$Lambda+0x000000010034b1e0
instanceKlass java/util/function/IntPredicate
instanceKlass java/util/Spliterators$IntArraySpliterator
instanceKlass org/languagetool/AnalyzedTokenReadings$1
instanceKlass  @bci org/apache/commons/lang3/stream/LangCollectors joining (Ljava/lang/CharSequence;Ljava/lang/CharSequence;Ljava/lang/CharSequence;Ljava/util/function/Function;)Ljava/util/stream/Collector; 23 <appendix> argL0 ; # org/apache/commons/lang3/stream/LangCollectors$$Lambda+0x000000010034ad38
instanceKlass  @bci org/apache/commons/lang3/stream/LangCollectors joining (Ljava/lang/CharSequence;Ljava/lang/CharSequence;Ljava/lang/CharSequence;Ljava/util/function/Function;)Ljava/util/stream/Collector; 18 <appendix> argL0 ; # org/apache/commons/lang3/stream/LangCollectors$$Lambda+0x000000010034aaf0
instanceKlass  @bci org/apache/commons/lang3/stream/LangCollectors joining (Ljava/lang/CharSequence;Ljava/lang/CharSequence;Ljava/lang/CharSequence;Ljava/util/function/Function;)Ljava/util/stream/Collector; 13 <appendix> member <vmtarget> ; # org/apache/commons/lang3/stream/LangCollectors$$Lambda+0x000000010034a8b8
instanceKlass  @bci org/apache/commons/lang3/stream/LangCollectors joining (Ljava/lang/CharSequence;Ljava/lang/CharSequence;Ljava/lang/CharSequence;Ljava/util/function/Function;)Ljava/util/stream/Collector; 7 <appendix> member <vmtarget> ; # org/apache/commons/lang3/stream/LangCollectors$$Lambda+0x000000010034a690
instanceKlass org/apache/commons/lang3/stream/LangCollectors$SimpleCollector
instanceKlass org/apache/commons/lang3/stream/LangCollectors
instanceKlass  @bci org/apache/commons/lang3/StringUtils join (Ljava/util/Iterator;Ljava/lang/String;)Ljava/lang/String; 30 <appendix> argL0 ; # org/apache/commons/lang3/StringUtils$$Lambda+0x000000010034a000
instanceKlass java/util/Spliterators$IteratorSpliterator
instanceKlass org/apache/commons/lang3/stream/Streams
instanceKlass org/languagetool/chunking/ChunkTaggedToken
instanceKlass java/util/DualPivotQuicksort
instanceKlass java/lang/FdLibm$Exp
instanceKlass opennlp/tools/ml/ArrayMath
instanceKlass  @bci org/languagetool/tagging/disambiguation/rules/DisambiguationPatternRuleReplacer replace (Lorg/languagetool/AnalyzedSentence;)Lorg/languagetool/AnalyzedSentence; 42 <appendix> form vmentry <vmtarget> ; # java/lang/invoke/LambdaForm$DMH+0x000000010034c400
instanceKlass  @bci org/languagetool/tagging/disambiguation/rules/DisambiguationPatternRuleReplacer replace (Lorg/languagetool/AnalyzedSentence;)Lorg/languagetool/AnalyzedSentence; 42 <appendix> member <vmtarget> ; # org/languagetool/tagging/disambiguation/rules/DisambiguationPatternRuleReplacer$$Lambda+0x0000000100349360
instanceKlass  @cpi org/languagetool/tagging/disambiguation/rules/DisambiguationPatternRuleReplacer 510 form vmentry <vmtarget> ; # java/lang/invoke/LambdaForm$DMH+0x000000010034c000
instanceKlass org/languagetool/rules/patterns/AbstractPatternRulePerformer$MatchConsumer
instanceKlass org/languagetool/rules/patterns/PatternTokenMatcher
instanceKlass org/languagetool/rules/patterns/Unifier
instanceKlass org/languagetool/rules/patterns/AbstractPatternRulePerformer
instanceKlass  @bci org/languagetool/rules/patterns/RuleSet hinted (Ljava/util/List;Z)Lorg/languagetool/rules/patterns/RuleSet; 185 <appendix> argL0 ; # org/languagetool/rules/patterns/RuleSet$$Lambda+0x0000000100348478
instanceKlass  @bci org/languagetool/rules/patterns/RuleSet hinted (Ljava/util/List;Z)Lorg/languagetool/rules/patterns/RuleSet; 104 <appendix> argL0 ; # org/languagetool/rules/patterns/RuleSet$$Lambda+0x0000000100348228
instanceKlass org/languagetool/rules/patterns/RuleSet
instanceKlass org/languagetool/tagging/disambiguation/rules/DisambiguatedExample
instanceKlass org/languagetool/rules/patterns/EquivalenceTypeLocator
instanceKlass  @bci org/languagetool/tagging/disambiguation/MultiWordChunker getInstance (Ljava/lang/String;ZZZLjava/lang/String;)Lorg/languagetool/tagging/disambiguation/MultiWordChunker; 22 <appendix> member <vmtarget> ; # org/languagetool/tagging/disambiguation/MultiWordChunker$$Lambda+0x0000000100346678
instanceKlass org/languagetool/tagging/disambiguation/MultiWordChunker$Settings
instanceKlass  @bci org/languagetool/AnalyzedSentence indexLemmas ([Lorg/languagetool/AnalyzedTokenReadings;)Ljava/util/Map; 76 <appendix> argL0 ; # org/languagetool/AnalyzedSentence$$Lambda+0x0000000100345d70
instanceKlass  @bci org/languagetool/AnalyzedSentence indexTokens ([Lorg/languagetool/AnalyzedTokenReadings;)Ljava/util/Map; 28 <appendix> argL0 ; # org/languagetool/AnalyzedSentence$$Lambda+0x0000000100345b30
instanceKlass org/languagetool/AnalyzedSentence
instanceKlass org/languagetool/GlobalConfig
instanceKlass java/util/AbstractList$SubList$1
instanceKlass opennlp/tools/util/TokenTag
instanceKlass opennlp/tools/chunker/DefaultChunkerSequenceValidator
instanceKlass opennlp/tools/chunker/DefaultChunkerContextGenerator
instanceKlass opennlp/tools/chunker/ChunkerME
instanceKlass opennlp/tools/chunker/Chunker
instanceKlass opennlp/tools/util/Sequence
instanceKlass opennlp/tools/ml/BeamSearch
instanceKlass opennlp/tools/postag/DefaultPOSSequenceValidator
instanceKlass opennlp/tools/postag/DefaultPOSContextGenerator
instanceKlass opennlp/tools/ml/model/SequenceStream
instanceKlass opennlp/tools/postag/POSTaggerME
instanceKlass opennlp/tools/postag/POSTagger
instanceKlass opennlp/tools/util/Span
instanceKlass opennlp/tools/util/StringUtil
instanceKlass opennlp/tools/tokenize/DefaultTokenContextGenerator
instanceKlass opennlp/tools/tokenize/TokenContextGenerator
instanceKlass opennlp/tools/tokenize/lang/Factory
instanceKlass opennlp/tools/util/ObjectStream
instanceKlass opennlp/tools/tokenize/AbstractTokenizer
instanceKlass opennlp/tools/tokenize/Tokenizer
instanceKlass org/languagetool/chunking/EnglishChunkFilter
instanceKlass opennlp/tools/chunker/ChunkerContextGenerator
instanceKlass opennlp/tools/util/StringList
instanceKlass opennlp/tools/dictionary/serializer/Attributes
instanceKlass  @bci jdk/xml/internal/SecuritySupport getResourceAsStream (Ljava/lang/ClassLoader;Ljava/lang/String;)Ljava/io/InputStream; 2 <appendix> member <vmtarget> ; # jdk/xml/internal/SecuritySupport$$Lambda+0x0000000100265510
instanceKlass  @bci org/xml/sax/helpers/XMLReaderFactory findServiceProvider (Ljava/lang/Class;Ljava/lang/ClassLoader;)Ljava/lang/Object; 10 <appendix> member <vmtarget> ; # org/xml/sax/helpers/XMLReaderFactory$$Lambda+0x00000001002652e8
instanceKlass  @bci jdk/xml/internal/SecuritySupport getClassLoader ()Ljava/lang/ClassLoader; 0 <appendix> argL0 ; # jdk/xml/internal/SecuritySupport$$Lambda+0x00000001002650c8
instanceKlass org/xml/sax/helpers/XMLReaderFactory
instanceKlass opennlp/tools/dictionary/serializer/DictionaryEntryPersistor$DictionaryContenthandler
instanceKlass opennlp/tools/dictionary/serializer/DictionaryEntryPersistor
instanceKlass  @bci opennlp/tools/postag/POSDictionary create (Ljava/io/InputStream;)Lopennlp/tools/postag/POSDictionary; 10 <appendix> member <vmtarget> ; # opennlp/tools/postag/POSDictionary$$Lambda+0x0000000100340420
instanceKlass opennlp/tools/dictionary/serializer/Entry
instanceKlass opennlp/tools/dictionary/serializer/EntryInserter
instanceKlass opennlp/tools/postag/POSDictionary
instanceKlass opennlp/tools/postag/MutableTagDictionary
instanceKlass opennlp/tools/postag/POSTaggerFactory$POSDictionarySerializer
instanceKlass opennlp/tools/util/SequenceValidator
instanceKlass opennlp/tools/postag/POSContextGenerator
instanceKlass opennlp/tools/util/BeamSearchContextGenerator
instanceKlass opennlp/tools/postag/TagDictionary
instanceKlass opennlp/tools/ml/model/SequenceClassificationModel
instanceKlass opennlp/tools/util/model/ModelUtil
instanceKlass opennlp/tools/util/Version
instanceKlass java/lang/FdLibm
instanceKlass java/lang/FdLibm$Log
instanceKlass opennlp/tools/ml/model/EvalParameters
instanceKlass opennlp/tools/ml/model/UniformPrior
instanceKlass opennlp/tools/ml/model/Prior
instanceKlass opennlp/tools/ml/model/Context
instanceKlass opennlp/tools/ml/model/AbstractModel
instanceKlass opennlp/tools/ml/model/BinaryFileDataReader
instanceKlass opennlp/tools/ml/model/AbstractModelReader
instanceKlass opennlp/tools/dictionary/Dictionary
instanceKlass opennlp/tools/util/model/SerializableArtifact
instanceKlass opennlp/tools/util/model/ByteArraySerializer
instanceKlass opennlp/tools/util/model/DictionarySerializer
instanceKlass opennlp/tools/util/model/PropertiesSerializer
instanceKlass opennlp/tools/ml/model/MaxentModel
instanceKlass opennlp/tools/ml/model/DataReader
instanceKlass opennlp/tools/util/model/GenericModelSerializer
instanceKlass opennlp/tools/util/model/ArtifactSerializer
instanceKlass opennlp/tools/util/BaseToolFactory
instanceKlass opennlp/tools/util/model/BaseModel
instanceKlass opennlp/tools/util/model/ArtifactProvider
instanceKlass org/languagetool/chunking/EnglishChunker
instanceKlass org/languagetool/SimpleInputSentence
instanceKlass java/util/LinkedList$ListItr
instanceKlass net/loomchild/segment/srx/RuleMatcher
instanceKlass net/loomchild/segment/srx/RuleManager
instanceKlass net/loomchild/segment/srx/TextManager
instanceKlass net/loomchild/segment/AbstractTextIterator
instanceKlass  @bci org/languagetool/JLanguageTool cleanText (Lorg/languagetool/markup/AnnotatedText;)Lorg/languagetool/markup/AnnotatedText; 38 <appendix> member <vmtarget> ; # org/languagetool/JLanguageTool$$Lambda+0x0000000100331ab8
instanceKlass  @bci org/languagetool/JLanguageTool cleanText (Lorg/languagetool/markup/AnnotatedText;)Lorg/languagetool/markup/AnnotatedText; 18 <appendix> member <vmtarget> ; # org/languagetool/JLanguageTool$$Lambda+0x0000000100331880
instanceKlass  @cpi org/languagetool/JLanguageTool 2228 form vmentry <vmtarget> ; # java/lang/invoke/LambdaForm$DMH+0x0000000100338000
instanceKlass  @bci org/bsplines/ltexls/languagetool/LanguageToolJavaInterface checkInternal (Lorg/bsplines/ltexls/parsing/AnnotatedTextFragment;)Ljava/util/List; 79 <appendix> member <vmtarget> ; # org/bsplines/ltexls/languagetool/LanguageToolJavaInterface$$Lambda+0x00000001003338e0
instanceKlass org/languagetool/JLanguageTool$CheckCancelledCallback
instanceKlass org/apache/commons/lang3/Validate
instanceKlass org/apache/commons/lang3/ArrayUtils
instanceKlass org/apache/commons/lang3/Range
instanceKlass  @bci org/apache/commons/text/translate/AggregateTranslator <init> ([Lorg/apache/commons/text/translate/CharSequenceTranslator;)V 42 <appendix> member <vmtarget> ; # org/apache/commons/text/translate/AggregateTranslator$$Lambda+0x00000001003374a8
instanceKlass  @bci org/apache/commons/text/translate/AggregateTranslator <init> ([Lorg/apache/commons/text/translate/CharSequenceTranslator;)V 23 <appendix> argL0 ; # org/apache/commons/text/translate/AggregateTranslator$$Lambda+0x0000000100337258
instanceKlass  @bci java/util/Collections$UnmodifiableMap$UnmodifiableEntrySet entryConsumer (Ljava/util/function/Consumer;)Ljava/util/function/Consumer; 1 <appendix> member <vmtarget> ; # java/util/Collections$UnmodifiableMap$UnmodifiableEntrySet$$Lambda+0x00000001002627c0
instanceKlass  @bci org/apache/commons/text/translate/EntityArrays invert (Ljava/util/Map;)Ljava/util/Map; 16 <appendix> argL0 ; # org/apache/commons/text/translate/EntityArrays$$Lambda+0x00000001003369c0
instanceKlass  @bci org/apache/commons/text/translate/EntityArrays invert (Ljava/util/Map;)Ljava/util/Map; 11 <appendix> argL0 ; # org/apache/commons/text/translate/EntityArrays$$Lambda+0x0000000100336780
instanceKlass java/util/Collections$UnmodifiableMap$UnmodifiableEntrySet$UnmodifiableEntrySetSpliterator
instanceKlass org/apache/commons/text/translate/EntityArrays
instanceKlass org/apache/commons/text/translate/CharSequenceTranslator
instanceKlass org/apache/commons/text/StringEscapeUtils
instanceKlass  @bci org/bsplines/ltexls/server/DocumentChecker mergeParagraphRun (Ljava/util/List;Lorg/bsplines/ltexls/server/LtexTextDocumentItem;)Lorg/bsplines/ltexls/parsing/AnnotatedTextFragment; 33 <appendix> argL0 ; # org/bsplines/ltexls/server/DocumentChecker$$Lambda+0x00000001003350b0
instanceKlass kotlin/text/Charsets
instanceKlass java/util/ComparableTimSort
instanceKlass org/bsplines/ltexls/parsing/FragmentCacheKey
instanceKlass org/bsplines/ltexls/parsing/AnnotatedTextSlicer$Slice
instanceKlass org/bsplines/ltexls/parsing/AnnotatedTextSlicer$TextSegment
instanceKlass org/bsplines/ltexls/parsing/AnnotatedTextSlicer$MarkupSegment
instanceKlass org/bsplines/ltexls/parsing/AnnotatedTextSlicer$Segment
instanceKlass org/bsplines/ltexls/parsing/AnnotatedTextSlicer$WhenMappings
instanceKlass org/bsplines/ltexls/parsing/AnnotatedTextSlicer$SliceState
instanceKlass org/bsplines/ltexls/parsing/AnnotatedTextSlicer
instanceKlass org/languagetool/markup/MappingValue
instanceKlass org/languagetool/markup/AnnotatedText
instanceKlass org/bsplines/ltexls/parsing/AnnotatedTextFragment$Companion
instanceKlass org/bsplines/ltexls/parsing/AnnotatedTextFragment
instanceKlass kotlin/TuplesKt
instanceKlass  @bci org/bsplines/ltexls/parsing/DummyGenerator generate (Ljava/lang/String;IZ)Ljava/lang/String; 33 <appendix> form vmentry <vmtarget> ; # java/lang/invoke/LambdaForm$MH+0x0000000100330c00
instanceKlass  @bci org/bsplines/ltexls/parsing/DummyGenerator generate (Ljava/lang/String;IZ)Ljava/lang/String; 33 <appendix> argL3 form vmentry <vmtarget> ; # java/lang/invoke/LambdaForm$MH+0x0000000100330800
instanceKlass org/bsplines/ltexls/parsing/latex/LatexAnnotatedTextBuilder$WhenMappings
instanceKlass org/languagetool/markup/TextPart
instanceKlass org/bsplines/ltexls/parsing/latex/LatexCommandSignature$Companion$WhenMappings
instanceKlass kotlin/UNINITIALIZED_VALUE
instanceKlass kotlin/SynchronizedLazyImpl
instanceKlass kotlin/Lazy
instanceKlass kotlin/LazyKt__LazyJVMKt
instanceKlass  @bci org/bsplines/ltexls/parsing/CharacterBasedCodeAnnotatedTextBuilder$AnchoredMatchResult <init> (Ljava/lang/CharSequence;I[I[I)V 61 <appendix> member <vmtarget> ; # org/bsplines/ltexls/parsing/CharacterBasedCodeAnnotatedTextBuilder$AnchoredMatchResult$$Lambda+0x000000010032a598
instanceKlass org/bsplines/ltexls/parsing/CharacterBasedCodeAnnotatedTextBuilder$AnchoredMatchResult$groups$1
instanceKlass org/bsplines/ltexls/parsing/CharacterBasedCodeAnnotatedTextBuilder$AnchoredMatchResult$Companion
instanceKlass org/bsplines/ltexls/parsing/CharacterBasedCodeAnnotatedTextBuilder$AnchoredMatchResult
instanceKlass org/bsplines/ltexls/parsing/latex/LatexEnvironmentSignature$Companion
instanceKlass kotlin/collections/ArrayAsCollection
instanceKlass org/bsplines/ltexls/parsing/latex/LatexAnnotatedTextBuilderDefaults
instanceKlass org/bsplines/ltexls/parsing/CodeModeHandler
instanceKlass org/bsplines/ltexls/parsing/latex/LatexAnnotatedTextBuilder$Companion
instanceKlass org/bsplines/ltexls/parsing/CodeAnnotatedTextBuilder$Companion
instanceKlass org/languagetool/markup/AnnotatedTextBuilder
instanceKlass org/bsplines/ltexls/parsing/program/ProgramCommentRegexs$Companion
instanceKlass org/bsplines/ltexls/parsing/program/ProgramCommentRegexs
instanceKlass org/bsplines/ltexls/server/DocumentChecker$CacheRunStats
instanceKlass kotlin/collections/ArrayDeque$Companion
instanceKlass kotlin/jvm/internal/markers/KMutableList
instanceKlass kotlin/jvm/internal/markers/KMutableCollection
instanceKlass kotlin/jvm/internal/markers/KMutableIterable
instanceKlass org/bsplines/ltexls/settings/SettingsOverride$Companion
instanceKlass org/bsplines/ltexls/settings/SettingsOverride
instanceKlass kotlin/sequences/GeneratorSequence$iterator$1
instanceKlass kotlin/sequences/GeneratorSequence
instanceKlass kotlin/sequences/Sequence
instanceKlass kotlin/sequences/SequencesKt__SequenceBuilderKt
instanceKlass  @bci org/languagetool/rules/spelling/multitoken/MultitokenSpeller getSuggestions (Ljava/lang/String;Z)Ljava/util/List; 27 <adapter> ; # java/lang/invoke/LambdaForm$MH+0x0000000100328800
# instanceKlass java/lang/invoke/LambdaForm$DMH+0x0000000100328400
instanceKlass  @bci org/languagetool/rules/spelling/multitoken/MultitokenSpeller getSuggestions (Ljava/lang/String;Z)Ljava/util/List; 27 <appendix> form vmentry <vmtarget> ; # java/lang/invoke/LambdaForm$DMH+0x0000000100328000
instanceKlass  @bci kotlin/text/Regex findAll (Ljava/lang/CharSequence;I)Lkotlin/sequences/Sequence; 64 <appendix> member <vmtarget> ; # kotlin/text/Regex$$Lambda+0x0000000100325b78
instanceKlass org/bsplines/ltexls/parsing/CodeFragment
instanceKlass org/bsplines/ltexls/parsing/RegexCodeFragmentizer$Companion
instanceKlass kotlin/_Assertions
instanceKlass kotlin/internal/PlatformImplementations
instanceKlass kotlin/internal/PlatformImplementationsKt
instanceKlass kotlin/text/jdk8/RegexExtensionsJDK8Kt
instanceKlass kotlin/text/MatchGroup
instanceKlass kotlin/internal/ProgressionUtilKt
instanceKlass kotlin/ranges/IntRange$Companion
instanceKlass kotlin/ranges/IntProgression$Companion
instanceKlass kotlin/ranges/IntProgression
instanceKlass kotlin/ranges/OpenEndRange
instanceKlass kotlin/ranges/ClosedRange
instanceKlass org/bsplines/ltexls/parsing/DummyGenerator$Companion
instanceKlass org/bsplines/ltexls/parsing/DummyGenerator
instanceKlass org/bsplines/ltexls/parsing/latex/LatexCommandSignature$Companion
instanceKlass org/bsplines/ltexls/parsing/latex/LatexCommandSignature
instanceKlass org/bsplines/ltexls/parsing/latex/LatexCommandSignatureMatcher$Companion
instanceKlass org/bsplines/ltexls/parsing/latex/LatexCommandSignatureMatcher
instanceKlass kotlin/text/FlagEnum
instanceKlass org/bsplines/ltexls/parsing/latex/LatexFragmentizer$Companion
instanceKlass org/bsplines/ltexls/parsing/CodeFragmentizer$Companion
instanceKlass org/bsplines/ltexls/parsing/CodeFragmentizer
instanceKlass org/bsplines/ltexls/settings/SettingsDifference
instanceKlass kotlin/text/MatchResult$Destructured
instanceKlass kotlin/text/MatchResult$DefaultImpls
instanceKlass kotlin/text/MatchNamedGroupCollection
instanceKlass kotlin/text/MatchGroupCollection
instanceKlass kotlin/text/MatcherMatchResult
instanceKlass kotlin/text/MatchResult
instanceKlass kotlin/text/RegexKt
instanceKlass kotlin/text/CharsKt__CharJVMKt
instanceKlass org/eclipse/lsp4j/ConfigurationItem
instanceKlass org/eclipse/lsp4j/WorkDoneProgressBegin
instanceKlass org/eclipse/lsp4j/adapters/WorkDoneProgressNotificationAdapter$1
instanceKlass  @bci org/eclipse/lsp4j/adapters/ProgressNotificationAdapter create (Lcom/google/gson/Gson;Lcom/google/gson/reflect/TypeToken;)Lcom/google/gson/TypeAdapter; 63 <appendix> argL0 ; # org/eclipse/lsp4j/adapters/ProgressNotificationAdapter$$Lambda+0x000000010031e468
instanceKlass  @bci java/util/function/Predicate or (Ljava/util/function/Predicate;)Ljava/util/function/Predicate; 7 <appendix> member <vmtarget> ; # java/util/function/Predicate$$Lambda+0x0000000100261568
instanceKlass  @cpi java/util/function/Predicate 72 form vmentry <vmtarget> ; # java/lang/invoke/LambdaForm$DMH+0x000000010031cc00
instanceKlass org/eclipse/lsp4j/jsonrpc/json/adapters/EitherTypeAdapter$PropertyChecker
instanceKlass com/google/gson/JsonDeserializer
instanceKlass com/google/gson/JsonSerializer
instanceKlass  @bci java/util/ArrayDeque copyElements (Ljava/util/Collection;)V 2 <appendix> member <vmtarget> ; # java/util/ArrayDeque$$Lambda+0x0000000100261330
instanceKlass org/eclipse/lsp4j/adapters/ProgressNotificationAdapter
instanceKlass org/eclipse/lsp4j/WorkDoneProgressEnd
instanceKlass org/eclipse/lsp4j/WorkDoneProgressNotification
instanceKlass com/google/gson/JsonParser
instanceKlass  @bci org/eclipse/lsp4j/jsonrpc/json/adapters/CollectionTypeAdapter$Factory getConstructor (Ljava/lang/Class;)Ljava/util/function/Supplier; 10 <appendix> member <vmtarget> ; # org/eclipse/lsp4j/jsonrpc/json/adapters/CollectionTypeAdapter$Factory$$Lambda+0x000000010031ae28
# instanceKlass java/lang/invoke/LambdaForm$MH+0x000000010031c800
instanceKlass org/eclipse/lsp4j/DiagnosticRelatedInformation
instanceKlass org/eclipse/lsp4j/DiagnosticCodeDescription
instanceKlass org/eclipse/lsp4j/Diagnostic
instanceKlass java/util/concurrent/ForkJoinTask$Aux
instanceKlass org/eclipse/lsp4j/Position
instanceKlass org/eclipse/lsp4j/jsonrpc/RemoteEndpoint$PendingRequestInfo
instanceKlass org/eclipse/lsp4j/CodeActionContext
instanceKlass org/eclipse/lsp4j/TextDocumentIdentifier
instanceKlass com/google/gson/internal/LinkedTreeMap$LinkedTreeMapIterator
instanceKlass  @bci org/bsplines/ltexls/server/LtexWorkspaceService didChangeConfiguration$lambda$0 (Lorg/bsplines/ltexls/server/LtexWorkspaceService;Lorg/bsplines/ltexls/server/LtexTextDocumentItem;)Lkotlin/Unit; 26 <appendix> member <vmtarget> ; # org/bsplines/ltexls/server/LtexWorkspaceService$$Lambda+0x0000000100318f70
instanceKlass  @bci org/bsplines/ltexls/server/LtexWorkspaceService didChangeConfiguration (Lorg/eclipse/lsp4j/DidChangeConfigurationParams;)V 14 <appendix> member <vmtarget> ; # org/bsplines/ltexls/server/LtexWorkspaceService$$Lambda+0x0000000100318ab8
instanceKlass com/google/gson/internal/Streams$AppendableWriter$CurrentWrite
instanceKlass org/bsplines/ltexls/tools/Tools
instanceKlass  @bci org/bsplines/ltexls/server/LtexTextDocumentService didOpen (Lorg/eclipse/lsp4j/DidOpenTextDocumentParams;)V 97 <appendix> member <vmtarget> ; # org/bsplines/ltexls/server/LtexTextDocumentService$$Lambda+0x0000000100318688
# instanceKlass java/lang/invoke/LambdaForm$MH+0x000000010031c400
# instanceKlass java/lang/invoke/LambdaForm$MH+0x000000010031c000
instanceKlass  @bci org/eclipse/lsp4j/jsonrpc/RemoteEndpoint handleRequest (Lorg/eclipse/lsp4j/jsonrpc/messages/RequestMessage;)V 142 <appendix> member <vmtarget> ; # org/eclipse/lsp4j/jsonrpc/RemoteEndpoint$$Lambda+0x0000000100318000
instanceKlass  @bci org/eclipse/lsp4j/jsonrpc/RemoteEndpoint handleRequest (Lorg/eclipse/lsp4j/jsonrpc/messages/RequestMessage;)V 132 <appendix> member <vmtarget> ; # org/eclipse/lsp4j/jsonrpc/RemoteEndpoint$$Lambda+0x0000000100317c00
instanceKlass org/eclipse/lsp4j/SemanticTokensServerFull
instanceKlass org/eclipse/lsp4j/SemanticTokensLegend
instanceKlass org/eclipse/lsp4j/FileOperationPatternOptions
instanceKlass org/eclipse/lsp4j/FileOperationPattern
instanceKlass org/eclipse/lsp4j/FileOperationFilter
instanceKlass org/eclipse/lsp4j/FileOperationOptions
instanceKlass org/eclipse/lsp4j/FileOperationsServerCapabilities
instanceKlass org/eclipse/lsp4j/DocumentFilter
instanceKlass org/eclipse/lsp4j/CompletionItemOptions
instanceKlass org/eclipse/lsp4j/NotebookSelectorCell
instanceKlass org/eclipse/lsp4j/NotebookDocumentFilter
instanceKlass org/eclipse/lsp4j/NotebookSelector
instanceKlass org/eclipse/lsp4j/SaveOptions
instanceKlass org/eclipse/lsp4j/TextDocumentSyncOptions
instanceKlass org/eclipse/lsp4j/TextDocumentRegistrationOptions
instanceKlass org/eclipse/lsp4j/DocumentOnTypeFormattingOptions
instanceKlass org/eclipse/lsp4j/NotebookDocumentSyncRegistrationOptions
instanceKlass com/google/gson/internal/Streams
instanceKlass  @bci org/eclipse/lsp4j/jsonrpc/RemoteEndpoint handleRequest (Lorg/eclipse/lsp4j/jsonrpc/messages/RequestMessage;)V 121 <appendix> member <vmtarget> ; # org/eclipse/lsp4j/jsonrpc/RemoteEndpoint$$Lambda+0x0000000100310fb0
instanceKlass java/util/concurrent/ForkJoinTask
instanceKlass java/util/concurrent/CompletableFuture$AsynchronousCompletionTask
instanceKlass java/util/concurrent/ForkJoinPool$2
instanceKlass jdk/internal/access/JavaUtilConcurrentFJPAccess
instanceKlass java/util/concurrent/ForkJoinPool$DefaultForkJoinWorkerThreadFactory
instanceKlass java/util/concurrent/ForkJoinPool$WorkQueue
instanceKlass java/util/concurrent/ForkJoinPool$ForkJoinWorkerThreadFactory
instanceKlass java/util/concurrent/CompletableFuture$AltResult
instanceKlass org/eclipse/lsp4j/ServerInfo
instanceKlass org/eclipse/lsp4j/WorkspaceServerCapabilities
instanceKlass org/eclipse/lsp4j/WorkspaceFoldersOptions
instanceKlass org/eclipse/lsp4j/AbstractWorkDoneProgressOptions
instanceKlass org/eclipse/lsp4j/WorkDoneProgressOptions
instanceKlass org/eclipse/lsp4j/ServerCapabilities
instanceKlass kotlin/ranges/RangesKt__RangesKt
instanceKlass  @bci sun/util/locale/provider/JRELocaleProviderAdapter getDateFormatSymbolsProvider ()Ljava/text/spi/DateFormatSymbolsProvider; 8 <appendix> member <vmtarget> ; # sun/util/locale/provider/JRELocaleProviderAdapter$$Lambda+0x000000010025ed18
instanceKlass java/text/DateFormatSymbols
instanceKlass java/time/ZonedDateTime$1
instanceKlass java/util/Formatter$DateTime
instanceKlass java/util/logging/Level$RbAccess
instanceKlass  @bci java/util/logging/LogRecord inferCaller ()V 18 <appendix> member <vmtarget> ; # java/util/logging/LogRecord$$Lambda+0x000000010025ddc0
instanceKlass java/lang/StackStreamFactory$FrameBuffer
instanceKlass java/lang/StackStreamFactory
instanceKlass  @bci java/util/logging/LogRecord$CallerFinder get ()Ljava/util/Optional; 4 <appendix> member <vmtarget> ; # java/util/logging/LogRecord$CallerFinder$$Lambda+0x000000010025be10
instanceKlass  @bci java/util/logging/LogRecord$CallerFinder <clinit> ()V 0 <appendix> argL0 ; # java/util/logging/LogRecord$CallerFinder$$Lambda+0x000000010025b7b0
instanceKlass java/util/logging/LogRecord$CallerFinder
instanceKlass  @bci java/time/temporal/TemporalAdjusters nextOrSame (Ljava/time/DayOfWeek;)Ljava/time/temporal/TemporalAdjuster; 6 <appendix> member <vmtarget> ; # java/time/temporal/TemporalAdjusters$$Lambda+0x000000010025b340
instanceKlass  @cpi java/time/temporal/TemporalAdjusters 209 form vmentry <vmtarget> ; # java/lang/invoke/LambdaForm$DMH+0x000000010030d400
instanceKlass java/time/temporal/TemporalAdjusters
instanceKlass java/time/zone/Ser
instanceKlass java/io/Externalizable
instanceKlass java/time/zone/ZoneRulesProvider$1
instanceKlass java/time/zone/ZoneRulesProvider
instanceKlass sun/util/calendar/ZoneInfoFile$ZoneOffsetTransitionRule
instanceKlass sun/util/calendar/ZoneInfoFile$1
instanceKlass sun/util/calendar/ZoneInfoFile
instanceKlass java/util/logging/LogRecord
instanceKlass java/text/AttributedCharacterIterator$Attribute
instanceKlass kotlin/text/StringsKt__AppendableKt
instanceKlass org/bsplines/ltexls/tools/I18n
# instanceKlass java/lang/invoke/LambdaForm$MH+0x000000010030d000
instanceKlass  @cpi org/languagetool/rules/GRPCPostProcessing 596 form vmentry <vmtarget> ; # java/lang/invoke/LambdaForm$DMH+0x000000010030c800
instanceKlass com/google/gson/internal/LinkedTreeMap$Node
instanceKlass com/google/gson/internal/LinkedTreeMap$1
instanceKlass com/google/gson/internal/bind/JsonElementTypeAdapter$1
instanceKlass org/eclipse/lsp4j/jsonrpc/util/Preconditions
# instanceKlass java/lang/invoke/LambdaForm$MH+0x000000010030c400
instanceKlass org/eclipse/lsp4j/jsonrpc/json/adapters/JsonElementTypeAdapter$Factory
instanceKlass org/eclipse/lsp4j/StaleRequestCapabilities
instanceKlass org/eclipse/lsp4j/MarkdownCapabilities
instanceKlass org/eclipse/lsp4j/RegularExpressionsCapabilities
instanceKlass org/eclipse/lsp4j/WindowShowMessageRequestActionItemCapabilities
instanceKlass org/eclipse/lsp4j/ShowDocumentCapabilities
instanceKlass org/eclipse/lsp4j/WindowShowMessageRequestCapabilities
instanceKlass org/eclipse/lsp4j/InlayHintResolveSupportCapabilities
instanceKlass org/eclipse/lsp4j/SemanticTokensClientCapabilitiesRequestsFull
instanceKlass org/eclipse/lsp4j/SemanticTokensClientCapabilitiesRequests
instanceKlass org/eclipse/lsp4j/FoldingRangeSupportCapabilities
instanceKlass org/eclipse/lsp4j/FoldingRangeKindSupportCapabilities
instanceKlass org/eclipse/lsp4j/jsonrpc/json/adapters/EitherTypeAdapter$EitherTypeArgument
instanceKlass org/eclipse/lsp4j/DiagnosticsTagSupport
instanceKlass org/eclipse/lsp4j/CodeActionKindCapabilities
instanceKlass org/eclipse/lsp4j/CodeActionResolveSupportCapabilities
instanceKlass org/eclipse/lsp4j/CodeActionLiteralSupportCapabilities
instanceKlass org/eclipse/lsp4j/ParameterInformationCapabilities
instanceKlass org/eclipse/lsp4j/SignatureInformationCapabilities
instanceKlass org/eclipse/lsp4j/CompletionItemInsertTextModeSupportCapabilities
instanceKlass org/eclipse/lsp4j/CompletionItemResolveSupportCapabilities
instanceKlass org/eclipse/lsp4j/CompletionItemTagSupportCapabilities
instanceKlass org/eclipse/lsp4j/CompletionListCapabilities
instanceKlass org/eclipse/lsp4j/CompletionItemCapabilities
instanceKlass org/eclipse/lsp4j/CompletionItemKindCapabilities
instanceKlass org/eclipse/lsp4j/PublishDiagnosticsCapabilities
instanceKlass org/eclipse/lsp4j/WorkspaceSymbolResolveSupportCapabilities
instanceKlass org/eclipse/lsp4j/SymbolTagSupportCapabilities
instanceKlass org/eclipse/lsp4j/SymbolKindCapabilities
instanceKlass  @bci org/eclipse/lsp4j/jsonrpc/json/adapters/CollectionTypeAdapter$Factory getConstructor (Ljava/lang/Class;)Ljava/util/function/Supplier; 62 <appendix> argL0 ; # org/eclipse/lsp4j/jsonrpc/json/adapters/CollectionTypeAdapter$Factory$$Lambda+0x00000001003006b0
instanceKlass org/eclipse/lsp4j/jsonrpc/json/adapters/TypeUtils$ParameterizedTypeImpl
instanceKlass org/eclipse/lsp4j/WorkspaceEditChangeAnnotationSupportCapabilities
instanceKlass org/eclipse/lsp4j/DiagnosticWorkspaceCapabilities
instanceKlass org/eclipse/lsp4j/InlineValueWorkspaceCapabilities
instanceKlass org/eclipse/lsp4j/InlayHintWorkspaceCapabilities
instanceKlass org/eclipse/lsp4j/CodeLensWorkspaceCapabilities
instanceKlass org/eclipse/lsp4j/SemanticTokensWorkspaceCapabilities
instanceKlass org/eclipse/lsp4j/DynamicRegistrationCapabilities
instanceKlass org/eclipse/lsp4j/WorkspaceEditCapabilities
instanceKlass org/eclipse/lsp4j/GeneralClientCapabilities
instanceKlass org/eclipse/lsp4j/NotebookDocumentClientCapabilities
instanceKlass org/eclipse/lsp4j/WindowClientCapabilities
instanceKlass org/eclipse/lsp4j/TextDocumentClientCapabilities
instanceKlass org/eclipse/lsp4j/WorkspaceClientCapabilities
instanceKlass org/eclipse/lsp4j/ClientCapabilities
instanceKlass com/google/gson/internal/bind/ReflectiveTypeAdapterFactory$FieldsData
instanceKlass org/eclipse/lsp4j/jsonrpc/validation/NonNull
instanceKlass com/google/gson/annotations/SerializedName
# instanceKlass java/lang/invoke/LambdaForm$MH+0x00000001002f8c00
instanceKlass sun/invoke/util/ValueConversions$WrapperCache
instanceKlass org/eclipse/lsp4j/ClientInfo
instanceKlass com/google/gson/internal/Primitives
instanceKlass  @bci com/google/gson/internal/ConstructorConstructor newDefaultConstructor (Ljava/lang/Class;Lcom/google/gson/ReflectionAccessFilter$FilterResult;)Lcom/google/gson/internal/ObjectConstructor; 134 <appendix> member <vmtarget> ; # com/google/gson/internal/ConstructorConstructor$$Lambda+0x00000001002ff208
instanceKlass com/google/gson/internal/ReflectionAccessFilterHelper
instanceKlass org/eclipse/lsp4j/adapters/InitializeParamsTypeAdapter$Factory
instanceKlass com/google/gson/annotations/JsonAdapter
instanceKlass org/eclipse/lsp4j/jsonrpc/messages/Tuple$Two
instanceKlass org/eclipse/lsp4j/jsonrpc/messages/Tuple
instanceKlass org/eclipse/lsp4j/jsonrpc/json/adapters/TypeUtils
instanceKlass java/lang/reflect/AnnotatedType
instanceKlass com/google/gson/internal/reflect/ReflectionHelper$RecordHelper
instanceKlass com/google/gson/internal/reflect/ReflectionHelper
instanceKlass com/google/gson/internal/JsonReaderInternalAccess
instanceKlass org/eclipse/lsp4j/jsonrpc/json/StreamMessageProducer$Headers
instanceKlass org/eclipse/lsp4j/jsonrpc/json/ConcurrentMessageProcessor$1
instanceKlass org/eclipse/lsp4j/jsonrpc/StandardLauncher
instanceKlass org/eclipse/lsp4j/jsonrpc/json/ConcurrentMessageProcessor
instanceKlass org/eclipse/lsp4j/jsonrpc/json/StreamMessageProducer
instanceKlass  @bci java/lang/reflect/Proxy getProxyConstructor (Ljava/lang/Class;Ljava/lang/ClassLoader;[Ljava/lang/Class;)Ljava/lang/reflect/Constructor; 80 <appendix> argL0 ; # java/lang/reflect/Proxy$$Lambda+0x0000000100256ed0
instanceKlass  @bci org/eclipse/lsp4j/jsonrpc/services/EndpointProxy <init> (Lorg/eclipse/lsp4j/jsonrpc/Endpoint;Ljava/util/Collection;)V 197 <appendix> member <vmtarget> ; # org/eclipse/lsp4j/jsonrpc/services/EndpointProxy$$Lambda+0x00000001002f70a0
instanceKlass  @bci org/eclipse/lsp4j/jsonrpc/services/EndpointProxy <init> (Lorg/eclipse/lsp4j/jsonrpc/Endpoint;Ljava/util/Collection;)V 178 <appendix> member <vmtarget> ; # org/eclipse/lsp4j/jsonrpc/services/EndpointProxy$$Lambda+0x00000001002f6e68
instanceKlass  @cpi java/util/logging/LogRecord 420 form vmentry <vmtarget> ; # java/lang/invoke/LambdaForm$DMH+0x00000001002f8800
instanceKlass org/eclipse/lsp4j/jsonrpc/services/EndpointProxy
instanceKlass  @bci org/eclipse/lsp4j/jsonrpc/RemoteEndpoint <clinit> ()V 11 <appendix> argL0 ; # org/eclipse/lsp4j/jsonrpc/RemoteEndpoint$$Lambda+0x00000001002f69f0
instanceKlass org/eclipse/lsp4j/jsonrpc/messages/ResponseError
instanceKlass org/eclipse/lsp4j/jsonrpc/messages/Message
instanceKlass org/eclipse/lsp4j/jsonrpc/RemoteEndpoint
instanceKlass kotlin/Unit
instanceKlass kotlin/jvm/functions/Function1
instanceKlass org/eclipse/lsp4j/jsonrpc/CancelChecker
instanceKlass org/eclipse/lsp4j/TextDocumentItem
instanceKlass  @bci java/util/stream/Collectors joining (Ljava/lang/CharSequence;Ljava/lang/CharSequence;Ljava/lang/CharSequence;)Ljava/util/stream/Collector; 22 <appendix> argL0 ; # java/util/stream/Collectors$$Lambda+0x0000000100256c90
instanceKlass  @bci java/util/stream/Collectors joining (Ljava/lang/CharSequence;Ljava/lang/CharSequence;Ljava/lang/CharSequence;)Ljava/util/stream/Collector; 17 <appendix> argL0 ; # java/util/stream/Collectors$$Lambda+0x0000000100256a48
instanceKlass  @bci java/util/stream/Collectors joining (Ljava/lang/CharSequence;Ljava/lang/CharSequence;Ljava/lang/CharSequence;)Ljava/util/stream/Collector; 12 <appendix> argL0 ; # java/util/stream/Collectors$$Lambda+0x0000000100256818
instanceKlass  @bci java/util/stream/Collectors joining (Ljava/lang/CharSequence;Ljava/lang/CharSequence;Ljava/lang/CharSequence;)Ljava/util/stream/Collector; 7 <appendix> member <vmtarget> ; # java/util/stream/Collectors$$Lambda+0x00000001002565f0
instanceKlass  @bci java/lang/reflect/Executable sharedToString (IZ[Ljava/lang/Class;[Ljava/lang/Class;)Ljava/lang/String; 29 <appendix> argL0 ; # java/lang/reflect/Executable$$Lambda+0x00000001002563b0
instanceKlass  @bci org/languagetool/rules/patterns/PatternRuleMatcher match (Lorg/languagetool/AnalyzedSentence;)[Lorg/languagetool/rules/RuleMatch; 83 <appendix> form vmentry <vmtarget> ; # java/lang/invoke/LambdaForm$DMH+0x00000001002f8400
instanceKlass  @bci org/eclipse/lsp4j/jsonrpc/services/GenericEndpoint recursiveFindRpcMethods (Ljava/lang/Object;Ljava/util/Set;Ljava/util/Set;)V 24 <appendix> member <vmtarget> ; # org/eclipse/lsp4j/jsonrpc/services/GenericEndpoint$$Lambda+0x00000001002f4470
instanceKlass  @cpi org/eclipse/lsp4j/jsonrpc/services/GenericEndpoint 220 form vmentry <vmtarget> ; # java/lang/invoke/LambdaForm$DMH+0x00000001002f8000
instanceKlass  @bci org/eclipse/lsp4j/jsonrpc/services/GenericEndpoint lambda$recursiveFindRpcMethods$1 (Ljava/lang/Object;Lorg/eclipse/lsp4j/jsonrpc/services/AnnotationUtil$MethodInfo;)V 3 <appendix> member <vmtarget> ; # org/eclipse/lsp4j/jsonrpc/services/GenericEndpoint$$Lambda+0x00000001002f4228
instanceKlass  @bci org/eclipse/lsp4j/jsonrpc/services/GenericEndpoint recursiveFindRpcMethods (Ljava/lang/Object;Ljava/util/Set;Ljava/util/Set;)V 7 <appendix> member <vmtarget> ; # org/eclipse/lsp4j/jsonrpc/services/GenericEndpoint$$Lambda+0x00000001002f3ff0
instanceKlass org/eclipse/lsp4j/jsonrpc/services/GenericEndpoint
instanceKlass org/eclipse/lsp4j/jsonrpc/json/StreamMessageConsumer
instanceKlass org/eclipse/lsp4j/jsonrpc/json/MessageConstants
instanceKlass com/google/gson/Gson
instanceKlass org/eclipse/lsp4j/jsonrpc/json/adapters/MessageTypeAdapter$Factory
instanceKlass org/eclipse/lsp4j/jsonrpc/json/adapters/EnumTypeAdapter$Factory
instanceKlass org/eclipse/lsp4j/jsonrpc/json/adapters/TupleTypeAdapters$TwoTypeAdapterFactory
instanceKlass org/eclipse/lsp4j/jsonrpc/json/adapters/EitherTypeAdapter$Factory
instanceKlass org/eclipse/lsp4j/jsonrpc/json/adapters/ThrowableTypeAdapter$Factory
instanceKlass org/eclipse/lsp4j/jsonrpc/json/adapters/CollectionTypeAdapter$Factory
instanceKlass com/google/gson/internal/bind/ReflectiveTypeAdapterFactory$BoundField
instanceKlass com/google/gson/internal/bind/ReflectiveTypeAdapterFactory
instanceKlass com/google/gson/internal/bind/MapTypeAdapterFactory
instanceKlass com/google/gson/internal/bind/CollectionTypeAdapterFactory
instanceKlass com/google/gson/internal/bind/ArrayTypeAdapter$1
instanceKlass com/google/gson/internal/bind/JavaTimeTypeAdapters$14
instanceKlass com/google/gson/internal/bind/JavaTimeTypeAdapters
instanceKlass com/google/gson/internal/bind/TypeAdapters$FactorySupplier
instanceKlass com/google/gson/internal/bind/DefaultDateTypeAdapter$1
instanceKlass java/util/concurrent/atomic/AtomicLongArray
instanceKlass com/google/gson/internal/bind/NumberTypeAdapter$1
instanceKlass com/google/gson/internal/sql/SqlTimestampTypeAdapter$1
instanceKlass com/google/gson/internal/sql/SqlTimeTypeAdapter$1
instanceKlass com/google/gson/internal/sql/SqlDateTypeAdapter$1
instanceKlass com/google/gson/internal/bind/DefaultDateTypeAdapter$DateType
instanceKlass com/google/gson/internal/sql/SqlTypesSupport
instanceKlass com/google/gson/internal/bind/ObjectTypeAdapter$1
instanceKlass com/google/gson/internal/bind/EnumTypeAdapter$1
instanceKlass com/google/gson/internal/bind/TypeAdapters$32
instanceKlass java/util/Calendar
instanceKlass com/google/gson/internal/bind/TypeAdapters$33
instanceKlass java/util/concurrent/atomic/AtomicIntegerArray
instanceKlass com/google/gson/internal/bind/TypeAdapters$31
instanceKlass java/util/BitSet
instanceKlass com/google/gson/internal/bind/TypeAdapters$30
instanceKlass com/google/gson/stream/JsonReader
instanceKlass com/google/gson/stream/JsonWriter
instanceKlass com/google/gson/internal/bind/TypeAdapters
instanceKlass com/google/gson/internal/Excluder
instanceKlass com/google/gson/internal/bind/JsonAdapterAnnotationTypeAdapterFactory$DummyTypeAdapterFactory
instanceKlass com/google/gson/internal/bind/JsonAdapterAnnotationTypeAdapterFactory
instanceKlass com/google/gson/internal/ObjectConstructor
instanceKlass com/google/gson/internal/ConstructorConstructor
instanceKlass com/google/gson/FormattingStyle
instanceKlass com/google/gson/ToNumberStrategy
instanceKlass com/google/gson/FieldNamingStrategy
instanceKlass com/google/gson/GsonBuilder
instanceKlass org/eclipse/lsp4j/jsonrpc/messages/CancelParams
instanceKlass com/google/gson/JsonElement
instanceKlass org/eclipse/lsp4j/jsonrpc/json/MessageJsonHandler
instanceKlass org/eclipse/lsp4j/WorkspaceDiagnosticReport
instanceKlass org/eclipse/lsp4j/adapters/WorkspaceSymbolResponseAdapter
instanceKlass org/eclipse/lsp4j/CreateFilesParams
instanceKlass org/eclipse/lsp4j/RenameFilesParams
instanceKlass org/eclipse/lsp4j/DeleteFilesParams
instanceKlass org/eclipse/lsp4j/DidChangeConfigurationParams
instanceKlass org/eclipse/lsp4j/DidChangeWorkspaceFoldersParams
instanceKlass org/eclipse/lsp4j/DidChangeWatchedFilesParams
instanceKlass org/eclipse/lsp4j/WorkspaceSymbol
instanceKlass org/eclipse/lsp4j/ExecuteCommandParams
instanceKlass org/eclipse/lsp4j/Command
instanceKlass org/eclipse/lsp4j/adapters/CodeActionResponseAdapter
instanceKlass org/eclipse/lsp4j/Moniker
instanceKlass org/eclipse/lsp4j/Hover
instanceKlass org/eclipse/lsp4j/CompletionList
instanceKlass org/eclipse/lsp4j/adapters/DocumentDiagnosticReportTypeAdapter
instanceKlass org/eclipse/lsp4j/CallHierarchyIncomingCall
instanceKlass org/eclipse/lsp4j/SemanticTokensDelta
instanceKlass org/eclipse/lsp4j/adapters/SemanticTokensFullDeltaResponseAdapter
instanceKlass org/eclipse/lsp4j/CallHierarchyOutgoingCall
instanceKlass org/eclipse/lsp4j/CallHierarchyItem
instanceKlass org/eclipse/lsp4j/TypeHierarchyItem
instanceKlass org/eclipse/lsp4j/LinkedEditingRanges
instanceKlass org/eclipse/lsp4j/SignatureHelp
instanceKlass org/eclipse/lsp4j/SemanticTokens
instanceKlass org/eclipse/lsp4j/SelectionRange
instanceKlass org/eclipse/lsp4j/FoldingRange
instanceKlass org/eclipse/lsp4j/InlineValueEvaluatableExpression
instanceKlass org/eclipse/lsp4j/InlineValueVariableLookup
instanceKlass org/eclipse/lsp4j/adapters/InlineValueResponseAdapter
instanceKlass org/eclipse/lsp4j/DocumentSymbol
instanceKlass org/eclipse/lsp4j/SymbolInformation
instanceKlass org/eclipse/lsp4j/adapters/DocumentSymbolResponseAdapter
# instanceKlass java/lang/invoke/LambdaForm$DMH+0x00000001002d8000
instanceKlass org/eclipse/lsp4j/PrepareRenameDefaultBehavior
instanceKlass org/eclipse/lsp4j/PrepareRenameResult
instanceKlass org/eclipse/lsp4j/Range
instanceKlass org/eclipse/lsp4j/adapters/PrepareRenameResponseAdapter
instanceKlass org/eclipse/lsp4j/ColorPresentation
instanceKlass org/eclipse/lsp4j/ColorInformation
instanceKlass org/eclipse/lsp4j/TextEdit
instanceKlass org/eclipse/lsp4j/LocationLink
instanceKlass org/eclipse/lsp4j/Location
instanceKlass com/google/gson/internal/GsonTypes$WildcardTypeImpl
instanceKlass com/google/gson/internal/GsonTypes$ParameterizedTypeImpl
instanceKlass com/google/gson/internal/GsonTypes
instanceKlass com/google/gson/TypeAdapter
instanceKlass com/google/gson/reflect/TypeToken
instanceKlass org/eclipse/lsp4j/jsonrpc/messages/Either
instanceKlass org/eclipse/lsp4j/adapters/LocationLinkListAdapter
instanceKlass com/google/gson/TypeAdapterFactory
instanceKlass org/eclipse/lsp4j/WorkspaceEdit
instanceKlass org/eclipse/lsp4j/DidChangeTextDocumentParams
instanceKlass org/eclipse/lsp4j/DidCloseTextDocumentParams
instanceKlass org/eclipse/lsp4j/DidSaveTextDocumentParams
instanceKlass org/eclipse/lsp4j/DidOpenTextDocumentParams
instanceKlass org/eclipse/lsp4j/DocumentFormattingParams
instanceKlass org/eclipse/lsp4j/InlayHintParams
instanceKlass org/eclipse/lsp4j/CompletionItem
instanceKlass org/eclipse/lsp4j/DocumentLink
instanceKlass org/eclipse/lsp4j/CodeLens
instanceKlass org/eclipse/lsp4j/InlineValueParams
instanceKlass org/eclipse/lsp4j/InlayHint
instanceKlass org/eclipse/lsp4j/WorkDoneProgressAndPartialResultParams
instanceKlass org/eclipse/lsp4j/WillSaveTextDocumentParams
instanceKlass org/eclipse/lsp4j/DocumentRangeFormattingParams
instanceKlass org/eclipse/lsp4j/CodeAction
instanceKlass org/eclipse/lsp4j/PartialResultParams
instanceKlass org/eclipse/lsp4j/TextDocumentPositionParams
instanceKlass org/eclipse/lsp4j/DidChangeNotebookDocumentParams
instanceKlass org/eclipse/lsp4j/DidCloseNotebookDocumentParams
instanceKlass org/eclipse/lsp4j/DidSaveNotebookDocumentParams
instanceKlass org/eclipse/lsp4j/DidOpenNotebookDocumentParams
instanceKlass org/eclipse/lsp4j/InitializeResult
instanceKlass org/eclipse/lsp4j/WorkDoneProgressCancelParams
instanceKlass org/eclipse/lsp4j/SetTraceParams
instanceKlass org/eclipse/lsp4j/services/NotebookDocumentService
instanceKlass org/eclipse/lsp4j/InitializedParams
instanceKlass org/eclipse/lsp4j/InitializeParams
instanceKlass org/eclipse/lsp4j/WorkDoneProgressParams
instanceKlass org/eclipse/lsp4j/jsonrpc/json/JsonRpcMethodProvider
instanceKlass org/eclipse/lsp4j/jsonrpc/services/JsonDelegate
instanceKlass  @bci org/eclipse/lsp4j/jsonrpc/services/ServiceEndpoints getSupportedMethods (Ljava/lang/Class;Ljava/util/Set;)Ljava/util/Map; 29 <appendix> member <vmtarget> ; # org/eclipse/lsp4j/jsonrpc/services/ServiceEndpoints$$Lambda+0x00000001002c9a00
instanceKlass  @cpi org/apache/commons/lang3/stream/LangCollectors 174 form vmentry <vmtarget> ; # java/lang/invoke/LambdaForm$DMH+0x00000001002cc000
instanceKlass org/eclipse/lsp4j/ShowDocumentResult
instanceKlass org/eclipse/lsp4j/MessageActionItem
instanceKlass org/eclipse/lsp4j/ApplyWorkspaceEditResponse
instanceKlass org/eclipse/lsp4j/jsonrpc/services/JsonNotification
instanceKlass org/eclipse/lsp4j/WorkspaceFolder
instanceKlass org/eclipse/lsp4j/jsonrpc/json/JsonRpcMethod
instanceKlass org/eclipse/lsp4j/jsonrpc/json/ResponseJsonAdapter
instanceKlass sun/reflect/generics/tree/MethodTypeSignature
instanceKlass  @bci org/eclipse/lsp4j/jsonrpc/services/AnnotationUtil getParameterTypes (Ljava/lang/reflect/Method;)[Ljava/lang/reflect/Type; 17 <appendix> argL0 ; # org/eclipse/lsp4j/jsonrpc/services/AnnotationUtil$$Lambda+0x00000001002c86a0
instanceKlass  @bci org/eclipse/lsp4j/jsonrpc/services/AnnotationUtil getParameterTypes (Ljava/lang/reflect/Method;)[Ljava/lang/reflect/Type; 7 <appendix> argL0 ; # org/eclipse/lsp4j/jsonrpc/services/AnnotationUtil$$Lambda+0x00000001002c8460
instanceKlass org/eclipse/lsp4j/jsonrpc/services/JsonRequest
instanceKlass org/eclipse/lsp4j/ShowDocumentParams
instanceKlass org/eclipse/lsp4j/RegistrationParams
instanceKlass org/eclipse/lsp4j/MessageParams
instanceKlass org/eclipse/lsp4j/ApplyWorkspaceEditParams
instanceKlass org/eclipse/lsp4j/LogTraceParams
instanceKlass org/eclipse/lsp4j/PublishDiagnosticsParams
instanceKlass org/eclipse/lsp4j/UnregistrationParams
instanceKlass org/eclipse/lsp4j/WorkDoneProgressCreateParams
instanceKlass org/eclipse/lsp4j/ProgressParams
instanceKlass java/util/concurrent/CompletableFuture
instanceKlass java/util/concurrent/CompletionStage
instanceKlass org/eclipse/lsp4j/ConfigurationParams
instanceKlass org/eclipse/lsp4j/jsonrpc/services/JsonSegment
instanceKlass org/eclipse/lsp4j/jsonrpc/services/AnnotationUtil
instanceKlass  @bci org/eclipse/lsp4j/jsonrpc/services/ServiceEndpoints getSupportedMethods (Ljava/lang/Class;Ljava/util/Set;)Ljava/util/Map; 11 <appendix> member <vmtarget> ; # org/eclipse/lsp4j/jsonrpc/services/ServiceEndpoints$$Lambda+0x00000001002c76d0
instanceKlass  @cpi opennlp/tools/postag/POSDictionary 212 form vmentry <vmtarget> ; # java/lang/invoke/LambdaForm$DMH+0x00000001002c4400
instanceKlass org/eclipse/lsp4j/jsonrpc/services/AnnotationUtil$MethodInfo
instanceKlass org/eclipse/lsp4j/jsonrpc/services/ServiceEndpoints
instanceKlass org/bsplines/ltexls/client/LtexLanguageClient
instanceKlass org/eclipse/lsp4j/services/LanguageClient
instanceKlass org/eclipse/lsp4j/jsonrpc/Endpoint
instanceKlass org/eclipse/lsp4j/jsonrpc/Launcher
instanceKlass org/eclipse/lsp4j/jsonrpc/json/MethodProvider
instanceKlass org/eclipse/lsp4j/jsonrpc/MessageProducer
instanceKlass org/eclipse/lsp4j/jsonrpc/MessageConsumer
instanceKlass org/eclipse/lsp4j/jsonrpc/MessageIssueHandler
instanceKlass org/eclipse/lsp4j/jsonrpc/Launcher$Builder
instanceKlass java/util/concurrent/Executors$RunnableAdapter
instanceKlass java/util/concurrent/FutureTask$WaitNode
instanceKlass java/util/concurrent/FutureTask
instanceKlass  @bci org/bsplines/ltexls/server/LtexLanguageServer <init> ()V 155 <appendix> member <vmtarget> ; # org/bsplines/ltexls/server/LtexLanguageServer$$Lambda+0x00000001002bfb10
instanceKlass  @cpi org/bsplines/ltexls/server/LtexWorkspaceService 524 form vmentry <vmtarget> ; # java/lang/invoke/LambdaForm$DMH+0x00000001002c4000
instanceKlass org/bsplines/ltexls/server/LtexWorkspaceService$Companion
instanceKlass org/bsplines/ltexls/server/LtexWorkspaceService
instanceKlass org/eclipse/lsp4j/services/WorkspaceService
instanceKlass org/bsplines/ltexls/server/LtexTextDocumentService
instanceKlass org/eclipse/lsp4j/services/TextDocumentService
instanceKlass org/bsplines/ltexls/server/CompletionListProvider$Companion
instanceKlass org/bsplines/ltexls/server/CompletionListProvider
instanceKlass org/bsplines/ltexls/server/CodeActionProvider$Companion
instanceKlass org/bsplines/ltexls/server/CodeActionProvider
instanceKlass  @bci java/util/regex/Pattern VertWS ()Ljava/util/regex/Pattern$BmpCharPredicate; 0 <appendix> argL0 ; # java/util/regex/Pattern$$Lambda+0x0000000100252958
instanceKlass  @bci java/util/regex/Pattern HorizWS ()Ljava/util/regex/Pattern$BmpCharPredicate; 0 <appendix> argL0 ; # java/util/regex/Pattern$$Lambda+0x00000001002526c8
instanceKlass  @bci java/util/regex/Pattern Range (II)Ljava/util/regex/Pattern$CharPredicate; 31 <appendix> member <vmtarget> ; # java/util/regex/Pattern$$Lambda+0x0000000100252468
instanceKlass org/languagetool/tokenizers/uk/UkrainianWordTokenizer
instanceKlass  @bci org/languagetool/rules/uk/MorfologikUkrainianSpellerRule <clinit> ()V 40 <appendix> argL0 ; # org/languagetool/rules/uk/MorfologikUkrainianSpellerRule$$Lambda+0x00000001002bde30
instanceKlass  @cpi org/languagetool/rules/uk/MorfologikUkrainianSpellerRule 333 form vmentry <vmtarget> ; # java/lang/invoke/LambdaForm$DMH+0x00000001002c3c00
instanceKlass  @bci java/util/stream/Collectors uniqKeysMapMerger ()Ljava/util/function/BinaryOperator; 0 <appendix> argL0 ; # java/util/stream/Collectors$$Lambda+0x0000000100251dc0
instanceKlass  @bci java/util/stream/Collectors uniqKeysMapAccumulator (Ljava/util/function/Function;Ljava/util/function/Function;)Ljava/util/function/BiConsumer; 2 <appendix> member <vmtarget> ; # java/util/stream/Collectors$$Lambda+0x0000000100251b88
instanceKlass  @bci java/util/stream/Collectors toMap (Ljava/util/function/Function;Ljava/util/function/Function;)Ljava/util/stream/Collector; 4 <appendix> argL0 ; # java/util/stream/Collectors$$Lambda+0x0000000100251968
instanceKlass  @bci org/languagetool/rules/uk/ExtraDictionaryLoader loadMap (Ljava/lang/String;)Ljava/util/Map; 26 <appendix> argL0 ; # org/languagetool/rules/uk/ExtraDictionaryLoader$$Lambda+0x00000001002bdbf0
instanceKlass  @bci org/languagetool/rules/uk/ExtraDictionaryLoader loadMap (Ljava/lang/String;)Ljava/util/Map; 21 <appendix> argL0 ; # org/languagetool/rules/uk/ExtraDictionaryLoader$$Lambda+0x00000001002bd9b0
instanceKlass  @bci org/languagetool/rules/uk/ExtraDictionaryLoader loadMap (Ljava/lang/String;)Ljava/util/Map; 11 <appendix> argL0 ; # org/languagetool/rules/uk/ExtraDictionaryLoader$$Lambda+0x00000001002bd770
instanceKlass org/languagetool/rules/uk/ExtraDictionaryLoader
instanceKlass  @bci org/languagetool/tools/StringTools changeFirstCharCase (Ljava/lang/String;Z)Ljava/lang/String; 104 <adapter> ; # java/lang/invoke/LambdaForm$MH+0x00000001002c3800
# instanceKlass java/lang/invoke/LambdaForm$DMH+0x00000001002c3400
instanceKlass  @bci org/languagetool/tools/StringTools changeFirstCharCase (Ljava/lang/String;Z)Ljava/lang/String; 104 <appendix> form vmentry <vmtarget> ; # java/lang/invoke/LambdaForm$MH+0x00000001002c3000
instanceKlass  @bci org/languagetool/tools/StringTools changeFirstCharCase (Ljava/lang/String;Z)Ljava/lang/String; 104 <appendix> form names 8 function resolvedHandle form vmentry <vmtarget> ; # java/lang/invoke/LambdaForm$DMH+0x00000001002c2800
instanceKlass  @bci org/languagetool/tools/StringTools changeFirstCharCase (Ljava/lang/String;Z)Ljava/lang/String; 104 <appendix> argL3 form vmentry <vmtarget> ; # java/lang/invoke/LambdaForm$MH+0x00000001002c2400
instanceKlass  @bci org/languagetool/tools/StringTools changeFirstCharCase (Ljava/lang/String;Z)Ljava/lang/String; 104 <appendix> form names 12 function resolvedHandle form vmentry <vmtarget> ; # java/lang/invoke/LambdaForm$DMH+0x00000001002c1000
instanceKlass  @bci org/languagetool/tools/StringTools changeFirstCharCase (Ljava/lang/String;Z)Ljava/lang/String; 104 <appendix> argL1 form vmentry <vmtarget> ; # java/lang/invoke/LambdaForm$MH+0x00000001002c0c00
instanceKlass morfologik/stemming/TrimPrefixAndSuffixEncoder
instanceKlass java/util/AbstractList$Itr
instanceKlass morfologik/stemming/BufferUtils
instanceKlass org/languagetool/tokenizers/el/GreekWordTokenizerImpl
instanceKlass it/unimi/dsi/fastutil/ints/Int2ObjectOpenHashMap$MapEntry
instanceKlass it/unimi/dsi/fastutil/ints/IntObjectPair
instanceKlass it/unimi/dsi/fastutil/Pair
instanceKlass it/unimi/dsi/fastutil/ints/Int2ObjectMap$Entry
instanceKlass org/languagetool/synthesis/ManualSynthesizer$1
instanceKlass  @bci org/languagetool/synthesis/ManualSynthesizer <init> (Ljava/io/InputStream;)V 40 <appendix> argL0 ; # org/languagetool/synthesis/ManualSynthesizer$$Lambda+0x00000001002b97a0
instanceKlass it/unimi/dsi/fastutil/ints/Int2IntMap$FastEntrySet
instanceKlass it/unimi/dsi/fastutil/ints/AbstractInt2IntFunction
instanceKlass it/unimi/dsi/fastutil/ints/Int2ObjectMap$FastEntrySet
instanceKlass it/unimi/dsi/fastutil/ints/IntSet
instanceKlass it/unimi/dsi/fastutil/ints/AbstractInt2ObjectFunction
instanceKlass it/unimi/dsi/fastutil/ints/Int2ObjectMap
instanceKlass it/unimi/dsi/fastutil/ints/Int2ObjectFunction
instanceKlass  @bci org/languagetool/synthesis/ManualSynthesizer loadMapping (Ljava/io/InputStream;)Ljava/util/Map; 186 <appendix> argL0 ; # org/languagetool/synthesis/ManualSynthesizer$$Lambda+0x00000001002b2ed8
instanceKlass it/unimi/dsi/fastutil/ints/Int2IntMap
instanceKlass it/unimi/dsi/fastutil/ints/Int2IntFunction
instanceKlass java/util/function/IntUnaryOperator
instanceKlass org/languagetool/synthesis/ManualSynthesizer
instanceKlass  @bci org/languagetool/synthesis/Soros <init> (Ljava/lang/String;Ljava/lang/String;)V 310 <appendix> form vmentry <vmtarget> ; # java/lang/invoke/LambdaForm$MH+0x00000001002b6c00
instanceKlass  @bci org/languagetool/synthesis/Soros <init> (Ljava/lang/String;Ljava/lang/String;)V 310 <appendix> argL4 form vmentry <vmtarget> ; # java/lang/invoke/LambdaForm$MH+0x00000001002b6000
instanceKlass  @bci org/languagetool/synthesis/Soros <init> (Ljava/lang/String;Ljava/lang/String;)V 310 <appendix> argL1 form vmentry <vmtarget> ; # java/lang/invoke/LambdaForm$MH+0x00000001002b4c00
instanceKlass org/languagetool/synthesis/Soros
instanceKlass morfologik/stemming/TrimSuffixEncoder
instanceKlass morfologik/stemming/WordData
instanceKlass morfologik/stemming/DictionaryLookup
instanceKlass org/languagetool/synthesis/BaseSynthesizer
instanceKlass com/google/common/base/NullnessCasts
instanceKlass org/languagetool/rules/de/LineExpander
instanceKlass org/languagetool/rules/LineExpander
instanceKlass  @bci org/languagetool/rules/spelling/hunspell/CompoundAwareHunspellRule <init> (Ljava/util/ResourceBundle;Lorg/languagetool/Language;Lorg/languagetool/tokenizers/CompoundWordTokenizer;Ljava/util/function/Supplier;Lorg/languagetool/UserConfig;Ljava/util/List;Lorg/languagetool/languagemodel/LanguageModel;)V 20 <appendix> member <vmtarget> ; # org/languagetool/rules/spelling/hunspell/CompoundAwareHunspellRule$$Lambda+0x00000001002b0468
instanceKlass  @bci org/languagetool/rules/de/GermanSpellerRule <init> (Ljava/util/ResourceBundle;Lorg/languagetool/language/German;Lorg/languagetool/UserConfig;Ljava/lang/String;Ljava/util/List;Lorg/languagetool/languagemodel/LanguageModel;)V 11 <appendix> member <vmtarget> ; # org/languagetool/rules/de/GermanSpellerRule$$Lambda+0x00000001002b0240
instanceKlass org/languagetool/rules/spelling/morfologik/MorfologikMultiSpeller
instanceKlass  @bci org/languagetool/language/German getNonStrictCompoundSplitter ()Lorg/languagetool/tokenizers/CompoundWordTokenizer; 5 <appendix> member <vmtarget> ; # org/languagetool/language/German$$Lambda+0x00000001002afbe0
instanceKlass org/languagetool/tokenizers/CompoundWordTokenizer
instanceKlass  @bci org/languagetool/tokenizers/de/GermanCompoundTokenizer <clinit> ()V 11 <appendix> argL0 ; # org/languagetool/tokenizers/de/GermanCompoundTokenizer$$Lambda+0x00000001002af718
instanceKlass  @bci org/languagetool/tokenizers/de/GermanCompoundTokenizer <clinit> ()V 0 <appendix> argL0 ; # org/languagetool/tokenizers/de/GermanCompoundTokenizer$$Lambda+0x00000001002af4d8
instanceKlass org/languagetool/tokenizers/de/GermanCompoundTokenizer
instanceKlass de/danielnaber/jwordsplitter/tools/FileTools
instanceKlass de/danielnaber/jwordsplitter/GermanInterfixDisambiguator
instanceKlass de/danielnaber/jwordsplitter/ExceptionSplits
instanceKlass de/danielnaber/jwordsplitter/EmbeddedGermanDictionary
instanceKlass de/danielnaber/jwordsplitter/AbstractWordSplitter
instanceKlass  @bci org/languagetool/rules/de/GermanSpellerRule <clinit> ()V 16300 <appendix> argL0 ; # org/languagetool/rules/de/GermanSpellerRule$$Lambda+0x00000001002ae300
instanceKlass  @bci org/languagetool/rules/de/GermanSpellerRule <clinit> ()V 16289 <appendix> argL0 ; # org/languagetool/rules/de/GermanSpellerRule$$Lambda+0x00000001002ae0c0
instanceKlass  @bci org/languagetool/rules/de/GermanSpellerRule <clinit> ()V 16278 <appendix> argL0 ; # org/languagetool/rules/de/GermanSpellerRule$$Lambda+0x00000001002ade80
instanceKlass  @bci org/languagetool/rules/de/GermanSpellerRule <clinit> ()V 16210 <appendix> argL0 ; # org/languagetool/rules/de/GermanSpellerRule$$Lambda+0x00000001002adc40
instanceKlass  @bci org/languagetool/rules/de/GermanSpellerRule <clinit> ()V 16199 <appendix> argL0 ; # org/languagetool/rules/de/GermanSpellerRule$$Lambda+0x00000001002ada00
instanceKlass  @bci org/languagetool/rules/de/GermanSpellerRule <clinit> ()V 16125 <appendix> argL0 ; # org/languagetool/rules/de/GermanSpellerRule$$Lambda+0x00000001002ad7c0
instanceKlass  @bci org/languagetool/rules/de/GermanSpellerRule <clinit> ()V 16114 <appendix> argL0 ; # org/languagetool/rules/de/GermanSpellerRule$$Lambda+0x00000001002ad580
instanceKlass  @bci org/languagetool/rules/de/GermanSpellerRule <clinit> ()V 15797 <appendix> argL0 ; # org/languagetool/rules/de/GermanSpellerRule$$Lambda+0x00000001002ad340
instanceKlass  @bci org/languagetool/rules/de/GermanSpellerRule <clinit> ()V 15786 <appendix> argL0 ; # org/languagetool/rules/de/GermanSpellerRule$$Lambda+0x00000001002ad100
instanceKlass  @bci org/languagetool/rules/de/GermanSpellerRule <clinit> ()V 15775 <appendix> argL0 ; # org/languagetool/rules/de/GermanSpellerRule$$Lambda+0x00000001002acec0
instanceKlass  @bci org/languagetool/rules/de/GermanSpellerRule <clinit> ()V 15764 <appendix> argL0 ; # org/languagetool/rules/de/GermanSpellerRule$$Lambda+0x00000001002acc80
instanceKlass  @bci org/languagetool/rules/de/GermanSpellerRule <clinit> ()V 15735 <appendix> argL0 ; # org/languagetool/rules/de/GermanSpellerRule$$Lambda+0x00000001002aca40
instanceKlass  @bci org/languagetool/rules/de/GermanSpellerRule <clinit> ()V 15724 <appendix> argL0 ; # org/languagetool/rules/de/GermanSpellerRule$$Lambda+0x00000001002ac800
instanceKlass  @bci org/languagetool/rules/de/GermanSpellerRule <clinit> ()V 15713 <appendix> argL0 ; # org/languagetool/rules/de/GermanSpellerRule$$Lambda+0x00000001002ac5c0
instanceKlass  @bci org/languagetool/rules/de/GermanSpellerRule <clinit> ()V 15702 <appendix> argL0 ; # org/languagetool/rules/de/GermanSpellerRule$$Lambda+0x00000001002ac380
instanceKlass  @bci org/languagetool/rules/de/GermanSpellerRule <clinit> ()V 15691 <appendix> argL0 ; # org/languagetool/rules/de/GermanSpellerRule$$Lambda+0x00000001002ac140
instanceKlass  @bci org/languagetool/rules/de/GermanSpellerRule <clinit> ()V 15680 <appendix> argL0 ; # org/languagetool/rules/de/GermanSpellerRule$$Lambda+0x00000001002abf00
instanceKlass  @bci org/languagetool/rules/de/GermanSpellerRule <clinit> ()V 15669 <appendix> argL0 ; # org/languagetool/rules/de/GermanSpellerRule$$Lambda+0x00000001002abcc0
instanceKlass  @bci org/languagetool/rules/de/GermanSpellerRule <clinit> ()V 15658 <appendix> argL0 ; # org/languagetool/rules/de/GermanSpellerRule$$Lambda+0x00000001002aba80
instanceKlass  @bci org/languagetool/rules/de/GermanSpellerRule <clinit> ()V 15647 <appendix> argL0 ; # org/languagetool/rules/de/GermanSpellerRule$$Lambda+0x00000001002ab840
instanceKlass  @bci org/languagetool/rules/de/GermanSpellerRule <clinit> ()V 15636 <appendix> argL0 ; # org/languagetool/rules/de/GermanSpellerRule$$Lambda+0x00000001002ab600
instanceKlass  @bci org/languagetool/rules/de/GermanSpellerRule <clinit> ()V 15625 <appendix> argL0 ; # org/languagetool/rules/de/GermanSpellerRule$$Lambda+0x00000001002ab3c0
instanceKlass  @bci org/languagetool/rules/de/GermanSpellerRule <clinit> ()V 15614 <appendix> argL0 ; # org/languagetool/rules/de/GermanSpellerRule$$Lambda+0x00000001002ab180
instanceKlass  @bci org/languagetool/rules/de/GermanSpellerRule <clinit> ()V 15603 <appendix> argL0 ; # org/languagetool/rules/de/GermanSpellerRule$$Lambda+0x00000001002aaf40
instanceKlass  @bci org/languagetool/rules/de/GermanSpellerRule <clinit> ()V 15592 <appendix> argL0 ; # org/languagetool/rules/de/GermanSpellerRule$$Lambda+0x00000001002aad00
instanceKlass  @bci org/languagetool/rules/de/GermanSpellerRule <clinit> ()V 15581 <appendix> argL0 ; # org/languagetool/rules/de/GermanSpellerRule$$Lambda+0x00000001002aaac0
instanceKlass  @bci org/languagetool/rules/de/GermanSpellerRule <clinit> ()V 15570 <appendix> argL0 ; # org/languagetool/rules/de/GermanSpellerRule$$Lambda+0x00000001002aa880
instanceKlass  @bci org/languagetool/rules/de/GermanSpellerRule <clinit> ()V 15559 <appendix> argL0 ; # org/languagetool/rules/de/GermanSpellerRule$$Lambda+0x00000001002aa640
instanceKlass  @bci org/languagetool/rules/de/GermanSpellerRule <clinit> ()V 15548 <appendix> argL0 ; # org/languagetool/rules/de/GermanSpellerRule$$Lambda+0x00000001002aa400
instanceKlass  @bci org/languagetool/rules/de/GermanSpellerRule <clinit> ()V 15537 <appendix> argL0 ; # org/languagetool/rules/de/GermanSpellerRule$$Lambda+0x00000001002aa1c0
instanceKlass  @bci org/languagetool/rules/de/GermanSpellerRule <clinit> ()V 15526 <appendix> argL0 ; # org/languagetool/rules/de/GermanSpellerRule$$Lambda+0x00000001002a9f80
instanceKlass  @bci org/languagetool/rules/de/GermanSpellerRule <clinit> ()V 15515 <appendix> argL0 ; # org/languagetool/rules/de/GermanSpellerRule$$Lambda+0x00000001002a9d40
instanceKlass  @bci org/languagetool/rules/de/GermanSpellerRule <clinit> ()V 15504 <appendix> argL0 ; # org/languagetool/rules/de/GermanSpellerRule$$Lambda+0x00000001002a9b00
instanceKlass  @bci org/languagetool/rules/de/GermanSpellerRule <clinit> ()V 15493 <appendix> argL0 ; # org/languagetool/rules/de/GermanSpellerRule$$Lambda+0x00000001002a98c0
instanceKlass  @bci org/languagetool/rules/de/GermanSpellerRule <clinit> ()V 15482 <appendix> argL0 ; # org/languagetool/rules/de/GermanSpellerRule$$Lambda+0x00000001002a9680
instanceKlass  @bci org/languagetool/rules/de/GermanSpellerRule <clinit> ()V 15471 <appendix> argL0 ; # org/languagetool/rules/de/GermanSpellerRule$$Lambda+0x00000001002a9440
instanceKlass  @bci org/languagetool/rules/de/GermanSpellerRule <clinit> ()V 15460 <appendix> argL0 ; # org/languagetool/rules/de/GermanSpellerRule$$Lambda+0x00000001002a9200
instanceKlass  @bci org/languagetool/rules/de/GermanSpellerRule <clinit> ()V 15449 <appendix> argL0 ; # org/languagetool/rules/de/GermanSpellerRule$$Lambda+0x00000001002a8fc0
instanceKlass  @bci org/languagetool/rules/de/GermanSpellerRule <clinit> ()V 15438 <appendix> argL0 ; # org/languagetool/rules/de/GermanSpellerRule$$Lambda+0x00000001002a8d80
instanceKlass  @bci org/languagetool/rules/de/GermanSpellerRule <clinit> ()V 15427 <appendix> argL0 ; # org/languagetool/rules/de/GermanSpellerRule$$Lambda+0x00000001002a8b40
instanceKlass  @bci org/languagetool/rules/de/GermanSpellerRule <clinit> ()V 15416 <appendix> argL0 ; # org/languagetool/rules/de/GermanSpellerRule$$Lambda+0x00000001002a8900
instanceKlass  @bci org/languagetool/rules/de/GermanSpellerRule <clinit> ()V 15405 <appendix> argL0 ; # org/languagetool/rules/de/GermanSpellerRule$$Lambda+0x00000001002a86c0
instanceKlass  @bci org/languagetool/rules/de/GermanSpellerRule <clinit> ()V 15394 <appendix> argL0 ; # org/languagetool/rules/de/GermanSpellerRule$$Lambda+0x00000001002a8480
instanceKlass  @bci org/languagetool/rules/de/GermanSpellerRule <clinit> ()V 15383 <appendix> argL0 ; # org/languagetool/rules/de/GermanSpellerRule$$Lambda+0x00000001002a8240
instanceKlass  @bci org/languagetool/rules/de/GermanSpellerRule <clinit> ()V 15372 <appendix> argL0 ; # org/languagetool/rules/de/GermanSpellerRule$$Lambda+0x00000001002a8000
instanceKlass  @bci org/languagetool/rules/de/GermanSpellerRule <clinit> ()V 15361 <appendix> argL0 ; # org/languagetool/rules/de/GermanSpellerRule$$Lambda+0x00000001002a7bc0
instanceKlass  @bci org/languagetool/rules/de/GermanSpellerRule <clinit> ()V 15350 <appendix> argL0 ; # org/languagetool/rules/de/GermanSpellerRule$$Lambda+0x00000001002a7980
instanceKlass  @bci org/languagetool/rules/de/GermanSpellerRule <clinit> ()V 15339 <appendix> argL0 ; # org/languagetool/rules/de/GermanSpellerRule$$Lambda+0x00000001002a7740
instanceKlass  @bci org/languagetool/rules/de/GermanSpellerRule <clinit> ()V 15328 <appendix> argL0 ; # org/languagetool/rules/de/GermanSpellerRule$$Lambda+0x00000001002a7500
instanceKlass  @bci org/languagetool/rules/de/GermanSpellerRule <clinit> ()V 15317 <appendix> argL0 ; # org/languagetool/rules/de/GermanSpellerRule$$Lambda+0x00000001002a72c0
instanceKlass  @bci org/languagetool/rules/de/GermanSpellerRule <clinit> ()V 15306 <appendix> argL0 ; # org/languagetool/rules/de/GermanSpellerRule$$Lambda+0x00000001002a7080
instanceKlass  @bci org/languagetool/rules/de/GermanSpellerRule <clinit> ()V 15295 <appendix> argL0 ; # org/languagetool/rules/de/GermanSpellerRule$$Lambda+0x00000001002a6e40
instanceKlass  @bci org/languagetool/rules/de/GermanSpellerRule <clinit> ()V 15284 <appendix> argL0 ; # org/languagetool/rules/de/GermanSpellerRule$$Lambda+0x00000001002a6c00
instanceKlass  @bci org/languagetool/rules/de/GermanSpellerRule <clinit> ()V 15273 <appendix> argL0 ; # org/languagetool/rules/de/GermanSpellerRule$$Lambda+0x00000001002a69c0
instanceKlass  @bci org/languagetool/rules/de/GermanSpellerRule <clinit> ()V 15262 <appendix> argL0 ; # org/languagetool/rules/de/GermanSpellerRule$$Lambda+0x00000001002a6780
instanceKlass  @bci org/languagetool/rules/de/GermanSpellerRule <clinit> ()V 15251 <appendix> argL0 ; # org/languagetool/rules/de/GermanSpellerRule$$Lambda+0x00000001002a6540
instanceKlass  @bci org/languagetool/rules/de/GermanSpellerRule <clinit> ()V 15240 <appendix> argL0 ; # org/languagetool/rules/de/GermanSpellerRule$$Lambda+0x00000001002a6300
instanceKlass  @bci org/languagetool/rules/de/GermanSpellerRule <clinit> ()V 15229 <appendix> argL0 ; # org/languagetool/rules/de/GermanSpellerRule$$Lambda+0x00000001002a60c0
instanceKlass  @bci org/languagetool/rules/de/GermanSpellerRule <clinit> ()V 15218 <appendix> argL0 ; # org/languagetool/rules/de/GermanSpellerRule$$Lambda+0x00000001002a5e80
instanceKlass  @bci org/languagetool/rules/de/GermanSpellerRule <clinit> ()V 15207 <appendix> argL0 ; # org/languagetool/rules/de/GermanSpellerRule$$Lambda+0x00000001002a5c40
instanceKlass  @bci org/languagetool/rules/de/GermanSpellerRule <clinit> ()V 15196 <appendix> argL0 ; # org/languagetool/rules/de/GermanSpellerRule$$Lambda+0x00000001002a5a00
instanceKlass  @bci org/languagetool/rules/de/GermanSpellerRule <clinit> ()V 15185 <appendix> argL0 ; # org/languagetool/rules/de/GermanSpellerRule$$Lambda+0x00000001002a57c0
instanceKlass  @bci org/languagetool/rules/de/GermanSpellerRule <clinit> ()V 15174 <appendix> argL0 ; # org/languagetool/rules/de/GermanSpellerRule$$Lambda+0x00000001002a5580
instanceKlass  @bci org/languagetool/rules/de/GermanSpellerRule <clinit> ()V 15145 <appendix> argL0 ; # org/languagetool/rules/de/GermanSpellerRule$$Lambda+0x00000001002a5340
instanceKlass  @bci org/languagetool/rules/de/GermanSpellerRule <clinit> ()V 15134 <appendix> argL0 ; # org/languagetool/rules/de/GermanSpellerRule$$Lambda+0x00000001002a5100
instanceKlass  @bci org/languagetool/rules/de/GermanSpellerRule <clinit> ()V 14907 <appendix> argL0 ; # org/languagetool/rules/de/GermanSpellerRule$$Lambda+0x00000001002a4ec0
instanceKlass  @bci org/languagetool/rules/de/GermanSpellerRule <clinit> ()V 14896 <appendix> argL0 ; # org/languagetool/rules/de/GermanSpellerRule$$Lambda+0x00000001002a4c80
instanceKlass  @bci org/languagetool/rules/de/GermanSpellerRule <clinit> ()V 14390 <appendix> argL0 ; # org/languagetool/rules/de/GermanSpellerRule$$Lambda+0x00000001002a4a40
instanceKlass  @bci org/languagetool/rules/de/GermanSpellerRule <clinit> ()V 14379 <appendix> argL0 ; # org/languagetool/rules/de/GermanSpellerRule$$Lambda+0x00000001002a4800
instanceKlass  @bci org/languagetool/rules/de/GermanSpellerRule <clinit> ()V 14368 <appendix> argL0 ; # org/languagetool/rules/de/GermanSpellerRule$$Lambda+0x00000001002a45c0
instanceKlass  @bci org/languagetool/rules/de/GermanSpellerRule <clinit> ()V 14150 <appendix> argL0 ; # org/languagetool/rules/de/GermanSpellerRule$$Lambda+0x00000001002a4380
instanceKlass  @bci org/languagetool/rules/de/GermanSpellerRule <clinit> ()V 13860 <appendix> argL0 ; # org/languagetool/rules/de/GermanSpellerRule$$Lambda+0x00000001002a4140
instanceKlass  @bci org/languagetool/rules/de/GermanSpellerRule <clinit> ()V 13849 <appendix> argL0 ; # org/languagetool/rules/de/GermanSpellerRule$$Lambda+0x00000001002a3f00
instanceKlass  @bci org/languagetool/rules/de/GermanSpellerRule <clinit> ()V 13379 <appendix> argL0 ; # org/languagetool/rules/de/GermanSpellerRule$$Lambda+0x00000001002a3cc0
instanceKlass  @bci org/languagetool/rules/de/GermanSpellerRule <clinit> ()V 13368 <appendix> argL0 ; # org/languagetool/rules/de/GermanSpellerRule$$Lambda+0x00000001002a3a80
instanceKlass  @bci org/languagetool/rules/de/GermanSpellerRule <clinit> ()V 13357 <appendix> argL0 ; # org/languagetool/rules/de/GermanSpellerRule$$Lambda+0x00000001002a3840
instanceKlass  @bci org/languagetool/rules/de/GermanSpellerRule <clinit> ()V 13346 <appendix> argL0 ; # org/languagetool/rules/de/GermanSpellerRule$$Lambda+0x00000001002a3600
instanceKlass  @bci org/languagetool/rules/de/GermanSpellerRule <clinit> ()V 13335 <appendix> argL0 ; # org/languagetool/rules/de/GermanSpellerRule$$Lambda+0x00000001002a33c0
instanceKlass  @bci org/languagetool/rules/de/GermanSpellerRule <clinit> ()V 13324 <appendix> argL0 ; # org/languagetool/rules/de/GermanSpellerRule$$Lambda+0x00000001002a3180
instanceKlass  @bci org/languagetool/rules/de/GermanSpellerRule <clinit> ()V 13313 <appendix> argL0 ; # org/languagetool/rules/de/GermanSpellerRule$$Lambda+0x00000001002a2f40
instanceKlass  @bci org/languagetool/rules/de/GermanSpellerRule <clinit> ()V 13302 <appendix> argL0 ; # org/languagetool/rules/de/GermanSpellerRule$$Lambda+0x00000001002a2d00
instanceKlass  @bci org/languagetool/rules/de/GermanSpellerRule <clinit> ()V 13291 <appendix> argL0 ; # org/languagetool/rules/de/GermanSpellerRule$$Lambda+0x00000001002a2ac0
instanceKlass  @bci org/languagetool/rules/de/GermanSpellerRule <clinit> ()V 13280 <appendix> argL0 ; # org/languagetool/rules/de/GermanSpellerRule$$Lambda+0x00000001002a2880
instanceKlass  @bci org/languagetool/rules/de/GermanSpellerRule <clinit> ()V 13269 <appendix> argL0 ; # org/languagetool/rules/de/GermanSpellerRule$$Lambda+0x00000001002a2640
instanceKlass  @bci org/languagetool/rules/de/GermanSpellerRule <clinit> ()V 13258 <appendix> argL0 ; # org/languagetool/rules/de/GermanSpellerRule$$Lambda+0x00000001002a2400
instanceKlass  @bci org/languagetool/rules/de/GermanSpellerRule <clinit> ()V 13247 <appendix> argL0 ; # org/languagetool/rules/de/GermanSpellerRule$$Lambda+0x00000001002a21c0
instanceKlass  @bci org/languagetool/rules/de/GermanSpellerRule <clinit> ()V 13236 <appendix> argL0 ; # org/languagetool/rules/de/GermanSpellerRule$$Lambda+0x00000001002a1f80
instanceKlass  @bci org/languagetool/rules/de/GermanSpellerRule <clinit> ()V 13225 <appendix> argL0 ; # org/languagetool/rules/de/GermanSpellerRule$$Lambda+0x00000001002a1d40
instanceKlass  @bci org/languagetool/rules/de/GermanSpellerRule <clinit> ()V 13214 <appendix> argL0 ; # org/languagetool/rules/de/GermanSpellerRule$$Lambda+0x00000001002a1b00
instanceKlass  @bci org/languagetool/rules/de/GermanSpellerRule <clinit> ()V 13203 <appendix> argL0 ; # org/languagetool/rules/de/GermanSpellerRule$$Lambda+0x00000001002a18c0
instanceKlass  @bci org/languagetool/rules/de/GermanSpellerRule <clinit> ()V 13192 <appendix> argL0 ; # org/languagetool/rules/de/GermanSpellerRule$$Lambda+0x00000001002a1680
instanceKlass  @bci org/languagetool/rules/de/GermanSpellerRule <clinit> ()V 13181 <appendix> argL0 ; # org/languagetool/rules/de/GermanSpellerRule$$Lambda+0x00000001002a1440
instanceKlass  @bci org/languagetool/rules/de/GermanSpellerRule <clinit> ()V 13170 <appendix> argL0 ; # org/languagetool/rules/de/GermanSpellerRule$$Lambda+0x00000001002a1200
instanceKlass  @bci org/languagetool/rules/de/GermanSpellerRule <clinit> ()V 13159 <appendix> argL0 ; # org/languagetool/rules/de/GermanSpellerRule$$Lambda+0x00000001002a0fc0
instanceKlass  @bci org/languagetool/rules/de/GermanSpellerRule <clinit> ()V 13148 <appendix> argL0 ; # org/languagetool/rules/de/GermanSpellerRule$$Lambda+0x00000001002a0d80
instanceKlass  @bci org/languagetool/rules/de/GermanSpellerRule <clinit> ()V 13137 <appendix> argL0 ; # org/languagetool/rules/de/GermanSpellerRule$$Lambda+0x00000001002a0b40
instanceKlass  @bci org/languagetool/rules/de/GermanSpellerRule <clinit> ()V 13126 <appendix> argL0 ; # org/languagetool/rules/de/GermanSpellerRule$$Lambda+0x00000001002a0900
instanceKlass  @bci org/languagetool/rules/de/GermanSpellerRule <clinit> ()V 13115 <appendix> argL0 ; # org/languagetool/rules/de/GermanSpellerRule$$Lambda+0x00000001002a06c0
instanceKlass  @bci org/languagetool/rules/de/GermanSpellerRule <clinit> ()V 13104 <appendix> argL0 ; # org/languagetool/rules/de/GermanSpellerRule$$Lambda+0x00000001002a0480
instanceKlass  @bci org/languagetool/rules/de/GermanSpellerRule <clinit> ()V 13093 <appendix> argL0 ; # org/languagetool/rules/de/GermanSpellerRule$$Lambda+0x00000001002a0240
instanceKlass  @bci org/languagetool/rules/de/GermanSpellerRule <clinit> ()V 13082 <appendix> argL0 ; # org/languagetool/rules/de/GermanSpellerRule$$Lambda+0x00000001002a0000
instanceKlass  @bci org/languagetool/rules/de/GermanSpellerRule <clinit> ()V 13071 <appendix> argL0 ; # org/languagetool/rules/de/GermanSpellerRule$$Lambda+0x000000010029fbc0
instanceKlass  @bci org/languagetool/rules/de/GermanSpellerRule <clinit> ()V 13060 <appendix> argL0 ; # org/languagetool/rules/de/GermanSpellerRule$$Lambda+0x000000010029f980
instanceKlass  @bci org/languagetool/rules/de/GermanSpellerRule <clinit> ()V 13049 <appendix> argL0 ; # org/languagetool/rules/de/GermanSpellerRule$$Lambda+0x000000010029f740
instanceKlass  @bci org/languagetool/rules/de/GermanSpellerRule <clinit> ()V 13038 <appendix> argL0 ; # org/languagetool/rules/de/GermanSpellerRule$$Lambda+0x000000010029f500
instanceKlass  @bci org/languagetool/rules/de/GermanSpellerRule <clinit> ()V 13027 <appendix> argL0 ; # org/languagetool/rules/de/GermanSpellerRule$$Lambda+0x000000010029f2c0
instanceKlass  @bci org/languagetool/rules/de/GermanSpellerRule <clinit> ()V 13016 <appendix> argL0 ; # org/languagetool/rules/de/GermanSpellerRule$$Lambda+0x000000010029f080
instanceKlass  @bci org/languagetool/rules/de/GermanSpellerRule <clinit> ()V 13005 <appendix> argL0 ; # org/languagetool/rules/de/GermanSpellerRule$$Lambda+0x000000010029ee40
instanceKlass  @bci org/languagetool/rules/de/GermanSpellerRule <clinit> ()V 12994 <appendix> argL0 ; # org/languagetool/rules/de/GermanSpellerRule$$Lambda+0x000000010029ec00
instanceKlass  @bci org/languagetool/rules/de/GermanSpellerRule <clinit> ()V 12983 <appendix> argL0 ; # org/languagetool/rules/de/GermanSpellerRule$$Lambda+0x000000010029e9c0
instanceKlass  @bci org/languagetool/rules/de/GermanSpellerRule <clinit> ()V 12972 <appendix> argL0 ; # org/languagetool/rules/de/GermanSpellerRule$$Lambda+0x000000010029e780
instanceKlass  @bci org/languagetool/rules/de/GermanSpellerRule <clinit> ()V 12961 <appendix> argL0 ; # org/languagetool/rules/de/GermanSpellerRule$$Lambda+0x000000010029e540
instanceKlass  @bci org/languagetool/rules/de/GermanSpellerRule <clinit> ()V 12950 <appendix> argL0 ; # org/languagetool/rules/de/GermanSpellerRule$$Lambda+0x000000010029e300
instanceKlass  @bci org/languagetool/rules/de/GermanSpellerRule <clinit> ()V 12939 <appendix> argL0 ; # org/languagetool/rules/de/GermanSpellerRule$$Lambda+0x000000010029e0c0
instanceKlass  @bci org/languagetool/rules/de/GermanSpellerRule <clinit> ()V 12928 <appendix> argL0 ; # org/languagetool/rules/de/GermanSpellerRule$$Lambda+0x000000010029de80
instanceKlass  @bci org/languagetool/rules/de/GermanSpellerRule <clinit> ()V 12917 <appendix> argL0 ; # org/languagetool/rules/de/GermanSpellerRule$$Lambda+0x000000010029dc40
instanceKlass  @bci org/languagetool/rules/de/GermanSpellerRule <clinit> ()V 12906 <appendix> argL0 ; # org/languagetool/rules/de/GermanSpellerRule$$Lambda+0x000000010029da00
instanceKlass  @bci org/languagetool/rules/de/GermanSpellerRule <clinit> ()V 12895 <appendix> argL0 ; # org/languagetool/rules/de/GermanSpellerRule$$Lambda+0x000000010029d7c0
instanceKlass  @bci org/languagetool/rules/de/GermanSpellerRule <clinit> ()V 12884 <appendix> argL0 ; # org/languagetool/rules/de/GermanSpellerRule$$Lambda+0x000000010029d580
instanceKlass  @bci org/languagetool/rules/de/GermanSpellerRule <clinit> ()V 12873 <appendix> argL0 ; # org/languagetool/rules/de/GermanSpellerRule$$Lambda+0x000000010029d340
instanceKlass  @bci org/languagetool/rules/de/GermanSpellerRule <clinit> ()V 12862 <appendix> argL0 ; # org/languagetool/rules/de/GermanSpellerRule$$Lambda+0x000000010029d100
instanceKlass  @bci org/languagetool/rules/de/GermanSpellerRule <clinit> ()V 12851 <appendix> argL0 ; # org/languagetool/rules/de/GermanSpellerRule$$Lambda+0x000000010029cec0
instanceKlass  @bci org/languagetool/rules/de/GermanSpellerRule <clinit> ()V 12840 <appendix> argL0 ; # org/languagetool/rules/de/GermanSpellerRule$$Lambda+0x000000010029cc80
instanceKlass  @bci org/languagetool/rules/de/GermanSpellerRule <clinit> ()V 12829 <appendix> argL0 ; # org/languagetool/rules/de/GermanSpellerRule$$Lambda+0x000000010029ca40
instanceKlass  @bci org/languagetool/rules/de/GermanSpellerRule <clinit> ()V 12818 <appendix> argL0 ; # org/languagetool/rules/de/GermanSpellerRule$$Lambda+0x000000010029c800
instanceKlass  @bci org/languagetool/rules/de/GermanSpellerRule <clinit> ()V 12807 <appendix> argL0 ; # org/languagetool/rules/de/GermanSpellerRule$$Lambda+0x000000010029c5c0
instanceKlass  @bci org/languagetool/rules/de/GermanSpellerRule <clinit> ()V 12796 <appendix> argL0 ; # org/languagetool/rules/de/GermanSpellerRule$$Lambda+0x000000010029c380
instanceKlass  @bci org/languagetool/rules/de/GermanSpellerRule <clinit> ()V 12785 <appendix> argL0 ; # org/languagetool/rules/de/GermanSpellerRule$$Lambda+0x000000010029c140
instanceKlass  @bci org/languagetool/rules/de/GermanSpellerRule <clinit> ()V 12774 <appendix> argL0 ; # org/languagetool/rules/de/GermanSpellerRule$$Lambda+0x000000010029bf00
instanceKlass  @bci org/languagetool/rules/de/GermanSpellerRule <clinit> ()V 12763 <appendix> argL0 ; # org/languagetool/rules/de/GermanSpellerRule$$Lambda+0x000000010029bcc0
instanceKlass  @bci org/languagetool/rules/de/GermanSpellerRule <clinit> ()V 12752 <appendix> argL0 ; # org/languagetool/rules/de/GermanSpellerRule$$Lambda+0x000000010029ba80
instanceKlass  @bci org/languagetool/rules/de/GermanSpellerRule <clinit> ()V 12741 <appendix> argL0 ; # org/languagetool/rules/de/GermanSpellerRule$$Lambda+0x000000010029b840
instanceKlass  @bci org/languagetool/rules/de/GermanSpellerRule <clinit> ()V 12730 <appendix> argL0 ; # org/languagetool/rules/de/GermanSpellerRule$$Lambda+0x000000010029b600
instanceKlass  @bci org/languagetool/rules/de/GermanSpellerRule <clinit> ()V 12719 <appendix> argL0 ; # org/languagetool/rules/de/GermanSpellerRule$$Lambda+0x000000010029b3c0
instanceKlass  @bci org/languagetool/rules/de/GermanSpellerRule <clinit> ()V 12708 <appendix> argL0 ; # org/languagetool/rules/de/GermanSpellerRule$$Lambda+0x000000010029b180
instanceKlass  @bci org/languagetool/rules/de/GermanSpellerRule <clinit> ()V 12697 <appendix> argL0 ; # org/languagetool/rules/de/GermanSpellerRule$$Lambda+0x000000010029af40
instanceKlass  @bci org/languagetool/rules/de/GermanSpellerRule <clinit> ()V 12686 <appendix> argL0 ; # org/languagetool/rules/de/GermanSpellerRule$$Lambda+0x000000010029ad00
instanceKlass  @bci org/languagetool/rules/de/GermanSpellerRule <clinit> ()V 12675 <appendix> argL0 ; # org/languagetool/rules/de/GermanSpellerRule$$Lambda+0x000000010029aac0
instanceKlass  @bci org/languagetool/rules/de/GermanSpellerRule <clinit> ()V 12664 <appendix> argL0 ; # org/languagetool/rules/de/GermanSpellerRule$$Lambda+0x000000010029a880
instanceKlass  @bci org/languagetool/rules/de/GermanSpellerRule <clinit> ()V 12653 <appendix> argL0 ; # org/languagetool/rules/de/GermanSpellerRule$$Lambda+0x000000010029a640
instanceKlass  @bci org/languagetool/rules/de/GermanSpellerRule <clinit> ()V 12642 <appendix> argL0 ; # org/languagetool/rules/de/GermanSpellerRule$$Lambda+0x000000010029a400
instanceKlass  @bci org/languagetool/rules/de/GermanSpellerRule <clinit> ()V 12631 <appendix> argL0 ; # org/languagetool/rules/de/GermanSpellerRule$$Lambda+0x000000010029a1c0
instanceKlass  @bci org/languagetool/rules/de/GermanSpellerRule <clinit> ()V 12620 <appendix> argL0 ; # org/languagetool/rules/de/GermanSpellerRule$$Lambda+0x0000000100299f80
instanceKlass  @bci org/languagetool/rules/de/GermanSpellerRule <clinit> ()V 12609 <appendix> argL0 ; # org/languagetool/rules/de/GermanSpellerRule$$Lambda+0x0000000100299d40
instanceKlass  @bci org/languagetool/rules/de/GermanSpellerRule <clinit> ()V 12598 <appendix> argL0 ; # org/languagetool/rules/de/GermanSpellerRule$$Lambda+0x0000000100299b00
instanceKlass  @bci org/languagetool/rules/de/GermanSpellerRule <clinit> ()V 12587 <appendix> argL0 ; # org/languagetool/rules/de/GermanSpellerRule$$Lambda+0x00000001002998c0
instanceKlass  @bci org/languagetool/rules/de/GermanSpellerRule <clinit> ()V 12576 <appendix> argL0 ; # org/languagetool/rules/de/GermanSpellerRule$$Lambda+0x0000000100299680
instanceKlass  @bci org/languagetool/rules/de/GermanSpellerRule <clinit> ()V 12565 <appendix> argL0 ; # org/languagetool/rules/de/GermanSpellerRule$$Lambda+0x0000000100299440
instanceKlass  @bci org/languagetool/rules/de/GermanSpellerRule <clinit> ()V 12554 <appendix> argL0 ; # org/languagetool/rules/de/GermanSpellerRule$$Lambda+0x0000000100299200
instanceKlass  @bci org/languagetool/rules/de/GermanSpellerRule <clinit> ()V 12543 <appendix> argL0 ; # org/languagetool/rules/de/GermanSpellerRule$$Lambda+0x0000000100298fc0
instanceKlass  @bci org/languagetool/rules/de/GermanSpellerRule <clinit> ()V 12532 <appendix> argL0 ; # org/languagetool/rules/de/GermanSpellerRule$$Lambda+0x0000000100298d80
instanceKlass  @bci org/languagetool/rules/de/GermanSpellerRule <clinit> ()V 12521 <appendix> argL0 ; # org/languagetool/rules/de/GermanSpellerRule$$Lambda+0x0000000100298b40
instanceKlass  @bci org/languagetool/rules/de/GermanSpellerRule <clinit> ()V 12510 <appendix> argL0 ; # org/languagetool/rules/de/GermanSpellerRule$$Lambda+0x0000000100298900
instanceKlass  @bci org/languagetool/rules/de/GermanSpellerRule <clinit> ()V 12499 <appendix> argL0 ; # org/languagetool/rules/de/GermanSpellerRule$$Lambda+0x00000001002986c0
instanceKlass  @bci org/languagetool/rules/de/GermanSpellerRule <clinit> ()V 12488 <appendix> argL0 ; # org/languagetool/rules/de/GermanSpellerRule$$Lambda+0x0000000100298480
instanceKlass  @bci org/languagetool/rules/de/GermanSpellerRule <clinit> ()V 12477 <appendix> argL0 ; # org/languagetool/rules/de/GermanSpellerRule$$Lambda+0x0000000100298240
instanceKlass  @bci org/languagetool/rules/de/GermanSpellerRule <clinit> ()V 12466 <appendix> argL0 ; # org/languagetool/rules/de/GermanSpellerRule$$Lambda+0x0000000100298000
instanceKlass  @bci org/languagetool/rules/de/GermanSpellerRule <clinit> ()V 12455 <appendix> argL0 ; # org/languagetool/rules/de/GermanSpellerRule$$Lambda+0x0000000100297bc0
instanceKlass  @bci org/languagetool/rules/de/GermanSpellerRule <clinit> ()V 12444 <appendix> argL0 ; # org/languagetool/rules/de/GermanSpellerRule$$Lambda+0x0000000100297980
instanceKlass  @bci org/languagetool/rules/de/GermanSpellerRule <clinit> ()V 12433 <appendix> argL0 ; # org/languagetool/rules/de/GermanSpellerRule$$Lambda+0x0000000100297740
instanceKlass  @bci org/languagetool/rules/de/GermanSpellerRule <clinit> ()V 12422 <appendix> argL0 ; # org/languagetool/rules/de/GermanSpellerRule$$Lambda+0x0000000100297500
instanceKlass  @bci org/languagetool/rules/de/GermanSpellerRule <clinit> ()V 12411 <appendix> argL0 ; # org/languagetool/rules/de/GermanSpellerRule$$Lambda+0x00000001002972c0
instanceKlass  @bci org/languagetool/rules/de/GermanSpellerRule <clinit> ()V 12400 <appendix> argL0 ; # org/languagetool/rules/de/GermanSpellerRule$$Lambda+0x0000000100297080
instanceKlass  @bci org/languagetool/rules/de/GermanSpellerRule <clinit> ()V 12389 <appendix> argL0 ; # org/languagetool/rules/de/GermanSpellerRule$$Lambda+0x0000000100296e40
instanceKlass  @bci org/languagetool/rules/de/GermanSpellerRule <clinit> ()V 12378 <appendix> argL0 ; # org/languagetool/rules/de/GermanSpellerRule$$Lambda+0x0000000100296c00
instanceKlass  @bci org/languagetool/rules/de/GermanSpellerRule <clinit> ()V 12367 <appendix> argL0 ; # org/languagetool/rules/de/GermanSpellerRule$$Lambda+0x00000001002969c0
instanceKlass  @bci org/languagetool/rules/de/GermanSpellerRule <clinit> ()V 12356 <appendix> argL0 ; # org/languagetool/rules/de/GermanSpellerRule$$Lambda+0x0000000100296780
instanceKlass  @bci org/languagetool/rules/de/GermanSpellerRule <clinit> ()V 12345 <appendix> argL0 ; # org/languagetool/rules/de/GermanSpellerRule$$Lambda+0x0000000100296540
instanceKlass  @bci org/languagetool/rules/de/GermanSpellerRule <clinit> ()V 12334 <appendix> argL0 ; # org/languagetool/rules/de/GermanSpellerRule$$Lambda+0x0000000100296300
instanceKlass  @bci org/languagetool/rules/de/GermanSpellerRule <clinit> ()V 12323 <appendix> argL0 ; # org/languagetool/rules/de/GermanSpellerRule$$Lambda+0x00000001002960c0
instanceKlass  @bci org/languagetool/rules/de/GermanSpellerRule <clinit> ()V 12312 <appendix> argL0 ; # org/languagetool/rules/de/GermanSpellerRule$$Lambda+0x0000000100295e80
instanceKlass  @bci org/languagetool/rules/de/GermanSpellerRule <clinit> ()V 12301 <appendix> argL0 ; # org/languagetool/rules/de/GermanSpellerRule$$Lambda+0x0000000100295c40
instanceKlass  @bci org/languagetool/rules/de/GermanSpellerRule <clinit> ()V 12290 <appendix> argL0 ; # org/languagetool/rules/de/GermanSpellerRule$$Lambda+0x0000000100295a00
instanceKlass  @bci org/languagetool/rules/de/GermanSpellerRule <clinit> ()V 12279 <appendix> argL0 ; # org/languagetool/rules/de/GermanSpellerRule$$Lambda+0x00000001002957c0
instanceKlass  @bci org/languagetool/rules/de/GermanSpellerRule <clinit> ()V 12268 <appendix> argL0 ; # org/languagetool/rules/de/GermanSpellerRule$$Lambda+0x0000000100295580
instanceKlass  @bci org/languagetool/rules/de/GermanSpellerRule <clinit> ()V 12257 <appendix> argL0 ; # org/languagetool/rules/de/GermanSpellerRule$$Lambda+0x0000000100295340
instanceKlass  @bci org/languagetool/rules/de/GermanSpellerRule <clinit> ()V 12246 <appendix> argL0 ; # org/languagetool/rules/de/GermanSpellerRule$$Lambda+0x0000000100295100
instanceKlass  @bci org/languagetool/rules/de/GermanSpellerRule <clinit> ()V 12235 <appendix> argL0 ; # org/languagetool/rules/de/GermanSpellerRule$$Lambda+0x0000000100294ec0
instanceKlass  @bci org/languagetool/rules/de/GermanSpellerRule <clinit> ()V 12224 <appendix> argL0 ; # org/languagetool/rules/de/GermanSpellerRule$$Lambda+0x0000000100294c80
instanceKlass  @bci org/languagetool/rules/de/GermanSpellerRule <clinit> ()V 12213 <appendix> argL0 ; # org/languagetool/rules/de/GermanSpellerRule$$Lambda+0x0000000100294a40
instanceKlass  @bci org/languagetool/rules/de/GermanSpellerRule <clinit> ()V 12202 <appendix> argL0 ; # org/languagetool/rules/de/GermanSpellerRule$$Lambda+0x0000000100294800
instanceKlass  @bci org/languagetool/rules/de/GermanSpellerRule <clinit> ()V 12191 <appendix> argL0 ; # org/languagetool/rules/de/GermanSpellerRule$$Lambda+0x00000001002945c0
instanceKlass  @bci org/languagetool/rules/de/GermanSpellerRule <clinit> ()V 12180 <appendix> argL0 ; # org/languagetool/rules/de/GermanSpellerRule$$Lambda+0x0000000100294380
instanceKlass  @bci org/languagetool/rules/de/GermanSpellerRule <clinit> ()V 12169 <appendix> argL0 ; # org/languagetool/rules/de/GermanSpellerRule$$Lambda+0x0000000100294140
instanceKlass  @bci org/languagetool/rules/de/GermanSpellerRule <clinit> ()V 12140 <appendix> argL0 ; # org/languagetool/rules/de/GermanSpellerRule$$Lambda+0x0000000100293f00
instanceKlass  @bci org/languagetool/rules/de/GermanSpellerRule <clinit> ()V 12129 <appendix> argL0 ; # org/languagetool/rules/de/GermanSpellerRule$$Lambda+0x0000000100293cc0
instanceKlass  @bci org/languagetool/rules/de/GermanSpellerRule <clinit> ()V 12118 <appendix> argL0 ; # org/languagetool/rules/de/GermanSpellerRule$$Lambda+0x0000000100293a80
instanceKlass  @bci org/languagetool/rules/de/GermanSpellerRule <clinit> ()V 12107 <appendix> argL0 ; # org/languagetool/rules/de/GermanSpellerRule$$Lambda+0x0000000100293840
instanceKlass  @bci org/languagetool/rules/de/GermanSpellerRule <clinit> ()V 12051 <appendix> argL0 ; # org/languagetool/rules/de/GermanSpellerRule$$Lambda+0x0000000100293600
instanceKlass  @bci org/languagetool/rules/de/GermanSpellerRule <clinit> ()V 12040 <appendix> argL0 ; # org/languagetool/rules/de/GermanSpellerRule$$Lambda+0x00000001002933c0
instanceKlass  @bci org/languagetool/rules/de/GermanSpellerRule <clinit> ()V 12029 <appendix> argL0 ; # org/languagetool/rules/de/GermanSpellerRule$$Lambda+0x0000000100293180
instanceKlass  @bci org/languagetool/rules/de/GermanSpellerRule <clinit> ()V 12018 <appendix> argL0 ; # org/languagetool/rules/de/GermanSpellerRule$$Lambda+0x0000000100292f40
instanceKlass  @bci org/languagetool/rules/de/GermanSpellerRule <clinit> ()V 12007 <appendix> argL0 ; # org/languagetool/rules/de/GermanSpellerRule$$Lambda+0x0000000100292d00
instanceKlass  @bci org/languagetool/rules/de/GermanSpellerRule <clinit> ()V 11996 <appendix> argL0 ; # org/languagetool/rules/de/GermanSpellerRule$$Lambda+0x0000000100292ac0
instanceKlass  @bci org/languagetool/rules/de/GermanSpellerRule <clinit> ()V 11985 <appendix> argL0 ; # org/languagetool/rules/de/GermanSpellerRule$$Lambda+0x0000000100292880
instanceKlass  @bci org/languagetool/rules/de/GermanSpellerRule <clinit> ()V 11974 <appendix> argL0 ; # org/languagetool/rules/de/GermanSpellerRule$$Lambda+0x0000000100292640
instanceKlass  @bci org/languagetool/rules/de/GermanSpellerRule <clinit> ()V 11963 <appendix> argL0 ; # org/languagetool/rules/de/GermanSpellerRule$$Lambda+0x0000000100292400
instanceKlass  @bci org/languagetool/rules/de/GermanSpellerRule <clinit> ()V 11952 <appendix> argL0 ; # org/languagetool/rules/de/GermanSpellerRule$$Lambda+0x00000001002921c0
instanceKlass  @bci org/languagetool/rules/de/GermanSpellerRule <clinit> ()V 11941 <appendix> argL0 ; # org/languagetool/rules/de/GermanSpellerRule$$Lambda+0x0000000100291f80
instanceKlass  @bci org/languagetool/rules/de/GermanSpellerRule <clinit> ()V 11930 <appendix> argL0 ; # org/languagetool/rules/de/GermanSpellerRule$$Lambda+0x0000000100291d40
instanceKlass  @bci org/languagetool/rules/de/GermanSpellerRule <clinit> ()V 10239 <appendix> argL0 ; # org/languagetool/rules/de/GermanSpellerRule$$Lambda+0x0000000100291b00
instanceKlass  @bci org/languagetool/rules/de/GermanSpellerRule <clinit> ()V 10228 <appendix> argL0 ; # org/languagetool/rules/de/GermanSpellerRule$$Lambda+0x00000001002918c0
instanceKlass  @bci org/languagetool/rules/de/GermanSpellerRule <clinit> ()V 10199 <appendix> argL0 ; # org/languagetool/rules/de/GermanSpellerRule$$Lambda+0x0000000100291680
instanceKlass  @bci org/languagetool/rules/de/GermanSpellerRule <clinit> ()V 10188 <appendix> argL0 ; # org/languagetool/rules/de/GermanSpellerRule$$Lambda+0x0000000100291440
instanceKlass  @bci org/languagetool/rules/de/GermanSpellerRule <clinit> ()V 10055 <appendix> argL0 ; # org/languagetool/rules/de/GermanSpellerRule$$Lambda+0x0000000100291200
instanceKlass  @bci org/languagetool/rules/de/GermanSpellerRule <clinit> ()V 9930 <appendix> argL0 ; # org/languagetool/rules/de/GermanSpellerRule$$Lambda+0x0000000100290fc0
instanceKlass  @bci org/languagetool/rules/de/GermanSpellerRule <clinit> ()V 9919 <appendix> argL0 ; # org/languagetool/rules/de/GermanSpellerRule$$Lambda+0x0000000100290d80
instanceKlass  @bci org/languagetool/rules/de/GermanSpellerRule <clinit> ()V 9724 <appendix> argL0 ; # org/languagetool/rules/de/GermanSpellerRule$$Lambda+0x0000000100290b40
instanceKlass  @bci org/languagetool/rules/de/GermanSpellerRule <clinit> ()V 9713 <appendix> argL0 ; # org/languagetool/rules/de/GermanSpellerRule$$Lambda+0x0000000100290900
instanceKlass  @bci org/languagetool/rules/de/GermanSpellerRule <clinit> ()V 9702 <appendix> argL0 ; # org/languagetool/rules/de/GermanSpellerRule$$Lambda+0x00000001002906c0
instanceKlass  @bci org/languagetool/rules/de/GermanSpellerRule <clinit> ()V 9046 <appendix> argL0 ; # org/languagetool/rules/de/GermanSpellerRule$$Lambda+0x0000000100290480
instanceKlass  @bci org/languagetool/rules/de/GermanSpellerRule <clinit> ()V 8666 <appendix> argL0 ; # org/languagetool/rules/de/GermanSpellerRule$$Lambda+0x0000000100290240
instanceKlass  @bci org/languagetool/rules/de/GermanSpellerRule <clinit> ()V 8547 <appendix> argL0 ; # org/languagetool/rules/de/GermanSpellerRule$$Lambda+0x0000000100290000
instanceKlass  @bci org/languagetool/rules/de/GermanSpellerRule <clinit> ()V 8464 <appendix> argL0 ; # org/languagetool/rules/de/GermanSpellerRule$$Lambda+0x0000000100288400
instanceKlass  @bci org/languagetool/rules/de/GermanSpellerRule <clinit> ()V 8390 <appendix> argL0 ; # org/languagetool/rules/de/GermanSpellerRule$$Lambda+0x0000000100288c80
instanceKlass  @bci org/languagetool/rules/de/GermanSpellerRule <clinit> ()V 8226 <appendix> argL0 ; # org/languagetool/rules/de/GermanSpellerRule$$Lambda+0x0000000100288a40
instanceKlass  @bci org/languagetool/rules/de/GermanSpellerRule <clinit> ()V 7705 <appendix> argL0 ; # org/languagetool/rules/de/GermanSpellerRule$$Lambda+0x0000000100288800
instanceKlass  @bci org/languagetool/rules/de/GermanSpellerRule <clinit> ()V 7040 <appendix> argL0 ; # org/languagetool/rules/de/GermanSpellerRule$$Lambda+0x0000000100289d80
instanceKlass  @bci org/languagetool/rules/de/GermanSpellerRule <clinit> ()V 7029 <appendix> argL0 ; # org/languagetool/rules/de/GermanSpellerRule$$Lambda+0x0000000100289b40
instanceKlass  @bci org/languagetool/rules/de/GermanSpellerRule <clinit> ()V 7018 <appendix> argL0 ; # org/languagetool/rules/de/GermanSpellerRule$$Lambda+0x0000000100289900
instanceKlass  @bci org/languagetool/rules/de/GermanSpellerRule <clinit> ()V 7007 <appendix> argL0 ; # org/languagetool/rules/de/GermanSpellerRule$$Lambda+0x00000001002896c0
instanceKlass  @bci org/languagetool/rules/de/GermanSpellerRule <clinit> ()V 6996 <appendix> argL0 ; # org/languagetool/rules/de/GermanSpellerRule$$Lambda+0x0000000100289480
instanceKlass  @bci org/languagetool/rules/de/GermanSpellerRule <clinit> ()V 6661 <appendix> argL0 ; # org/languagetool/rules/de/GermanSpellerRule$$Lambda+0x0000000100289240
instanceKlass  @bci org/languagetool/rules/de/GermanSpellerRule <clinit> ()V 6650 <appendix> argL0 ; # org/languagetool/rules/de/GermanSpellerRule$$Lambda+0x0000000100289000
instanceKlass  @bci org/languagetool/rules/de/GermanSpellerRule <clinit> ()V 6630 <appendix> argL0 ; # org/languagetool/rules/de/GermanSpellerRule$$Lambda+0x000000010028bd40
instanceKlass  @bci org/languagetool/rules/de/GermanSpellerRule <clinit> ()V 6295 <appendix> argL0 ; # org/languagetool/rules/de/GermanSpellerRule$$Lambda+0x000000010028bb00
instanceKlass  @bci org/languagetool/rules/de/GermanSpellerRule <clinit> ()V 6284 <appendix> argL0 ; # org/languagetool/rules/de/GermanSpellerRule$$Lambda+0x000000010028b8c0
instanceKlass  @bci org/languagetool/rules/de/GermanSpellerRule <clinit> ()V 6273 <appendix> argL0 ; # org/languagetool/rules/de/GermanSpellerRule$$Lambda+0x000000010028b680
instanceKlass  @bci org/languagetool/rules/de/GermanSpellerRule <clinit> ()V 6262 <appendix> argL0 ; # org/languagetool/rules/de/GermanSpellerRule$$Lambda+0x000000010028b440
instanceKlass  @bci org/languagetool/rules/de/GermanSpellerRule <clinit> ()V 6251 <appendix> argL0 ; # org/languagetool/rules/de/GermanSpellerRule$$Lambda+0x000000010028b200
instanceKlass  @bci org/languagetool/rules/de/GermanSpellerRule <clinit> ()V 6240 <appendix> argL0 ; # org/languagetool/rules/de/GermanSpellerRule$$Lambda+0x000000010028afc0
instanceKlass  @bci org/languagetool/rules/de/GermanSpellerRule <clinit> ()V 6229 <appendix> argL0 ; # org/languagetool/rules/de/GermanSpellerRule$$Lambda+0x000000010028ad80
instanceKlass  @bci org/languagetool/rules/de/GermanSpellerRule <clinit> ()V 6218 <appendix> argL0 ; # org/languagetool/rules/de/GermanSpellerRule$$Lambda+0x000000010028ab40
instanceKlass  @bci org/languagetool/rules/de/GermanSpellerRule <clinit> ()V 5485 <appendix> argL0 ; # org/languagetool/rules/de/GermanSpellerRule$$Lambda+0x000000010028a900
instanceKlass  @bci org/languagetool/rules/de/GermanSpellerRule <clinit> ()V 4457 <appendix> argL0 ; # org/languagetool/rules/de/GermanSpellerRule$$Lambda+0x000000010028a6c0
instanceKlass  @bci org/languagetool/rules/de/GermanSpellerRule <clinit> ()V 4347 <appendix> argL0 ; # org/languagetool/rules/de/GermanSpellerRule$$Lambda+0x000000010028a480
instanceKlass  @bci org/languagetool/rules/de/GermanSpellerRule <clinit> ()V 4093 <appendix> argL0 ; # org/languagetool/rules/de/GermanSpellerRule$$Lambda+0x000000010028a240
instanceKlass  @bci org/languagetool/rules/de/GermanSpellerRule <clinit> ()V 3902 <appendix> argL0 ; # org/languagetool/rules/de/GermanSpellerRule$$Lambda+0x000000010028a000
instanceKlass  @bci org/languagetool/rules/de/GermanSpellerRule <clinit> ()V 3891 <appendix> argL0 ; # org/languagetool/rules/de/GermanSpellerRule$$Lambda+0x000000010028fcc0
instanceKlass  @bci org/languagetool/rules/de/GermanSpellerRule <clinit> ()V 3880 <appendix> argL0 ; # org/languagetool/rules/de/GermanSpellerRule$$Lambda+0x000000010028fa80
instanceKlass  @bci org/languagetool/rules/de/GermanSpellerRule <clinit> ()V 3869 <appendix> argL0 ; # org/languagetool/rules/de/GermanSpellerRule$$Lambda+0x000000010028f840
instanceKlass  @bci org/languagetool/rules/de/GermanSpellerRule <clinit> ()V 3858 <appendix> argL0 ; # org/languagetool/rules/de/GermanSpellerRule$$Lambda+0x000000010028f600
instanceKlass  @bci org/languagetool/rules/de/GermanSpellerRule <clinit> ()V 3847 <appendix> argL0 ; # org/languagetool/rules/de/GermanSpellerRule$$Lambda+0x000000010028f3c0
instanceKlass  @bci org/languagetool/rules/de/GermanSpellerRule <clinit> ()V 3836 <appendix> argL0 ; # org/languagetool/rules/de/GermanSpellerRule$$Lambda+0x000000010028f180
instanceKlass  @bci org/languagetool/rules/de/GermanSpellerRule <clinit> ()V 3321 <appendix> argL0 ; # org/languagetool/rules/de/GermanSpellerRule$$Lambda+0x000000010028ef40
instanceKlass  @bci org/languagetool/rules/de/GermanSpellerRule <clinit> ()V 3310 <appendix> argL0 ; # org/languagetool/rules/de/GermanSpellerRule$$Lambda+0x000000010028ed00
instanceKlass  @bci org/languagetool/rules/de/GermanSpellerRule <clinit> ()V 3299 <appendix> argL0 ; # org/languagetool/rules/de/GermanSpellerRule$$Lambda+0x000000010028eac0
instanceKlass  @bci org/languagetool/rules/de/GermanSpellerRule <clinit> ()V 3288 <appendix> argL0 ; # org/languagetool/rules/de/GermanSpellerRule$$Lambda+0x000000010028e880
instanceKlass  @bci org/languagetool/rules/de/GermanSpellerRule <clinit> ()V 3259 <appendix> argL0 ; # org/languagetool/rules/de/GermanSpellerRule$$Lambda+0x000000010028e640
instanceKlass  @bci org/languagetool/rules/de/GermanSpellerRule <clinit> ()V 3248 <appendix> argL0 ; # org/languagetool/rules/de/GermanSpellerRule$$Lambda+0x000000010028e400
instanceKlass  @bci org/languagetool/rules/de/GermanSpellerRule <clinit> ()V 2360 <appendix> argL0 ; # org/languagetool/rules/de/GermanSpellerRule$$Lambda+0x000000010028e1c0
instanceKlass  @bci org/languagetool/rules/de/GermanSpellerRule <clinit> ()V 2349 <appendix> argL0 ; # org/languagetool/rules/de/GermanSpellerRule$$Lambda+0x000000010028df80
instanceKlass  @bci org/languagetool/rules/de/GermanSpellerRule <clinit> ()V 2338 <appendix> argL0 ; # org/languagetool/rules/de/GermanSpellerRule$$Lambda+0x000000010028dd40
instanceKlass  @bci org/languagetool/rules/de/GermanSpellerRule <clinit> ()V 2327 <appendix> argL0 ; # org/languagetool/rules/de/GermanSpellerRule$$Lambda+0x000000010028db00
instanceKlass  @bci org/languagetool/rules/de/GermanSpellerRule <clinit> ()V 2316 <appendix> argL0 ; # org/languagetool/rules/de/GermanSpellerRule$$Lambda+0x000000010028d8c0
instanceKlass  @bci org/languagetool/rules/de/GermanSpellerRule <clinit> ()V 2197 <appendix> argL0 ; # org/languagetool/rules/de/GermanSpellerRule$$Lambda+0x000000010028d680
instanceKlass  @bci org/languagetool/rules/de/GermanSpellerRule <clinit> ()V 2186 <appendix> argL0 ; # org/languagetool/rules/de/GermanSpellerRule$$Lambda+0x000000010028d440
instanceKlass  @bci org/languagetool/rules/de/GermanSpellerRule <clinit> ()V 2157 <appendix> argL0 ; # org/languagetool/rules/de/GermanSpellerRule$$Lambda+0x000000010028d200
instanceKlass  @bci org/languagetool/rules/de/GermanSpellerRule <clinit> ()V 2146 <appendix> argL0 ; # org/languagetool/rules/de/GermanSpellerRule$$Lambda+0x000000010028cfc0
instanceKlass  @bci org/languagetool/rules/de/GermanSpellerRule <clinit> ()V 2135 <appendix> argL0 ; # org/languagetool/rules/de/GermanSpellerRule$$Lambda+0x000000010028cd80
instanceKlass  @bci org/languagetool/rules/de/GermanSpellerRule <clinit> ()V 2124 <appendix> argL0 ; # org/languagetool/rules/de/GermanSpellerRule$$Lambda+0x000000010028cb40
instanceKlass  @bci org/languagetool/rules/de/GermanSpellerRule <clinit> ()V 2113 <appendix> argL0 ; # org/languagetool/rules/de/GermanSpellerRule$$Lambda+0x000000010028c900
instanceKlass  @bci org/languagetool/rules/de/GermanSpellerRule <clinit> ()V 2102 <appendix> argL0 ; # org/languagetool/rules/de/GermanSpellerRule$$Lambda+0x000000010028c6c0
instanceKlass  @bci org/languagetool/rules/de/GermanSpellerRule <clinit> ()V 2082 <appendix> argL0 ; # org/languagetool/rules/de/GermanSpellerRule$$Lambda+0x000000010028c480
instanceKlass  @bci org/languagetool/rules/de/GermanSpellerRule <clinit> ()V 2071 <appendix> argL0 ; # org/languagetool/rules/de/GermanSpellerRule$$Lambda+0x000000010028c240
instanceKlass  @bci org/languagetool/rules/de/GermanSpellerRule <clinit> ()V 2060 <appendix> argL0 ; # org/languagetool/rules/de/GermanSpellerRule$$Lambda+0x000000010028c000
instanceKlass  @bci org/languagetool/rules/de/GermanSpellerRule <clinit> ()V 2049 <appendix> argL0 ; # org/languagetool/rules/de/GermanSpellerRule$$Lambda+0x0000000100287c58
instanceKlass  @bci org/languagetool/rules/de/GermanSpellerRule <clinit> ()V 1960 <appendix> argL0 ; # org/languagetool/rules/de/GermanSpellerRule$$Lambda+0x0000000100287a18
instanceKlass  @bci org/languagetool/rules/de/GermanSpellerRule <clinit> ()V 1949 <appendix> argL0 ; # org/languagetool/rules/de/GermanSpellerRule$$Lambda+0x00000001002877d8
instanceKlass  @bci org/languagetool/rules/de/GermanSpellerRule <clinit> ()V 1938 <appendix> argL0 ; # org/languagetool/rules/de/GermanSpellerRule$$Lambda+0x0000000100287598
instanceKlass  @bci org/languagetool/rules/de/GermanSpellerRule putRepl (Ljava/lang/String;Ljava/lang/String;Ljava/lang/String;)V 9 <appendix> member <vmtarget> ; # org/languagetool/rules/de/GermanSpellerRule$$Lambda+0x0000000100287350
instanceKlass  @cpi org/languagetool/rules/de/GermanSpellerRule 13689 form vmentry <vmtarget> ; # java/lang/invoke/LambdaForm$DMH+0x0000000100288000
instanceKlass  @bci org/languagetool/rules/de/GermanSpellerRule <clinit> ()V 1357 <appendix> argL0 ; # org/languagetool/rules/de/GermanSpellerRule$$Lambda+0x0000000100287110
instanceKlass  @bci org/languagetool/rules/de/GermanSpellerRule <clinit> ()V 1337 <appendix> argL0 ; # org/languagetool/rules/de/GermanSpellerRule$$Lambda+0x0000000100286ed0
instanceKlass  @bci org/languagetool/rules/de/GermanSpellerRule <clinit> ()V 1191 <appendix> argL0 ; # org/languagetool/rules/de/GermanSpellerRule$$Lambda+0x0000000100286c90
instanceKlass  @bci org/languagetool/rules/de/GermanSpellerRule put (Ljava/lang/String;Ljava/lang/String;)V 8 <appendix> member <vmtarget> ; # org/languagetool/rules/de/GermanSpellerRule$$Lambda+0x0000000100286a48
instanceKlass  @bci org/languagetool/rules/de/GermanSpellerRule <clinit> ()V 1171 <appendix> argL0 ; # org/languagetool/rules/de/GermanSpellerRule$$Lambda+0x0000000100286808
instanceKlass  @bci org/languagetool/rules/de/GermanSpellerRule <clinit> ()V 1160 <appendix> argL0 ; # org/languagetool/rules/de/GermanSpellerRule$$Lambda+0x00000001002865c8
instanceKlass  @bci org/languagetool/rules/de/GermanSpellerRule <clinit> ()V 1149 <appendix> argL0 ; # org/languagetool/rules/de/GermanSpellerRule$$Lambda+0x0000000100286388
instanceKlass org/languagetool/tagging/CombiningTagger
instanceKlass  @bci org/languagetool/tagging/ManualTagger <init> (Ljava/io/InputStream;Z)V 38 <appendix> argL0 ; # org/languagetool/tagging/ManualTagger$$Lambda+0x0000000100285a00
instanceKlass it/unimi/dsi/fastutil/objects/Object2IntMap$FastEntrySet
instanceKlass it/unimi/dsi/fastutil/ints/IntCollection
instanceKlass it/unimi/dsi/fastutil/ints/IntIterable
instanceKlass it/unimi/dsi/fastutil/objects/AbstractObject2IntFunction
instanceKlass org/languagetool/tagging/TaggedWord
instanceKlass  @bci org/languagetool/tagging/ManualTagger loadMapping (Ljava/io/InputStream;Z)Ljava/util/Map; 237 <appendix> argL0 ; # org/languagetool/tagging/ManualTagger$$Lambda+0x0000000100283950
instanceKlass it/unimi/dsi/fastutil/objects/Object2IntMap
instanceKlass it/unimi/dsi/fastutil/objects/Object2IntFunction
instanceKlass org/languagetool/tagging/ManualTagger
instanceKlass morfologik/stemming/IStemmer
instanceKlass org/languagetool/tagging/MorfologikTagger
instanceKlass org/languagetool/tagging/WordTagger
instanceKlass org/languagetool/tagging/BaseTagger
instanceKlass org/languagetool/rules/spelling/RuleWithLanguage
instanceKlass  @bci java/util/regex/CharPredicates forProperty (Ljava/lang/String;Z)Ljava/util/regex/Pattern$CharPredicate; 2561 <appendix> argL0 ; # java/util/regex/CharPredicates$$Lambda+0x0000000100250160
instanceKlass java/util/concurrent/ConcurrentLinkedQueue$Node
instanceKlass  @bci org/languagetool/Language getDefaultSpellingRule ()Lorg/languagetool/rules/spelling/SpellingCheckRule; 8 <appendix> member <vmtarget> ; # org/languagetool/Language$$Lambda+0x0000000100281e50
instanceKlass java/text/StringCharacterIterator
instanceKlass java/text/CharacterIterator
instanceKlass java/text/BreakIterator$BreakIteratorCache
instanceKlass sun/text/SupplementaryCharacterData
instanceKlass sun/text/CompactByteArray
instanceKlass  @bci sun/util/resources/BreakIteratorResourceBundle getResourceAsStream (Ljava/lang/String;)Ljava/io/InputStream; 2 <appendix> member <vmtarget> ; # sun/util/resources/BreakIteratorResourceBundle$$Lambda+0x000000010024e8f0
instanceKlass sun/util/resources/provider/NonBaseLocaleDataMetaInfo
instanceKlass  @bci sun/util/locale/provider/JRELocaleProviderAdapter createSupportedLocaleString (Ljava/lang/String;)Ljava/lang/String; 6 <appendix> member <vmtarget> ; # sun/util/locale/provider/JRELocaleProviderAdapter$$Lambda+0x000000010024dfc0
instanceKlass sun/util/locale/provider/BaseLocaleDataMetaInfo
instanceKlass  @bci sun/util/locale/provider/JRELocaleProviderAdapter getBreakIteratorProvider ()Ljava/text/spi/BreakIteratorProvider; 8 <appendix> member <vmtarget> ; # sun/util/locale/provider/JRELocaleProviderAdapter$$Lambda+0x000000010024d8e0
instanceKlass java/text/BreakIterator
instanceKlass java/lang/ConditionalSpecialCasing$Entry
instanceKlass java/lang/ConditionalSpecialCasing
instanceKlass java/lang/foreign/MemorySegment
instanceKlass java/util/LinkedList$Node
instanceKlass org/languagetool/language/identifier/detector/CommonWordsDetector
instanceKlass org/languagetool/language/identifier/detector/UnicodeBasedDetector
instanceKlass  @bci org/languagetool/language/identifier/LanguageIdentifier <clinit> ()V 172 <appendix> argL0 ; # org/languagetool/language/identifier/LanguageIdentifier$$Lambda+0x0000000100281810
instanceKlass  @bci org/languagetool/language/identifier/LanguageIdentifier <clinit> ()V 164 <appendix> argL0 ; # org/languagetool/language/identifier/LanguageIdentifier$$Lambda+0x00000001002815f0
instanceKlass  @bci org/languagetool/language/identifier/LanguageIdentifier <clinit> ()V 156 <appendix> argL0 ; # org/languagetool/language/identifier/LanguageIdentifier$$Lambda+0x00000001002813d0
instanceKlass  @bci org/languagetool/language/identifier/LanguageIdentifier <clinit> ()V 148 <appendix> argL0 ; # org/languagetool/language/identifier/LanguageIdentifier$$Lambda+0x00000001002811b0
instanceKlass com/optimaize/langdetect/text/TextFilter
instanceKlass org/languagetool/language/identifier/LanguageIdentifier
instanceKlass org/bsplines/ltexls/server/DocumentChecker$Companion
instanceKlass org/bsplines/ltexls/server/DocumentChecker
instanceKlass  @bci org/bsplines/ltexls/server/LtexLanguageServer <init> ()V 46 <appendix> argL0 ; # org/bsplines/ltexls/server/LtexLanguageServer$$Lambda+0x0000000100280468
instanceKlass kotlin/jvm/internal/CallableReference$NoReceiver
instanceKlass kotlin/reflect/KDeclarationContainer
instanceKlass kotlin/jvm/internal/CallableReference
instanceKlass kotlin/jvm/internal/KotlinGenericDeclaration
instanceKlass kotlin/reflect/KFunction
instanceKlass kotlin/reflect/KCallable
instanceKlass kotlin/reflect/KAnnotatedElement
instanceKlass kotlin/jvm/internal/FunctionBase
instanceKlass kotlin/jvm/functions/Function0
instanceKlass kotlin/Function
instanceKlass org/bsplines/ltexls/parsing/FragmentCache$Companion
instanceKlass org/bsplines/ltexls/parsing/FragmentCache
instanceKlass java/util/logging/StreamHandler$1
instanceKlass java/util/logging/Handler$1
instanceKlass java/util/logging/ErrorManager
instanceKlass jdk/internal/logger/SimpleConsoleLogger$Formatting
instanceKlass sun/util/logging/PlatformLogger
instanceKlass sun/util/logging/PlatformLogger$ConfigurableBridge$LoggerConfiguration
instanceKlass  @bci java/util/logging/SimpleFormatter <init> ()V 5 <appendix> argL0 ; # java/util/logging/SimpleFormatter$$Lambda+0x000000010024a918
instanceKlass java/util/logging/Formatter
instanceKlass org/bsplines/ltexls/tools/Logging
instanceKlass org/bsplines/ltexls/tools/FileIo
instanceKlass org/languagetool/ShortDescriptionProvider
instanceKlass  @bci org/languagetool/JLanguageTool updateOptionalLanguageModelRules (Lorg/languagetool/languagemodel/LanguageModel;)V 84 <appendix> member <vmtarget> ; # org/languagetool/JLanguageTool$$Lambda+0x000000010023ec98
instanceKlass  @bci org/languagetool/JLanguageTool updateOptionalLanguageModelRules (Lorg/languagetool/languagemodel/LanguageModel;)V 65 <appendix> argL0 ; # org/languagetool/JLanguageTool$$Lambda+0x000000010023ea58
instanceKlass  @bci org/languagetool/JLanguageTool updateOptionalLanguageModelRules (Lorg/languagetool/languagemodel/LanguageModel;)V 39 <appendix> member <vmtarget> ; # org/languagetool/JLanguageTool$$Lambda+0x000000010023e800
instanceKlass org/languagetool/rules/spelling/suggestions/SuggestionsChanges
instanceKlass  @bci org/languagetool/rules/patterns/ConsistencyPatternRuleTransformer apply (Ljava/util/List;)Lorg/languagetool/rules/patterns/PatternRuleTransformer$TransformedRules; 116 <appendix> member <vmtarget> ; # org/languagetool/rules/patterns/ConsistencyPatternRuleTransformer$$Lambda+0x000000010023e380
instanceKlass org/languagetool/rules/patterns/PatternRuleTransformer$TransformedRules
instanceKlass  @bci org/languagetool/rules/patterns/RepeatedPatternRuleTransformer$RepeatedPatternRule <init> (Lorg/languagetool/rules/patterns/RepeatedPatternRuleTransformer;Ljava/util/List;Lorg/languagetool/Language;)V 29 <appendix> argL0 ; # org/languagetool/rules/patterns/RepeatedPatternRuleTransformer$RepeatedPatternRule$$Lambda+0x000000010023ba28
instanceKlass  @bci org/languagetool/rules/patterns/RepeatedPatternRuleTransformer apply (Ljava/util/List;)Lorg/languagetool/rules/patterns/PatternRuleTransformer$TransformedRules; 100 <appendix> member <vmtarget> ; # org/languagetool/rules/patterns/RepeatedPatternRuleTransformer$$Lambda+0x000000010023b7e0
instanceKlass  @bci org/languagetool/rules/patterns/RepeatedPatternRuleTransformer apply (Ljava/util/List;)Lorg/languagetool/rules/patterns/PatternRuleTransformer$TransformedRules; 62 <appendix> member <vmtarget> ; # org/languagetool/rules/patterns/RepeatedPatternRuleTransformer$$Lambda+0x000000010023b228
instanceKlass org/languagetool/rules/patterns/ConsistencyPatternRuleTransformer
instanceKlass org/languagetool/rules/patterns/RepeatedPatternRuleTransformer
instanceKlass org/languagetool/rules/patterns/PatternRuleTransformer
instanceKlass  @bci java/util/regex/Pattern SingleS (I)Ljava/util/regex/Pattern$CharPredicate; 1 <appendix> member <vmtarget> ; # java/util/regex/Pattern$$Lambda+0x0000000100249890
instanceKlass org/languagetool/rules/patterns/RegexRuleFilter
instanceKlass org/languagetool/rules/patterns/RegexRuleFilterCreator
instanceKlass org/languagetool/rules/YMDDateHelper
instanceKlass org/languagetool/rules/en/DateFilterHelper
instanceKlass  @bci java/util/regex/Pattern union (Ljava/util/regex/Pattern$CharPredicate;Ljava/util/regex/Pattern$CharPredicate;Ljava/util/regex/Pattern$CharPredicate;Z)Ljava/util/regex/Pattern$CharPredicate; 16 <appendix> member <vmtarget> ; # java/util/regex/Pattern$$Lambda+0x0000000100249268
instanceKlass  @cpi java/util/regex/Pattern 1453 form vmentry <vmtarget> ; # java/lang/invoke/LambdaForm$DMH+0x000000010023c000
instanceKlass  @bci java/util/regex/CharPredicates JOIN_CONTROL ()Ljava/util/regex/Pattern$CharPredicate; 0 <appendix> argL0 ; # java/util/regex/CharPredicates$$Lambda+0x0000000100249008
instanceKlass  @bci java/util/regex/CharPredicates WORD ()Ljava/util/regex/Pattern$CharPredicate; 3 <appendix> argL0 ; # java/util/regex/CharPredicates$$Lambda+0x0000000100248da8
instanceKlass morfologik/fsa/ByteSequenceIterator
instanceKlass morfologik/fsa/FSATraversal
instanceKlass morfologik/speller/HMatrix
instanceKlass morfologik/fsa/MatchResult
instanceKlass morfologik/speller/Speller
instanceKlass morfologik/stemming/ISequenceEncoder
instanceKlass morfologik/stemming/DictionaryMetadata$1
instanceKlass java/util/EnumMap$EntryIterator$Entry
instanceKlass java/util/EnumMap$EnumMapIterator
instanceKlass java/util/RegularEnumSet$EnumSetIterator
instanceKlass jdk/internal/util/ByteArray
instanceKlass morfologik/fsa/FSAHeader
instanceKlass morfologik/fsa/FSA
instanceKlass morfologik/stemming/DictionaryMetadataBuilder
instanceKlass morfologik/stemming/DictionaryMetadata
instanceKlass morfologik/stemming/Dictionary
instanceKlass org/languagetool/rules/spelling/morfologik/MorfologikSpeller
instanceKlass  @bci java/util/stream/MatchOps makeRef (Ljava/util/function/Predicate;Ljava/util/stream/MatchOps$MatchKind;)Ljava/util/stream/TerminalOp; 20 <appendix> member <vmtarget> ; # java/util/stream/MatchOps$$Lambda+0x0000000100245a68
instanceKlass java/util/stream/MatchOps$BooleanTerminalSink
instanceKlass java/util/stream/MatchOps$MatchOp
instanceKlass java/util/stream/MatchOps
instanceKlass  @bci org/languagetool/rules/Rule addTags (Ljava/util/List;)V 67 <appendix> member <vmtarget> ; # org/languagetool/rules/Rule$$Lambda+0x000000010022e9a0
instanceKlass org/languagetool/rules/en/translation/BeoLingusTranslator
instanceKlass  @bci java/util/regex/CharPredicates forUnicodeScript (Ljava/lang/String;)Ljava/util/regex/Pattern$CharPredicate; 6 <appendix> member <vmtarget> ; # java/util/regex/CharPredicates$$Lambda+0x0000000100244cc0
instanceKlass org/languagetool/rules/translation/Translator
instanceKlass  @bci org/languagetool/rules/patterns/RuleFilterCreator getFilter (Ljava/lang/String;)Lorg/languagetool/rules/patterns/RuleFilter; 16 <appendix> member <vmtarget> ; # org/languagetool/rules/patterns/RuleFilterCreator$$Lambda+0x000000010022ddc0
instanceKlass org/languagetool/rules/patterns/RuleFilter
instanceKlass org/languagetool/rules/patterns/RuleFilterCreator
instanceKlass  @bci org/languagetool/rules/patterns/PatternRuleMatcher formatMatches ([Lorg/languagetool/AnalyzedTokenReadings;[IILjava/lang/String;Ljava/util/List;)Ljava/lang/String; 400 <appendix> form vmentry <vmtarget> ; # java/lang/invoke/LambdaForm$MH+0x0000000100231c00
instanceKlass  @bci org/languagetool/rules/patterns/PatternRuleMatcher formatMatches ([Lorg/languagetool/AnalyzedTokenReadings;[IILjava/lang/String;Ljava/util/List;)Ljava/lang/String; 400 <appendix> argL3 form vmentry <vmtarget> ; # java/lang/invoke/LambdaForm$MH+0x0000000100231400
instanceKlass  @bci org/languagetool/rules/patterns/PatternRuleMatcher formatMatches ([Lorg/languagetool/AnalyzedTokenReadings;[IILjava/lang/String;Ljava/util/List;)Ljava/lang/String; 400 <appendix> argL1 form vmentry <vmtarget> ; # java/lang/invoke/LambdaForm$MH+0x0000000100230000
instanceKlass com/google/common/collect/ObjectArrays
instanceKlass org/languagetool/chunking/ChunkTag
instanceKlass org/languagetool/rules/patterns/Match
instanceKlass org/languagetool/AnalyzedToken
instanceKlass org/languagetool/AnalyzedTokenReadings
instanceKlass  @bci org/languagetool/synthesis/Soros translate (Ljava/lang/String;Ljava/lang/String;Ljava/lang/String;Ljava/lang/String;)Ljava/lang/String; 20 <appendix> form vmentry <vmtarget> ; # java/lang/invoke/LambdaForm$MH+0x000000010022ac00
instanceKlass  @bci org/languagetool/synthesis/Soros translate (Ljava/lang/String;Ljava/lang/String;Ljava/lang/String;Ljava/lang/String;)Ljava/lang/String; 20 <appendix> argL3 form vmentry <vmtarget> ; # java/lang/invoke/LambdaForm$MH+0x000000010022a400
# instanceKlass java/lang/invoke/LambdaForm$MH+0x000000010022a000
instanceKlass  @bci org/languagetool/synthesis/Soros translate (Ljava/lang/String;Ljava/lang/String;Ljava/lang/String;Ljava/lang/String;)Ljava/lang/String; 20 <appendix> argL1 form vmentry <vmtarget> ; # java/lang/invoke/LambdaForm$MH+0x0000000100229000
instanceKlass  @bci org/languagetool/JLanguageTool$TextCheckCallable getOtherRuleMatches (Ljava/util/Set;)Lorg/languagetool/CheckResults; 706 <appendix> argL1 argL0 argL0 form vmentry <vmtarget> ; # java/lang/invoke/LambdaForm$MH+0x0000000100228c00
# instanceKlass java/lang/invoke/LambdaForm$MH+0x0000000100228400
instanceKlass java/util/function/UnaryOperator
instanceKlass org/apache/commons/lang3/ObjectUtils$Null
instanceKlass org/apache/commons/lang3/ObjectUtils
instanceKlass org/languagetool/rules/patterns/PatternToken$RareFields
instanceKlass  @bci org/languagetool/rules/patterns/XMLRuleHandler obtainPosToken (Ljava/lang/String;ZZ)Lorg/languagetool/rules/patterns/PatternToken$PosToken; 17 <appendix> member <vmtarget> ; # org/languagetool/rules/patterns/XMLRuleHandler$$Lambda+0x0000000100222f20
instanceKlass  @bci org/languagetool/rules/patterns/XMLRuleHandler internMatcher (Ljava/lang/String;ZZ)Lorg/languagetool/rules/patterns/StringMatcher; 24 <appendix> argL0 ; # org/languagetool/rules/patterns/XMLRuleHandler$$Lambda+0x0000000100222ce0
instanceKlass org/apache/commons/lang3/tuple/Triple
instanceKlass com/sun/org/apache/xerces/internal/impl/XMLDocumentScannerImpl$DTDDriver
instanceKlass com/sun/org/apache/xerces/internal/impl/dtd/XMLContentSpec
instanceKlass com/sun/org/apache/xerces/internal/impl/dtd/models/ContentModelValidator
instanceKlass com/sun/org/apache/xerces/internal/impl/dtd/DTDGrammar
instanceKlass com/sun/org/apache/xerces/internal/impl/XMLEntityManager$EncodingInfo
instanceKlass org/languagetool/rules/patterns/RuleMatcher
instanceKlass  @bci org/languagetool/rules/AbstractUnitConversionRule <init> (Ljava/util/ResourceBundle;)V 982 <appendix> member <vmtarget> ; # org/languagetool/rules/AbstractUnitConversionRule$$Lambda+0x0000000100226808
instanceKlass  @bci org/bsplines/ltexls/parsing/latex/LatexAnnotatedTextBuilderDefaults <clinit> ()V 16727 <appendix> form vmentry <vmtarget> ; # java/lang/invoke/LambdaForm$MH+0x0000000100221c00
instanceKlass  @bci com/vladsch/flexmark/util/sequence/Escaping <clinit> ()V 23 <appendix> argL3 form vmentry <vmtarget> ; # java/lang/invoke/LambdaForm$MH+0x0000000100221400
instanceKlass javax/measure/quantity/Dimensionless
instanceKlass tech/units/indriya/AbstractSystemOfUnits$Helper
instanceKlass javax/measure/quantity/Volume
instanceKlass javax/measure/quantity/Area
instanceKlass javax/measure/quantity/Acceleration
instanceKlass javax/measure/quantity/Speed
instanceKlass javax/measure/quantity/CatalyticActivity
instanceKlass javax/measure/quantity/RadiationDoseEffective
instanceKlass javax/measure/quantity/RadiationDoseAbsorbed
instanceKlass javax/measure/quantity/Radioactivity
instanceKlass javax/measure/quantity/Illuminance
instanceKlass javax/measure/quantity/LuminousFlux
instanceKlass javax/measure/quantity/ElectricInductance
instanceKlass javax/measure/quantity/MagneticFluxDensity
instanceKlass javax/measure/quantity/MagneticFlux
instanceKlass javax/measure/quantity/ElectricConductance
instanceKlass javax/measure/quantity/ElectricResistance
instanceKlass javax/measure/quantity/ElectricCapacitance
instanceKlass javax/measure/quantity/ElectricPotential
instanceKlass javax/measure/quantity/ElectricCharge
instanceKlass javax/measure/quantity/Power
instanceKlass javax/measure/quantity/Energy
instanceKlass javax/measure/quantity/Pressure
instanceKlass javax/measure/quantity/Force
instanceKlass javax/measure/quantity/Frequency
instanceKlass tech/units/indriya/AbstractUnit$Equalizer
instanceKlass javax/measure/quantity/SolidAngle
instanceKlass javax/measure/quantity/Angle
instanceKlass tec/uom/lib/common/function/UnitConverterSupplier
instanceKlass tec/uom/lib/common/function/DoubleFactorSupplier
instanceKlass tech/units/indriya/internal/simplify/Simplifier
instanceKlass  @bci tech/units/indriya/AbstractConverter concatenate (Ljavax/measure/UnitConverter;)Ljavax/measure/UnitConverter; 26 <appendix> argL0 ; # tech/units/indriya/AbstractConverter$$Lambda+0x000000010021ce80
instanceKlass  @cpi com/vladsch/flexmark/util/data/SharedDataKeys 146 form vmentry <vmtarget> ; # java/lang/invoke/LambdaForm$DMH+0x0000000100220400
instanceKlass  @bci tech/units/indriya/AbstractConverter concatenate (Ljavax/measure/UnitConverter;)Ljavax/measure/UnitConverter; 21 <appendix> argL0 ; # tech/units/indriya/AbstractConverter$$Lambda+0x000000010021cc30
instanceKlass  @bci com/vladsch/flexmark/ast/util/Parsing <init> (Lcom/vladsch/flexmark/util/data/DataHolder;)V 737 <bsm> form vmentry <vmtarget> ; # java/lang/invoke/LambdaForm$DMH+0x0000000100220000
instanceKlass java/lang/invoke/MethodHandle$1
instanceKlass tech/units/indriya/AbstractConverter
instanceKlass java/util/function/DoubleSupplier
instanceKlass tec/uom/lib/common/function/ValueSupplier
instanceKlass javax/measure/quantity/Time
instanceKlass javax/measure/quantity/AmountOfSubstance
instanceKlass javax/measure/quantity/Length
instanceKlass javax/measure/quantity/Mass
instanceKlass javax/measure/quantity/Temperature
instanceKlass javax/measure/quantity/LuminousIntensity
instanceKlass javax/measure/quantity/ElectricCurrent
instanceKlass javax/measure/Quantity
instanceKlass tech/units/indriya/quantity/QuantityDimension
instanceKlass javax/measure/Dimension
instanceKlass tech/units/indriya/unit/ProductUnit$Element
instanceKlass javax/measure/UnitConverter
instanceKlass tech/units/indriya/AbstractUnit
instanceKlass tech/units/indriya/ComparableUnit
instanceKlass tech/units/indriya/AbstractSystemOfUnits
instanceKlass javax/measure/spi/SystemOfUnits
instanceKlass tec/uom/lib/common/function/Nameable
instanceKlass javax/measure/Unit
instanceKlass  @bci com/google/common/base/Suppliers$NonSerializableMemoizingSupplier <clinit> ()V 0 <appendix> argL0 ; # com/google/common/base/Suppliers$NonSerializableMemoizingSupplier$$Lambda+0x0000000100212b88
instanceKlass com/google/common/base/Suppliers$MemoizingSupplier
instanceKlass com/google/common/base/Suppliers$NonSerializableMemoizingSupplier
instanceKlass  @bci org/languagetool/rules/Rule cacheAntiPatterns (Lorg/languagetool/Language;Ljava/util/List;)Ljava/util/function/Supplier; 2 <appendix> member <vmtarget> ; # org/languagetool/rules/Rule$$Lambda+0x00000001002124b0
instanceKlass org/languagetool/rules/SynonymsData
instanceKlass org/languagetool/tools/InterruptibleCharSequence
instanceKlass  @bci java/util/stream/StreamSpliterators$WrappingSpliterator forEachRemaining (Ljava/util/function/Consumer;)V 33 <appendix> member <vmtarget> ; # java/util/stream/StreamSpliterators$WrappingSpliterator$$Lambda+0x0000000100240738
instanceKlass java/util/stream/StreamSpliterators
instanceKlass  @cpi java/util/stream/StreamSpliterators$WrappingSpliterator 151 form vmentry <vmtarget> ; # java/lang/invoke/LambdaForm$DMH+0x0000000100211400
instanceKlass java/util/stream/StreamSpliterators$AbstractWrappingSpliterator
instanceKlass  @bci java/util/stream/AbstractPipeline spliterator ()Ljava/util/Spliterator; 103 <appendix> member <vmtarget> ; # java/util/stream/AbstractPipeline$$Lambda+0x00000001001ffd18
instanceKlass  @bci org/languagetool/rules/WordCoherencyDataLoader loadWords (Ljava/lang/String;)Ljava/util/Map; 231 <appendix> argL0 ; # org/languagetool/rules/WordCoherencyDataLoader$$Lambda+0x0000000100215a10
instanceKlass  @bci it/unimi/dsi/fastutil/objects/ObjectOpenHashSet <clinit> ()V 10 <appendix> argL0 ; # it/unimi/dsi/fastutil/objects/ObjectOpenHashSet$$Lambda+0x00000001002157c8
instanceKlass  @bci it/unimi/dsi/fastutil/objects/ObjectOpenHashSet <clinit> ()V 5 <appendix> argL0 ; # it/unimi/dsi/fastutil/objects/ObjectOpenHashSet$$Lambda+0x0000000100215598
instanceKlass  @cpi tech/units/indriya/AbstractConverter 149 form vmentry <vmtarget> ; # java/lang/invoke/LambdaForm$DMH+0x0000000100211000
instanceKlass  @bci it/unimi/dsi/fastutil/objects/ObjectOpenHashSet <clinit> ()V 0 <appendix> argL0 ; # it/unimi/dsi/fastutil/objects/ObjectOpenHashSet$$Lambda+0x0000000100215378
instanceKlass  @bci java/util/stream/Collectors toCollection (Ljava/util/function/Supplier;)Ljava/util/stream/Collector; 10 <appendix> argL0 ; # java/util/stream/Collectors$$Lambda+0x00000001001ff730
instanceKlass  @bci java/util/stream/Collectors toCollection (Ljava/util/function/Supplier;)Ljava/util/stream/Collector; 5 <appendix> argL0 ; # java/util/stream/Collectors$$Lambda+0x00000001001ff500
instanceKlass  @bci org/languagetool/rules/WordCoherencyDataLoader loadWords (Ljava/lang/String;)Ljava/util/Map; 158 <appendix> argL0 ; # org/languagetool/rules/WordCoherencyDataLoader$$Lambda+0x0000000100215158
instanceKlass it/unimi/dsi/fastutil/objects/ObjectSpliterator
instanceKlass it/unimi/dsi/fastutil/objects/ObjectIterator
instanceKlass org/languagetool/rules/WordCoherencyDataLoader
instanceKlass  @bci com/vladsch/flexmark/util/sequence/Escaping <clinit> ()V 23 <appendix> argL2 form vmentry <vmtarget> ; # java/lang/invoke/LambdaForm$MH+0x0000000100210c00
instanceKlass org/languagetool/rules/WrongWordInContextRule$ContextWords
instanceKlass org/languagetool/rules/SimpleReplaceDataLoader
instanceKlass com/google/common/collect/CollectPreconditions
instanceKlass java/util/OptionalInt
instanceKlass java/util/stream/ReduceOps$6ReducingSink
instanceKlass  @bci java/util/stream/IntPipeline min ()Ljava/util/OptionalInt; 1 <appendix> argL0 ; # java/util/stream/IntPipeline$$Lambda+0x00000001001459d8
instanceKlass  @bci org/languagetool/rules/patterns/AbstractTokenBasedRule lambda$new$1 (Lorg/languagetool/rules/patterns/AbstractTokenBasedRule$TokenHint;)Ljava/lang/Integer; 7 <appendix> argL0 ; # org/languagetool/rules/patterns/AbstractTokenBasedRule$$Lambda+0x000000010020d420
instanceKlass java/util/stream/Nodes$ArrayNode
instanceKlass  @bci org/languagetool/rules/patterns/AbstractTokenBasedRule <init> (Ljava/lang/String;Ljava/lang/String;Lorg/languagetool/Language;Ljava/util/List;Z)V 254 <appendix> argL0 ; # org/languagetool/rules/patterns/AbstractTokenBasedRule$$Lambda+0x000000010020d200
instanceKlass java/util/stream/SortedOps
instanceKlass  @bci java/util/Comparator thenComparing (Ljava/util/Comparator;)Ljava/util/Comparator; 7 <appendix> member <vmtarget> ; # java/util/Comparator$$Lambda+0x00000001001fd7d0
instanceKlass  @cpi java/util/Comparator 251 form vmentry <vmtarget> ; # java/lang/invoke/LambdaForm$DMH+0x0000000100210800
instanceKlass  @bci org/languagetool/rules/patterns/AbstractTokenBasedRule <init> (Ljava/lang/String;Ljava/lang/String;Lorg/languagetool/Language;Ljava/util/List;Z)V 239 <appendix> argL0 ; # org/languagetool/rules/patterns/AbstractTokenBasedRule$$Lambda+0x000000010020cdc8
instanceKlass  @bci java/util/Comparator comparing (Ljava/util/function/Function;)Ljava/util/Comparator; 6 <appendix> member <vmtarget> ; # java/util/Comparator$$Lambda+0x00000001001fd530
instanceKlass  @bci java/lang/invoke/BootstrapMethodInvoker invoke (Ljava/lang/Class;Ljava/lang/invoke/MethodHandle;Ljava/lang/String;Ljava/lang/Object;Ljava/lang/Object;Ljava/lang/Class;)Ljava/lang/Object; 462 <adapter> ; # java/lang/invoke/LambdaForm$MH+0x0000000100210400
instanceKlass  @cpi org/languagetool/JLanguageTool 2269 form vmentry <vmtarget> ; # java/lang/invoke/LambdaForm$DMH+0x0000000100210000
instanceKlass  @bci org/languagetool/rules/patterns/AbstractTokenBasedRule <init> (Ljava/lang/String;Ljava/lang/String;Lorg/languagetool/Language;Ljava/util/List;Z)V 231 <appendix> argL0 ; # org/languagetool/rules/patterns/AbstractTokenBasedRule$$Lambda+0x000000010020cb88
instanceKlass java/util/Collections$2
instanceKlass  @bci org/languagetool/rules/patterns/AbstractTokenBasedRule$TokenHint <init> (ZLjava/util/Set;I)V 36 <appendix> argL0 ; # org/languagetool/rules/patterns/AbstractTokenBasedRule$TokenHint$$Lambda+0x000000010020c968
instanceKlass java/util/stream/DistinctOps
instanceKlass  @bci org/languagetool/rules/patterns/AbstractTokenBasedRule$TokenHint <init> (ZLjava/util/Set;I)V 21 <appendix> argL0 ; # org/languagetool/rules/patterns/AbstractTokenBasedRule$TokenHint$$Lambda+0x000000010020c728
instanceKlass org/languagetool/rules/patterns/AbstractTokenBasedRule$TokenHint
instanceKlass com/google/common/base/Converter
instanceKlass com/google/common/collect/ImmutableMap
instanceKlass com/google/common/collect/BiMap
instanceKlass com/google/common/collect/UnmodifiableIterator
instanceKlass com/google/common/collect/SortedMapDifference
instanceKlass com/google/common/collect/MapDifference
instanceKlass com/google/common/collect/Maps
instanceKlass com/google/common/collect/Sets
instanceKlass java/util/stream/ReduceOps$5ReducingSink
instanceKlass java/util/stream/Sink$OfInt
instanceKlass java/util/function/IntConsumer
instanceKlass  @bci java/util/stream/IntPipeline sum ()I 2 <appendix> argL0 ; # java/util/stream/IntPipeline$$Lambda+0x00000001001fb6e8
instanceKlass java/util/function/IntBinaryOperator
instanceKlass java/util/stream/IntStream
instanceKlass  @bci org/languagetool/rules/patterns/Substrings <init> (ZZ[Ljava/lang/String;)V 8 <appendix> argL0 ; # org/languagetool/rules/patterns/Substrings$$Lambda+0x0000000100207080
instanceKlass java/util/function/ToIntFunction
instanceKlass org/languagetool/rules/patterns/Substrings
instanceKlass  @bci org/languagetool/rules/patterns/StringMatcher$6 lambda$handleConcatenation$1 (Ljava/util/List;Ljava/lang/String;)Ljava/util/stream/Stream; 7 <appendix> member <vmtarget> ; # org/languagetool/rules/patterns/StringMatcher$6$$Lambda+0x00000001002069a8
instanceKlass java/util/stream/ForEachOps$ForEachOp
instanceKlass java/util/stream/ForEachOps
instanceKlass  @bci org/languagetool/rules/patterns/StringMatcher$6 handleConcatenation (Ljava/util/stream/Stream;Ljava/util/stream/Stream;)Ljava/util/stream/Stream; 15 <appendix> member <vmtarget> ; # org/languagetool/rules/patterns/StringMatcher$6$$Lambda+0x0000000100206760
instanceKlass java/util/stream/Streams$2
instanceKlass java/util/stream/Streams$ConcatSpliterator
instanceKlass org/languagetool/rules/patterns/PatternToken$PosToken
instanceKlass com/google/common/collect/MapMakerInternalMap$StrongValueEntry
instanceKlass com/google/common/collect/MapMakerInternalMap$WeakKeyDummyValueEntry$Helper
instanceKlass com/google/common/collect/MapMakerInternalMap$InternalEntry
instanceKlass com/google/common/collect/MapMakerInternalMap$1
instanceKlass com/google/common/collect/MapMakerInternalMap$InternalEntryHelper
instanceKlass com/google/common/collect/MapMakerInternalMap$WeakValueReference
instanceKlass com/google/common/collect/Interners$InternerImpl
instanceKlass com/google/common/collect/MapMaker
instanceKlass com/google/common/collect/Interner
instanceKlass com/google/common/collect/Interners$InternerBuilder
instanceKlass com/google/common/collect/Interners
instanceKlass  @bci org/languagetool/rules/patterns/StringMatcher create (Ljava/lang/String;ZZ)Lorg/languagetool/rules/patterns/StringMatcher; 53 <appendix> argL0 ; # org/languagetool/rules/patterns/StringMatcher$$Lambda+0x0000000100202820
instanceKlass org/languagetool/tools/StringInterner
instanceKlass  @bci java/util/function/Function identity ()Ljava/util/function/Function; 0 <appendix> argL0 ; # java/util/function/Function$$Lambda+0x00000001001f8f78
instanceKlass  @bci java/util/stream/Collectors toList ()Ljava/util/stream/Collector; 14 <appendix> argL0 ; # java/util/stream/Collectors$$Lambda+0x00000001001f8d30
instanceKlass  @bci java/util/stream/Collectors toList ()Ljava/util/stream/Collector; 9 <appendix> argL0 ; # java/util/stream/Collectors$$Lambda+0x00000001001f8b00
instanceKlass  @bci java/util/stream/Collectors toList ()Ljava/util/stream/Collector; 4 <appendix> argL0 ; # java/util/stream/Collectors$$Lambda+0x00000001001f88e0
instanceKlass  @bci org/languagetool/rules/patterns/StringMatcher$RegexpParser squareBracketGroup ()Ljava/lang/Object; 268 <appendix> member <vmtarget> ; # org/languagetool/rules/patterns/StringMatcher$RegexpParser$$Lambda+0x00000001002023d0
instanceKlass org/languagetool/rules/patterns/StringMatcher$RegexpParser
instanceKlass org/languagetool/rules/patterns/StringMatcher
instanceKlass org/languagetool/rules/patterns/PatternTokenBuilder
instanceKlass org/languagetool/rules/patterns/PatternRuleBuilderHelper
instanceKlass org/languagetool/rules/patterns/PatternToken
instanceKlass  @bci java/util/regex/CharPredicates ctype (I)Ljava/util/regex/Pattern$CharPredicate; 1 <appendix> member <vmtarget> ; # java/util/regex/CharPredicates$$Lambda+0x00000001001f8260
instanceKlass com/google/common/cache/LocalCache$StrongValueReference
instanceKlass com/google/common/util/concurrent/AbstractFuture$Failure
instanceKlass com/google/common/util/concurrent/AbstractFuture$Cancellation
instanceKlass com/google/common/util/concurrent/AbstractFuture$DelegatingToFuture
instanceKlass com/google/common/util/concurrent/Platform
instanceKlass com/google/common/util/concurrent/Uninterruptibles
instanceKlass com/google/common/base/Stopwatch
instanceKlass com/google/common/util/concurrent/AbstractFuture$Listener
instanceKlass com/google/common/util/concurrent/AbstractFutureState$Waiter
instanceKlass com/google/common/util/concurrent/LazyLogger
instanceKlass com/google/common/util/concurrent/AbstractFutureState$AtomicHelper
instanceKlass com/google/common/util/concurrent/internal/InternalFutureFailureAccess
instanceKlass com/google/common/util/concurrent/AbstractFuture$Trusted
instanceKlass com/google/common/util/concurrent/ListenableFuture
instanceKlass it/unimi/dsi/fastutil/HashCommon
instanceKlass it/unimi/dsi/fastutil/objects/Object2ObjectMap$FastEntrySet
instanceKlass it/unimi/dsi/fastutil/objects/ObjectSet
instanceKlass it/unimi/dsi/fastutil/objects/ObjectCollection
instanceKlass it/unimi/dsi/fastutil/objects/ObjectIterable
instanceKlass it/unimi/dsi/fastutil/objects/AbstractObject2ObjectFunction
instanceKlass it/unimi/dsi/fastutil/objects/Object2ObjectMap
instanceKlass it/unimi/dsi/fastutil/objects/Object2ObjectFunction
instanceKlass it/unimi/dsi/fastutil/Function
instanceKlass it/unimi/dsi/fastutil/Hash
instanceKlass  @bci org/languagetool/rules/AbstractSpecificCaseRule loadPhrases ()V 8 <appendix> member <vmtarget> ; # org/languagetool/rules/AbstractSpecificCaseRule$$Lambda+0x00000001001e95a8
instanceKlass org/languagetool/rules/spelling/CachingWordListLoader
instanceKlass java/net/spi/URLStreamHandlerProvider
instanceKlass java/net/URL$1
instanceKlass java/net/URL$2
instanceKlass java/net/URL$ThreadTrackHolder
instanceKlass java/net/Authenticator
instanceKlass org/languagetool/tools/Tools
instanceKlass org/languagetool/rules/Categories
instanceKlass org/languagetool/rules/ExampleSentence
instanceKlass org/languagetool/rules/Example
instanceKlass org/languagetool/rules/CategoryId
instanceKlass org/languagetool/rules/CategoryIds
instanceKlass org/languagetool/rules/Category
instanceKlass java/util/ResourceBundle$Control$2
instanceKlass java/util/stream/AbstractSpinedBuffer
instanceKlass java/util/stream/Node$Builder
instanceKlass java/util/stream/Node$OfDouble
instanceKlass java/util/stream/Node$OfLong
instanceKlass java/util/stream/Node$OfInt
instanceKlass java/util/stream/Node$OfPrimitive
instanceKlass java/util/stream/Nodes$EmptyNode
instanceKlass java/util/stream/Node
instanceKlass java/util/stream/Nodes
instanceKlass  @bci java/util/stream/ReferencePipeline toArray ()[Ljava/lang/Object; 1 <appendix> argL0 ; # java/util/stream/ReferencePipeline$$Lambda+0x00000001001bbe48
instanceKlass java/util/function/IntFunction
instanceKlass java/util/ImmutableCollections$Access$1
instanceKlass jdk/internal/access/JavaUtilCollectionAccess
instanceKlass java/util/ImmutableCollections$Access
instanceKlass  @bci java/util/ResourceBundle$ResourceBundleControlProviderHolder lambda$static$0 ()Ljava/util/List; 11 <appendix> argL0 ; # java/util/ResourceBundle$ResourceBundleControlProviderHolder$$Lambda+0x00000001001bb3c8
instanceKlass java/util/ServiceLoader$ProviderSpliterator
instanceKlass java/util/spi/ResourceBundleControlProvider
instanceKlass  @bci java/util/ResourceBundle$ResourceBundleControlProviderHolder <clinit> ()V 0 <appendix> argL0 ; # java/util/ResourceBundle$ResourceBundleControlProviderHolder$$Lambda+0x00000001001bad08
instanceKlass java/util/ResourceBundle$ResourceBundleControlProviderHolder
instanceKlass org/languagetool/ResourceBundleTools
instanceKlass  @bci org/languagetool/JLanguageTool <init> (Lorg/languagetool/Language;Ljava/util/List;Lorg/languagetool/Language;Lorg/languagetool/ResultCache;Lorg/languagetool/GlobalConfig;Lorg/languagetool/UserConfig;ZZLjava/util/List;)V 137 <appendix> argL0 ; # org/languagetool/JLanguageTool$$Lambda+0x00000001001e7338
instanceKlass  @bci org/languagetool/UserConfig removeAllButMainLanguagesAndSort (Ljava/util/List;)Ljava/lang/String; 20 <appendix> argL0 ; # org/languagetool/UserConfig$$Lambda+0x00000001001e70e8
instanceKlass kotlin/collections/EmptyIterator
instanceKlass kotlin/collections/EmptyList
instanceKlass org/languagetool/UserConfig
instanceKlass java/util/HashMap$HashMapSpliterator
instanceKlass java/util/stream/ReduceOps$Box
instanceKlass java/util/stream/ReduceOps$AccumulatingSink
instanceKlass java/util/stream/ReduceOps$ReduceOp
instanceKlass java/util/stream/ReduceOps
instanceKlass  @bci java/util/stream/Collectors castingIdentity ()Ljava/util/function/Function; 0 <appendix> argL0 ; # java/util/stream/Collectors$$Lambda+0x00000001001b9220
instanceKlass  @bci java/util/stream/Collectors toSet ()Ljava/util/stream/Collector; 14 <appendix> argL0 ; # java/util/stream/Collectors$$Lambda+0x00000001001b8fd8
instanceKlass java/util/function/BinaryOperator
instanceKlass  @bci java/util/stream/Collectors toSet ()Ljava/util/stream/Collector; 9 <appendix> argL0 ; # java/util/stream/Collectors$$Lambda+0x00000001001b8ba8
instanceKlass  @bci java/util/stream/Collectors toSet ()Ljava/util/stream/Collector; 4 <appendix> argL0 ; # java/util/stream/Collectors$$Lambda+0x00000001001b8988
instanceKlass java/util/stream/Collector
instanceKlass java/util/stream/Collectors
instanceKlass  @bci org/languagetool/tools/StringTools collectAllTitleCaseExceptions ()Ljava/util/Set; 51 <appendix> argL0 ; # org/languagetool/tools/StringTools$$Lambda+0x00000001001e5fd0
instanceKlass  @cpi io/opentelemetry/api/common/ArrayBackedAttributes 114 form vmentry <vmtarget> ; # java/lang/invoke/LambdaForm$DMH+0x00000001001e8000
instanceKlass java/util/Spliterators$ArraySpliterator
instanceKlass  @bci java/util/regex/CharPredicates DIGIT ()Ljava/util/regex/Pattern$CharPredicate; 0 <appendix> argL0 ; # java/util/regex/CharPredicates$$Lambda+0x00000001001b6830
instanceKlass  @bci java/util/regex/CharPredicates ALPHABETIC ()Ljava/util/regex/Pattern$CharPredicate; 0 <appendix> argL0 ; # java/util/regex/CharPredicates$$Lambda+0x00000001001b65d0
instanceKlass  @bci java/util/regex/CharPredicates WHITE_SPACE ()Ljava/util/regex/Pattern$CharPredicate; 0 <appendix> argL0 ; # java/util/regex/CharPredicates$$Lambda+0x00000001001b6370
instanceKlass  @bci java/util/regex/CharPredicates PUNCTUATION ()Ljava/util/regex/Pattern$CharPredicate; 0 <appendix> argL0 ; # java/util/regex/CharPredicates$$Lambda+0x00000001001b6110
instanceKlass org/apache/commons/lang3/ArrayFill
instanceKlass  @bci java/util/regex/CharPredicates forUnicodeBlock (Ljava/lang/String;)Ljava/util/regex/Pattern$CharPredicate; 6 <appendix> member <vmtarget> ; # java/util/regex/CharPredicates$$Lambda+0x00000001001b5ea8
instanceKlass java/lang/Character$Subset
instanceKlass org/apache/commons/lang3/StringUtils
instanceKlass org/languagetool/tools/StringTools
instanceKlass com/google/common/cache/LocalCache$AbstractReferenceEntry
instanceKlass java/util/concurrent/atomic/AtomicReferenceArray
instanceKlass com/google/common/cache/LocalCache$LoadingValueReference
instanceKlass com/google/common/cache/RemovalListener
instanceKlass com/google/common/cache/Weigher
instanceKlass com/google/common/base/Predicate
instanceKlass com/google/common/base/Equivalence
instanceKlass java/util/function/BiPredicate
instanceKlass com/google/common/base/MoreObjects
instanceKlass com/google/common/cache/LocalCache$1
instanceKlass jdk/internal/logger/DefaultLoggerFinder$1
instanceKlass java/util/logging/Logger$SystemLoggerHelper$1
instanceKlass java/util/logging/Logger$SystemLoggerHelper
instanceKlass java/util/logging/LogManager$4
instanceKlass jdk/internal/logger/BootstrapLogger$BootstrapExecutors
instanceKlass jdk/internal/logger/BootstrapLogger$RedirectedLoggers
instanceKlass jdk/internal/logger/BootstrapLogger$DetectBackend$1
instanceKlass jdk/internal/logger/BootstrapLogger$DetectBackend
instanceKlass jdk/internal/logger/BootstrapLogger
instanceKlass sun/util/logging/PlatformLogger$ConfigurableBridge
instanceKlass sun/util/logging/PlatformLogger$Bridge
instanceKlass java/util/stream/Streams
instanceKlass java/util/stream/Streams$AbstractStreamBuilderImpl
instanceKlass java/util/stream/Stream$Builder
instanceKlass java/util/stream/Sink$ChainedReference
instanceKlass  @bci java/util/stream/FindOps$FindSink$OfRef <clinit> ()V 43 <appendix> argL0 ; # java/util/stream/FindOps$FindSink$OfRef$$Lambda+0x00000001001b1bd8
instanceKlass  @bci java/util/stream/FindOps$FindSink$OfRef <clinit> ()V 38 <appendix> argL0 ; # java/util/stream/FindOps$FindSink$OfRef$$Lambda+0x00000001001b1988
instanceKlass  @bci java/util/stream/FindOps$FindSink$OfRef <clinit> ()V 16 <appendix> argL0 ; # java/util/stream/FindOps$FindSink$OfRef$$Lambda+0x00000001001b1768
instanceKlass  @bci java/util/stream/FindOps$FindSink$OfRef <clinit> ()V 11 <appendix> argL0 ; # java/util/stream/FindOps$FindSink$OfRef$$Lambda+0x00000001001b1518
instanceKlass java/util/stream/FindOps$FindOp
instanceKlass java/util/stream/TerminalOp
instanceKlass java/util/stream/FindOps$FindSink
instanceKlass java/util/stream/TerminalSink
instanceKlass java/util/stream/Sink
instanceKlass java/util/stream/FindOps
instanceKlass  @bci java/util/logging/Level$KnownLevel findByName (Ljava/lang/String;Ljava/util/function/Function;)Ljava/util/Optional; 29 <appendix> argL0 ; # java/util/logging/Level$KnownLevel$$Lambda+0x00000001001afda8
instanceKlass java/util/ArrayList$ArrayListSpliterator
instanceKlass  @bci java/util/logging/Level findLevel (Ljava/lang/String;)Ljava/util/logging/Level; 13 <appendix> argL0 ; # java/util/logging/Level$$Lambda+0x00000001001aeac8
instanceKlass java/util/Hashtable$Enumerator
instanceKlass java/util/Collections$3
instanceKlass java/util/logging/LogManager$LoggerContext$1
instanceKlass java/util/logging/LogManager$VisitedLoggers
instanceKlass java/util/logging/LogManager$2
instanceKlass java/lang/System$LoggerFinder
instanceKlass java/util/logging/LogManager$LoggingProviderAccess
instanceKlass sun/util/logging/internal/LoggingProviderImpl$LogManagerAccess
instanceKlass java/lang/ApplicationShutdownHooks$1
instanceKlass java/lang/ApplicationShutdownHooks
instanceKlass java/util/logging/LogManager$LogNode
instanceKlass java/util/logging/LogManager$LoggerContext
instanceKlass java/util/logging/LogManager$1
instanceKlass java/util/logging/LogManager
instanceKlass java/util/logging/Logger$ConfigurationData
instanceKlass java/util/logging/Logger$LoggerBundle
instanceKlass  @bci java/util/logging/Level$KnownLevel add (Ljava/util/logging/Level;)V 49 <appendix> argL0 ; # java/util/logging/Level$KnownLevel$$Lambda+0x00000001001aae38
instanceKlass  @bci java/util/logging/Level$KnownLevel add (Ljava/util/logging/Level;)V 19 <appendix> argL0 ; # java/util/logging/Level$KnownLevel$$Lambda+0x00000001001aabf8
instanceKlass java/util/logging/Level
instanceKlass java/util/logging/Handler
instanceKlass java/util/logging/Logger
instanceKlass com/google/common/cache/ReferenceEntry
instanceKlass com/google/common/cache/LocalCache$ValueReference
instanceKlass com/google/common/cache/LocalCache$LocalManualCache
instanceKlass com/google/common/cache/CacheBuilder$2
instanceKlass com/google/common/base/Preconditions
instanceKlass com/google/common/cache/CacheStats
instanceKlass com/google/common/base/Suppliers$SupplierOfInstance
instanceKlass com/google/common/base/Suppliers
instanceKlass com/google/common/cache/CacheBuilder$1
instanceKlass com/google/common/cache/AbstractCache$StatsCounter
instanceKlass com/google/common/cache/LoadingCache
instanceKlass com/google/common/base/Function
instanceKlass com/google/common/cache/Cache
instanceKlass com/google/common/base/Ticker
instanceKlass com/google/common/base/Supplier
instanceKlass com/google/common/cache/CacheBuilder
instanceKlass com/google/common/cache/CacheLoader
instanceKlass  @bci java/util/regex/Pattern CIRangeU (II)Ljava/util/regex/Pattern$CharPredicate; 2 <appendix> member <vmtarget> ; # java/util/regex/Pattern$$Lambda+0x00000001001a9ca0
instanceKlass  @bci java/util/regex/Pattern SingleU (I)Ljava/util/regex/Pattern$CharPredicate; 1 <appendix> member <vmtarget> ; # java/util/regex/Pattern$$Lambda+0x00000001001a9a40
instanceKlass org/languagetool/rules/spelling/multitoken/MultitokenSpeller
instanceKlass java/util/concurrent/atomic/AtomicBoolean
instanceKlass org/languagetool/synthesis/Synthesizer
instanceKlass org/languagetool/rules/Rule
instanceKlass org/languagetool/languagemodel/LanguageModel
instanceKlass org/languagetool/Premium
instanceKlass java/util/regex/Matcher$ImmutableMatchResult
instanceKlass java/text/DigitList
instanceKlass java/text/FieldPosition
instanceKlass  @bci sun/util/locale/provider/JRELocaleProviderAdapter getDecimalFormatSymbolsProvider ()Ljava/text/spi/DecimalFormatSymbolsProvider; 8 <appendix> member <vmtarget> ; # sun/util/locale/provider/JRELocaleProviderAdapter$$Lambda+0x00000001001a7120
instanceKlass java/text/DecimalFormatSymbols
instanceKlass sun/util/resources/Bundles$2
instanceKlass sun/util/resources/Bundles$CacheKeyReference
instanceKlass  @bci java/util/ResourceBundle$ResourceBundleProviderHelper newResourceBundle (Ljava/lang/Class;)Ljava/util/ResourceBundle; 22 <appendix> member <vmtarget> ; # java/util/ResourceBundle$ResourceBundleProviderHelper$$Lambda+0x00000001001a5e28
instanceKlass java/util/ArrayList$SubList$1
instanceKlass  @bci sun/util/cldr/CLDRLocaleProviderAdapter applyAliases (Ljava/util/Locale;)Ljava/util/Locale; 4 <appendix> argL0 ; # sun/util/cldr/CLDRLocaleProviderAdapter$$Lambda+0x00000001001a4fc0
instanceKlass sun/util/resources/LocaleData$LocaleDataResourceBundleProvider
instanceKlass java/util/spi/ResourceBundleProvider
instanceKlass sun/util/resources/Bundles$CacheKey
instanceKlass sun/util/resources/Bundles
instanceKlass sun/util/resources/LocaleData$LocaleDataStrategy
instanceKlass sun/util/resources/Bundles$Strategy
instanceKlass sun/util/resources/LocaleData$1
instanceKlass sun/util/resources/LocaleData
instanceKlass sun/util/locale/provider/LocaleResources
instanceKlass java/util/Locale$Builder
instanceKlass sun/util/locale/provider/CalendarDataUtility
instanceKlass sun/util/locale/provider/AvailableLanguageTags
instanceKlass  @bci sun/util/locale/provider/JRELocaleProviderAdapter getNumberFormatProvider ()Ljava/text/spi/NumberFormatProvider; 8 <appendix> member <vmtarget> ; # sun/util/locale/provider/JRELocaleProviderAdapter$$Lambda+0x00000001001a2c80
instanceKlass sun/util/resources/cldr/provider/CLDRLocaleDataMetaInfo
instanceKlass java/util/concurrent/CopyOnWriteArrayList$COWIterator
instanceKlass  @bci sun/util/cldr/CLDRLocaleProviderAdapter <init> ()V 4 <appendix> argL0 ; # sun/util/cldr/CLDRLocaleProviderAdapter$$Lambda+0x00000001001a27c8
instanceKlass sun/util/locale/InternalLocaleBuilder$CaseInsensitiveChar
instanceKlass sun/util/locale/InternalLocaleBuilder
instanceKlass sun/util/locale/StringTokenIterator
instanceKlass sun/util/locale/ParseStatus
instanceKlass sun/util/locale/LanguageTag
instanceKlass sun/util/cldr/CLDRBaseLocaleDataMetaInfo
instanceKlass sun/util/locale/provider/LocaleDataMetaInfo
instanceKlass sun/util/locale/provider/ResourceBundleBasedAdapter
instanceKlass sun/util/locale/provider/LocaleProviderAdapter
instanceKlass java/util/spi/LocaleServiceProvider
instanceKlass java/text/Format
instanceKlass java/util/Scanner$PatternLRUCache
instanceKlass  @bci java/util/regex/Pattern and (Ljava/util/regex/Pattern$CharPredicate;Ljava/util/regex/Pattern$CharPredicate;Z)Ljava/util/regex/Pattern$CharPredicate; 14 <appendix> member <vmtarget> ; # java/util/regex/Pattern$$Lambda+0x000000010019fbb8
instanceKlass  @bci java/util/regex/CharPredicates forProperty (Ljava/lang/String;Z)Ljava/util/regex/Pattern$CharPredicate; 2625 <appendix> argL0 ; # java/util/regex/CharPredicates$$Lambda+0x000000010019f958
instanceKlass  @bci java/util/regex/Pattern ALL ()Ljava/util/regex/Pattern$CharPredicate; 0 <appendix> argL0 ; # java/util/regex/Pattern$$Lambda+0x000000010019f6f8
instanceKlass  @bci java/util/regex/CharPredicates forProperty (Ljava/lang/String;Z)Ljava/util/regex/Pattern$CharPredicate; 2705 <appendix> argL0 ; # java/util/regex/CharPredicates$$Lambda+0x000000010019f498
instanceKlass java/util/Scanner
instanceKlass org/languagetool/tools/MultiKeyProperties
instanceKlass  @bci java/util/regex/Pattern union (Ljava/util/regex/Pattern$CharPredicate;Ljava/util/regex/Pattern$CharPredicate;Z)Ljava/util/regex/Pattern$CharPredicate; 14 <appendix> member <vmtarget> ; # java/util/regex/Pattern$$Lambda+0x000000010019efb8
instanceKlass  @bci java/util/regex/CharPredicates category (I)Ljava/util/regex/Pattern$CharPredicate; 1 <appendix> member <vmtarget> ; # java/util/regex/CharPredicates$$Lambda+0x000000010019ed58
instanceKlass org/languagetool/tokenizers/WordTokenizer
instanceKlass net/loomchild/segment/srx/LanguageMap
instanceKlass net/loomchild/segment/srx/Rule
instanceKlass net/loomchild/segment/srx/LanguageRule
instanceKlass com/sun/org/apache/xerces/internal/impl/xs/AttributePSVImpl
instanceKlass com/sun/org/apache/xerces/internal/xs/AttributePSVI
instanceKlass com/sun/org/apache/xerces/internal/impl/Constants$ArrayEnumeration
instanceKlass com/sun/org/apache/xerces/internal/impl/Constants
instanceKlass com/sun/org/apache/xerces/internal/parsers/AbstractSAXParser$LocatorProxy
instanceKlass org/xml/sax/ext/Locator2
instanceKlass org/xml/sax/Locator
instanceKlass com/sun/org/apache/xerces/internal/util/EntityResolverWrapper
instanceKlass org/xml/sax/ext/EntityResolver2
instanceKlass org/xml/sax/InputSource
instanceKlass net/loomchild/segment/srx/SrxDocumentCache
instanceKlass net/loomchild/segment/srx/SrxDocument
instanceKlass com/sun/org/apache/xerces/internal/jaxp/SchemaValidatorConfiguration
instanceKlass com/sun/org/apache/xerces/internal/jaxp/UnparsedEntityHandler
instanceKlass com/sun/org/apache/xerces/internal/impl/validation/EntityState
instanceKlass com/sun/org/apache/xerces/internal/impl/xs/XMLSchemaValidator$LocalIDKey
instanceKlass com/sun/org/apache/xerces/internal/impl/xs/XMLSchemaValidator$ValueStoreCache
instanceKlass com/sun/org/apache/xerces/internal/impl/xs/identity/XPathMatcher
instanceKlass com/sun/org/apache/xerces/internal/impl/xs/XMLSchemaValidator$XPathMatcherStack
instanceKlass com/sun/org/apache/xerces/internal/impl/xs/XSNotationDecl
instanceKlass com/sun/org/apache/xerces/internal/xs/XSNotationDeclaration
instanceKlass com/sun/org/apache/xerces/internal/impl/xs/XMLSchemaValidator$XSIErrorReporter
instanceKlass com/sun/org/apache/xerces/internal/impl/xs/ElementPSVImpl
instanceKlass com/sun/org/apache/xerces/internal/xs/ElementPSVI
instanceKlass com/sun/org/apache/xerces/internal/xs/ItemPSVI
instanceKlass com/sun/org/apache/xerces/internal/impl/xs/XMLSchemaValidator
instanceKlass com/sun/org/apache/xerces/internal/impl/xs/identity/FieldActivator
instanceKlass com/sun/org/apache/xerces/internal/parsers/AbstractSAXParser$AttributesProxy
instanceKlass org/xml/sax/ext/Attributes2
instanceKlass org/xml/sax/Attributes
instanceKlass org/xml/sax/AttributeList
instanceKlass com/sun/org/apache/xerces/internal/impl/dtd/DTDGrammarBucket
instanceKlass com/sun/org/apache/xerces/internal/impl/dtd/XMLAttributeDecl
instanceKlass com/sun/org/apache/xerces/internal/impl/dtd/XMLSimpleType
instanceKlass com/sun/org/apache/xerces/internal/impl/dtd/XMLElementDecl
instanceKlass com/sun/org/apache/xerces/internal/impl/dtd/XMLDTDValidator
instanceKlass com/sun/org/apache/xerces/internal/impl/RevalidationHandler
instanceKlass com/sun/org/apache/xerces/internal/impl/dtd/XMLDTDValidatorFilter
instanceKlass com/sun/org/apache/xerces/internal/xni/parser/XMLDocumentFilter
instanceKlass com/sun/org/apache/xerces/internal/impl/dtd/XMLEntityDecl
instanceKlass com/sun/org/apache/xerces/internal/impl/dtd/XMLDTDProcessor
instanceKlass com/sun/org/apache/xerces/internal/xni/parser/XMLDTDContentModelFilter
instanceKlass com/sun/org/apache/xerces/internal/xni/parser/XMLDTDFilter
instanceKlass com/sun/org/apache/xerces/internal/parsers/XML11Configurable
instanceKlass com/sun/org/apache/xerces/internal/parsers/XMLParser
instanceKlass org/xml/sax/XMLReader
instanceKlass org/xml/sax/Parser
instanceKlass javax/xml/parsers/SAXParser
instanceKlass com/sun/org/apache/xerces/internal/xs/PSVIProvider
instanceKlass com/sun/org/apache/xerces/internal/jaxp/JAXPConstants
instanceKlass javax/xml/validation/Schema
instanceKlass com/sun/org/apache/xerces/internal/jaxp/validation/XSGrammarPoolContainer
instanceKlass com/sun/org/apache/xerces/internal/impl/xs/models/XSDFACM$Occurence
instanceKlass com/sun/org/apache/xerces/internal/impl/dtd/models/CMStateSet
instanceKlass com/sun/org/apache/xerces/internal/impl/xs/models/XSDFACM
instanceKlass com/sun/org/apache/xerces/internal/impl/dtd/models/CMNode
instanceKlass com/sun/org/apache/xerces/internal/impl/dv/xs/XSSimpleTypeDecl$ValidationContextImpl
instanceKlass com/sun/org/apache/xerces/internal/impl/xs/traversers/XSDAbstractTraverser$FacetInfo
instanceKlass com/sun/org/apache/xerces/internal/xs/datatypes/XSQName
instanceKlass com/sun/org/apache/xerces/internal/impl/xs/XSConstraints$1
instanceKlass com/sun/org/apache/xerces/internal/impl/xs/XSConstraints
instanceKlass com/sun/org/apache/xerces/internal/impl/xs/util/XSObjectListImpl$EmptyIterator
instanceKlass com/sun/org/apache/xerces/internal/xs/XSObjectList
instanceKlass com/sun/org/apache/xerces/internal/impl/xs/XSAnnotationImpl
instanceKlass com/sun/org/apache/xerces/internal/xs/XSAnnotation
instanceKlass  @bci javax/xml/catalog/CatalogFeatures setProperties (Ljavax/xml/catalog/CatalogFeatures$Builder;)V 5 <appendix> member <vmtarget> ; # javax/xml/catalog/CatalogFeatures$$Lambda+0x000000010018f138
instanceKlass java/util/function/BiConsumer
instanceKlass  @bci org/bsplines/ltexls/parsing/latex/LatexAnnotatedTextBuilder processBackslash ()V 2325 <appendix> form vmentry <vmtarget> ; # java/lang/invoke/LambdaForm$MH+0x00000001001c0000
instanceKlass javax/xml/catalog/CatalogMessages
instanceKlass javax/xml/catalog/Util
instanceKlass javax/xml/catalog/CatalogFeatures$Builder
instanceKlass javax/xml/catalog/CatalogFeatures
instanceKlass com/sun/org/apache/xerces/internal/util/IntStack
instanceKlass com/sun/org/apache/xerces/internal/impl/xpath/regex/RegularExpression$ClosureContext
instanceKlass com/sun/org/apache/xerces/internal/impl/xpath/regex/RegularExpression$ExpressionTarget
instanceKlass com/sun/org/apache/xerces/internal/impl/xpath/regex/RegularExpression$Context
instanceKlass com/sun/org/apache/xerces/internal/impl/xpath/regex/Op
instanceKlass com/sun/org/apache/xerces/internal/impl/xs/opti/NamedNodeMapImpl
instanceKlass org/w3c/dom/NamedNodeMap
instanceKlass com/sun/org/apache/xerces/internal/impl/xs/identity/IdentityConstraint
instanceKlass com/sun/org/apache/xerces/internal/xs/XSIDCDefinition
instanceKlass com/sun/org/apache/xerces/internal/impl/xs/traversers/XSDAbstractParticleTraverser$ParticleArray
instanceKlass com/sun/org/apache/xerces/internal/impl/validation/ValidationState
instanceKlass com/sun/org/apache/xerces/internal/impl/xs/traversers/XSDAbstractTraverser
instanceKlass com/sun/org/apache/xerces/internal/impl/xs/traversers/Container
instanceKlass com/sun/org/apache/xerces/internal/impl/xs/traversers/OneAttr
instanceKlass com/sun/org/apache/xerces/internal/impl/xs/XSAttributeDecl
instanceKlass com/sun/org/apache/xerces/internal/xs/XSAttributeDeclaration
instanceKlass com/sun/org/apache/xerces/internal/impl/xs/XSGroupDecl
instanceKlass com/sun/org/apache/xerces/internal/xs/XSModelGroupDefinition
instanceKlass com/sun/org/apache/xerces/internal/impl/xs/XSAttributeUseImpl
instanceKlass com/sun/org/apache/xerces/internal/xs/XSAttributeUse
instanceKlass com/sun/org/apache/xerces/internal/impl/xs/XSAttributeGroupDecl
instanceKlass com/sun/org/apache/xerces/internal/xs/XSAttributeGroupDefinition
instanceKlass com/sun/org/apache/xerces/internal/impl/xs/XSModelGroupImpl
instanceKlass com/sun/org/apache/xerces/internal/xs/XSModelGroup
instanceKlass com/sun/org/apache/xerces/internal/impl/xs/XSWildcardDecl
instanceKlass com/sun/org/apache/xerces/internal/xs/XSWildcard
instanceKlass com/sun/org/apache/xerces/internal/impl/xs/XSComplexTypeDecl
instanceKlass com/sun/org/apache/xerces/internal/xs/XSComplexTypeDefinition
instanceKlass com/sun/org/apache/xerces/internal/impl/xs/SchemaGrammar
instanceKlass com/sun/org/apache/xerces/internal/xs/XSNamespaceItem
instanceKlass com/sun/org/apache/xerces/internal/xni/grammars/XSGrammar
instanceKlass com/sun/org/apache/xerces/internal/impl/xs/util/XInt
instanceKlass com/sun/org/apache/xerces/internal/impl/xs/util/XIntPool
instanceKlass com/sun/org/apache/xerces/internal/impl/xs/traversers/XSAttributeChecker
instanceKlass com/sun/org/apache/xerces/internal/impl/xs/traversers/XSDHandler$XSDKey
instanceKlass com/sun/org/apache/xerces/internal/util/DOMUtil
instanceKlass com/sun/org/apache/xerces/internal/util/NamespaceSupport$Prefixes
instanceKlass org/w3c/dom/Attr
instanceKlass com/sun/org/apache/xerces/internal/impl/xs/SchemaSymbols
instanceKlass com/sun/org/apache/xerces/internal/impl/xs/opti/DefaultNode
instanceKlass org/w3c/dom/Document
instanceKlass com/sun/org/apache/xerces/internal/util/XMLSymbols
instanceKlass com/sun/org/apache/xerces/internal/impl/ExternalSubsetResolver
instanceKlass com/sun/xml/internal/stream/util/BufferAllocator
instanceKlass com/sun/xml/internal/stream/util/ThreadLocalBufferAllocator
instanceKlass com/sun/xml/internal/stream/Entity
instanceKlass com/sun/org/apache/xerces/internal/utils/XMLLimitAnalyzer
instanceKlass com/sun/org/apache/xerces/internal/xni/grammars/Grammar
instanceKlass  @bci com/sun/org/apache/xerces/internal/utils/ObjectFactory newInstance (Ljava/lang/String;Ljava/lang/ClassLoader;Z)Ljava/lang/Object; 26 <appendix> member <vmtarget> ; # com/sun/org/apache/xerces/internal/utils/ObjectFactory$$Lambda+0x000000010013c9e8
instanceKlass com/sun/org/apache/xerces/internal/impl/xpath/regex/Token
instanceKlass java/util/Collections$SynchronizedCollection
instanceKlass java/util/Properties$EntrySet
instanceKlass jdk/internal/foreign/MemorySessionImpl
instanceKlass java/lang/foreign/MemorySegment$Scope
instanceKlass  @bci java/util/ResourceBundle$ResourceBundleProviderHelper loadPropertyResourceBundle (Ljava/lang/Module;Ljava/lang/Module;Ljava/lang/String;Ljava/util/Locale;)Ljava/util/ResourceBundle; 14 <appendix> member <vmtarget> ; # java/util/ResourceBundle$ResourceBundleProviderHelper$$Lambda+0x0000000100139db8
instanceKlass sun/security/util/SecurityProperties
instanceKlass sun/security/util/FilePermCompat
instanceKlass  @bci java/util/ResourceBundle$ResourceBundleProviderHelper loadResourceBundle (Ljava/lang/Module;Ljava/lang/Module;Ljava/lang/String;Ljava/util/Locale;)Ljava/util/ResourceBundle; 13 <appendix> member <vmtarget> ; # java/util/ResourceBundle$ResourceBundleProviderHelper$$Lambda+0x0000000100139140
instanceKlass java/util/ResourceBundle$ResourceBundleProviderHelper
instanceKlass java/util/ResourceBundle$3
instanceKlass java/util/ResourceBundle$CacheKeyReference
instanceKlass java/util/ResourceBundle$CacheKey
instanceKlass  @bci java/util/ResourceBundle getLoader (Ljava/lang/Module;)Ljava/lang/ClassLoader; 6 <appendix> member <vmtarget> ; # java/util/ResourceBundle$$Lambda+0x0000000100138458
instanceKlass java/util/ResourceBundle$Control
instanceKlass java/util/ResourceBundle$1
instanceKlass jdk/internal/access/JavaUtilResourceBundleAccess
instanceKlass  @bci jdk/xml/internal/SecuritySupport getResourceBundle (Ljava/lang/String;Ljava/util/Locale;)Ljava/util/ResourceBundle; 2 <appendix> member <vmtarget> ; # jdk/xml/internal/SecuritySupport$$Lambda+0x00000001001376f0
instanceKlass com/sun/org/apache/xerces/internal/impl/xpath/regex/RegexParser
instanceKlass com/sun/org/apache/xerces/internal/impl/xpath/regex/REUtil
instanceKlass com/sun/org/apache/xerces/internal/impl/xpath/regex/RegularExpression
instanceKlass com/sun/org/apache/xerces/internal/impl/dv/xs/DecimalDV$XDecimal
instanceKlass com/sun/org/apache/xerces/internal/xs/datatypes/XSDecimal
instanceKlass com/sun/org/apache/xerces/internal/util/XMLChar
instanceKlass com/sun/org/apache/xerces/internal/impl/dv/ValidatedInfo
instanceKlass com/sun/org/apache/xerces/internal/xs/XSValue
instanceKlass com/sun/org/apache/xerces/internal/impl/dv/XSFacets
instanceKlass com/sun/org/apache/xerces/internal/impl/dv/xs/XSSimpleTypeDecl$4
instanceKlass com/sun/org/apache/xerces/internal/impl/dv/xs/XSSimpleTypeDecl$1
instanceKlass com/sun/org/apache/xerces/internal/impl/dv/ValidationContext
instanceKlass com/sun/org/apache/xerces/internal/util/URI
instanceKlass com/sun/org/apache/xerces/internal/impl/dv/xs/AbstractDateTimeDV$DateTimeData
instanceKlass com/sun/org/apache/xerces/internal/xs/datatypes/XSDateTime
instanceKlass javax/xml/datatype/DatatypeFactory
instanceKlass com/sun/org/apache/xerces/internal/impl/dv/xs/TypeValidator
instanceKlass com/sun/org/apache/xerces/internal/impl/dv/xs/XSSimpleTypeDecl
instanceKlass org/w3c/dom/TypeInfo
instanceKlass com/sun/org/apache/xerces/internal/impl/dv/XSSimpleType
instanceKlass com/sun/org/apache/xerces/internal/xs/XSSimpleTypeDefinition
instanceKlass com/sun/org/apache/xerces/internal/xs/XSTypeDefinition
instanceKlass  @bci jdk/xml/internal/SecuritySupport getParentClassLoader (Ljava/lang/ClassLoader;)Ljava/lang/ClassLoader; 1 <appendix> member <vmtarget> ; # jdk/xml/internal/SecuritySupport$$Lambda+0x000000010012dca8
instanceKlass  @bci jdk/xml/internal/SecuritySupport getSystemClassLoader ()Ljava/lang/ClassLoader; 0 <appendix> argL0 ; # jdk/xml/internal/SecuritySupport$$Lambda+0x000000010012da88
instanceKlass com/sun/org/apache/xerces/internal/utils/ObjectFactory
instanceKlass com/sun/org/apache/xerces/internal/impl/dv/SchemaDVFactory
instanceKlass com/sun/org/apache/xerces/internal/xni/parser/XMLInputSource
instanceKlass com/sun/org/apache/xerces/internal/util/XMLGrammarPoolImpl$Entry
instanceKlass com/sun/org/apache/xerces/internal/util/XMLGrammarPoolImpl
instanceKlass  @bci javax/xml/validation/SchemaFactoryFinder newFactory (Ljava/lang/String;)Ljavax/xml/validation/SchemaFactory; 24 <appendix> member <vmtarget> ; # javax/xml/validation/SchemaFactoryFinder$$Lambda+0x000000010012c640
instanceKlass jdk/xml/internal/JdkXmlFeatures
instanceKlass com/sun/org/apache/xerces/internal/utils/XMLSecurityPropertyManager
instanceKlass com/sun/org/apache/xerces/internal/jaxp/validation/XMLSchemaFactory$XMLGrammarPoolWrapper
instanceKlass com/sun/org/apache/xerces/internal/xni/grammars/XMLGrammarPool
instanceKlass com/sun/org/apache/xerces/internal/util/DOMEntityResolverWrapper
instanceKlass com/sun/org/apache/xerces/internal/jaxp/validation/DraconianErrorHandler
instanceKlass com/sun/org/apache/xerces/internal/util/ErrorHandlerWrapper
instanceKlass com/sun/org/apache/xerces/internal/impl/xs/opti/SchemaDOMParser$BooleanStack
instanceKlass com/sun/org/apache/xerces/internal/impl/msg/XMLMessageFormatter
instanceKlass com/sun/org/apache/xerces/internal/impl/XMLVersionDetector
instanceKlass com/sun/org/apache/xerces/internal/impl/validation/ValidationManager
instanceKlass com/sun/org/apache/xerces/internal/impl/dv/dtd/NMTOKENDatatypeValidator
instanceKlass com/sun/org/apache/xerces/internal/impl/dv/dtd/NOTATIONDatatypeValidator
instanceKlass com/sun/org/apache/xerces/internal/impl/dv/dtd/ENTITYDatatypeValidator
instanceKlass com/sun/org/apache/xerces/internal/impl/dv/dtd/ListDatatypeValidator
instanceKlass com/sun/org/apache/xerces/internal/impl/dv/dtd/IDREFDatatypeValidator
instanceKlass com/sun/org/apache/xerces/internal/impl/dv/dtd/IDDatatypeValidator
instanceKlass com/sun/org/apache/xerces/internal/impl/dv/dtd/StringDatatypeValidator
instanceKlass com/sun/org/apache/xerces/internal/impl/dv/DatatypeValidator
instanceKlass com/sun/org/apache/xerces/internal/impl/dv/DTDDVFactory
instanceKlass com/sun/org/apache/xerces/internal/xni/parser/XMLDTDScanner
instanceKlass com/sun/org/apache/xerces/internal/xni/parser/XMLDTDContentModelSource
instanceKlass com/sun/org/apache/xerces/internal/xni/parser/XMLDTDSource
instanceKlass com/sun/org/apache/xerces/internal/xni/grammars/XMLDTDDescription
instanceKlass com/sun/org/apache/xerces/internal/impl/XMLDocumentScannerImpl$TrailingMiscDriver
instanceKlass com/sun/org/apache/xerces/internal/impl/XMLDocumentScannerImpl$PrologDriver
instanceKlass com/sun/org/apache/xerces/internal/impl/XMLDocumentScannerImpl$XMLDeclDriver
instanceKlass com/sun/org/apache/xerces/internal/util/NamespaceSupport
instanceKlass com/sun/org/apache/xerces/internal/xni/NamespaceContext
instanceKlass com/sun/org/apache/xerces/internal/util/XMLAttributesImpl$Attribute
instanceKlass com/sun/org/apache/xerces/internal/util/XMLAttributesImpl
instanceKlass com/sun/org/apache/xerces/internal/xni/XMLAttributes
instanceKlass com/sun/org/apache/xerces/internal/impl/XMLDocumentFragmentScannerImpl$FragmentContentDriver
instanceKlass com/sun/org/apache/xerces/internal/impl/XMLDocumentFragmentScannerImpl$Driver
instanceKlass com/sun/org/apache/xerces/internal/impl/XMLDocumentFragmentScannerImpl$ElementStack2
instanceKlass com/sun/org/apache/xerces/internal/xni/QName
instanceKlass com/sun/org/apache/xerces/internal/impl/XMLDocumentFragmentScannerImpl$ElementStack
instanceKlass com/sun/org/apache/xerces/internal/xni/XMLString
instanceKlass com/sun/org/apache/xerces/internal/impl/XMLScanner
instanceKlass com/sun/xml/internal/stream/XMLBufferListener
instanceKlass com/sun/org/apache/xerces/internal/impl/XMLEntityHandler
instanceKlass com/sun/org/apache/xerces/internal/xni/parser/XMLDocumentScanner
instanceKlass com/sun/org/apache/xerces/internal/xni/parser/XMLDocumentSource
instanceKlass com/sun/org/apache/xerces/internal/xni/parser/XMLPullParserConfiguration
instanceKlass com/sun/org/apache/xerces/internal/xni/parser/XMLParserConfiguration
instanceKlass com/sun/org/apache/xerces/internal/impl/xs/opti/DefaultXMLDocumentHandler
instanceKlass com/sun/org/apache/xerces/internal/xni/XMLDTDContentModelHandler
instanceKlass com/sun/org/apache/xerces/internal/xni/XMLDTDHandler
instanceKlass com/sun/org/apache/xerces/internal/xni/XMLDocumentHandler
instanceKlass com/sun/org/apache/xerces/internal/impl/xs/util/SimpleLocator
instanceKlass com/sun/org/apache/xerces/internal/util/SymbolHash$Entry
instanceKlass com/sun/org/apache/xerces/internal/util/SymbolHash
instanceKlass com/sun/org/apache/xerces/internal/impl/xs/traversers/XSDocumentInfo
instanceKlass org/w3c/dom/Element
instanceKlass org/w3c/dom/Node
instanceKlass com/sun/org/apache/xerces/internal/impl/xs/XSParticleDecl
instanceKlass com/sun/org/apache/xerces/internal/xs/XSParticle
instanceKlass com/sun/org/apache/xerces/internal/impl/xs/traversers/XSDHandler
instanceKlass com/sun/org/apache/xerces/internal/impl/xs/models/XSEmptyCM
instanceKlass com/sun/org/apache/xerces/internal/impl/xs/models/XSCMValidator
instanceKlass com/sun/org/apache/xerces/internal/impl/xs/models/CMBuilder
instanceKlass com/sun/org/apache/xerces/internal/impl/xs/SubstitutionGroupHandler$OneSubGroup
instanceKlass com/sun/org/apache/xerces/internal/impl/xs/XSElementDecl
instanceKlass com/sun/org/apache/xerces/internal/xs/XSElementDeclaration
instanceKlass com/sun/org/apache/xerces/internal/xs/XSTerm
instanceKlass com/sun/org/apache/xerces/internal/xs/XSObject
instanceKlass com/sun/org/apache/xerces/internal/impl/xs/SubstitutionGroupHandler
instanceKlass com/sun/org/apache/xerces/internal/impl/xs/XSGrammarBucket
instanceKlass com/sun/org/apache/xerces/internal/util/FeatureState
instanceKlass com/sun/org/apache/xerces/internal/impl/xs/XSMessageFormatter
instanceKlass com/sun/org/apache/xerces/internal/util/MessageFormatter
instanceKlass com/sun/org/apache/xerces/internal/util/DefaultErrorHandler
instanceKlass com/sun/org/apache/xerces/internal/xni/parser/XMLErrorHandler
instanceKlass com/sun/org/apache/xerces/internal/util/PropertyState
instanceKlass com/sun/org/apache/xerces/internal/xni/grammars/XMLSchemaDescription
instanceKlass com/sun/org/apache/xerces/internal/xni/grammars/XMLGrammarDescription
instanceKlass com/sun/org/apache/xerces/internal/impl/xs/models/CMNodeFactory
instanceKlass com/sun/org/apache/xerces/internal/impl/XMLErrorReporter
instanceKlass com/sun/org/apache/xerces/internal/util/ParserConfigurationSettings
instanceKlass com/sun/org/apache/xerces/internal/xni/parser/XMLComponentManager
instanceKlass com/sun/org/apache/xerces/internal/impl/XMLEntityScanner
instanceKlass com/sun/org/apache/xerces/internal/xni/XMLLocator
instanceKlass com/sun/xml/internal/stream/XMLEntityStorage
instanceKlass com/sun/org/apache/xerces/internal/utils/XMLSecurityManager
instanceKlass com/sun/org/apache/xerces/internal/util/AugmentationsImpl$AugmentationsItemsContainer
instanceKlass com/sun/org/apache/xerces/internal/util/AugmentationsImpl
instanceKlass com/sun/org/apache/xerces/internal/xni/Augmentations
instanceKlass com/sun/org/apache/xerces/internal/util/XMLResourceIdentifierImpl
instanceKlass com/sun/org/apache/xerces/internal/xni/XMLResourceIdentifier
instanceKlass jdk/xml/internal/JdkConstants
instanceKlass com/sun/org/apache/xerces/internal/impl/XMLEntityManager
instanceKlass com/sun/org/apache/xerces/internal/xni/parser/XMLEntityResolver
instanceKlass com/sun/org/apache/xerces/internal/util/SymbolTable$Entry
instanceKlass com/sun/org/apache/xerces/internal/util/SymbolTable
instanceKlass jdk/xml/internal/JdkXmlUtils
instanceKlass com/sun/org/apache/xerces/internal/impl/xs/XMLSchemaLoader
instanceKlass org/w3c/dom/DOMConfiguration
instanceKlass com/sun/org/apache/xerces/internal/xs/XSLoader
instanceKlass com/sun/org/apache/xerces/internal/impl/xs/XSElementDeclHelper
instanceKlass com/sun/org/apache/xerces/internal/xni/parser/XMLComponent
instanceKlass com/sun/org/apache/xerces/internal/xni/grammars/XMLGrammarLoader
instanceKlass  @bci javax/xml/validation/SchemaFactoryFinder _newFactory (Ljava/lang/String;)Ljavax/xml/validation/SchemaFactory; 137 <appendix> argL0 ; # javax/xml/validation/SchemaFactoryFinder$$Lambda+0x0000000100174800
instanceKlass javax/xml/validation/SchemaFactoryFinder$2
instanceKlass  @bci javax/xml/validation/SchemaFactoryFinder _newFactory (Ljava/lang/String;)Ljavax/xml/validation/SchemaFactory; 56 <appendix> argL0 ; # javax/xml/validation/SchemaFactoryFinder$$Lambda+0x00000001001743a8
instanceKlass  @bci javax/xml/validation/SchemaFactoryFinder _newFactory (Ljava/lang/String;)Ljavax/xml/validation/SchemaFactory; 14 <appendix> member <vmtarget> ; # javax/xml/validation/SchemaFactoryFinder$$Lambda+0x0000000100174180
instanceKlass  @bci org/languagetool/JLanguageTool$TextCheckCallable getOtherRuleMatches (Ljava/util/Set;)Lorg/languagetool/CheckResults; 903 <appendix> form vmentry <vmtarget> ; # java/lang/invoke/LambdaForm$MH+0x000000010011b400
instanceKlass java/lang/invoke/LambdaFormEditor$1
instanceKlass  @bci org/languagetool/JLanguageTool$TextCheckCallable getOtherRuleMatches (Ljava/util/Set;)Lorg/languagetool/CheckResults; 903 <appendix> argL3 form vmentry <vmtarget> ; # java/lang/invoke/LambdaForm$MH+0x000000010011ac00
instanceKlass java/lang/invoke/MethodHandles$1
instanceKlass  @bci com/vladsch/flexmark/ast/util/Parsing lambda$new$2 (Lcom/vladsch/flexmark/ast/util/Parsing$PatternTypeFlags;)Ljava/util/regex/Pattern; 71 <appendix> argL3 argL2 form vmentry <vmtarget> ; # java/lang/invoke/LambdaForm$MH+0x000000010011a800
instanceKlass  @bci org/languagetool/JLanguageTool$TextCheckCallable getOtherRuleMatches (Ljava/util/Set;)Lorg/languagetool/CheckResults; 706 <appendix> argL1 argL1 form vmentry <vmtarget> ; # java/lang/invoke/LambdaForm$MH+0x0000000100119800
instanceKlass  @bci com/vladsch/flexmark/util/sequence/Escaping <clinit> ()V 23 <appendix> argL1 form vmentry <vmtarget> ; # java/lang/invoke/LambdaForm$MH+0x0000000100119000
# instanceKlass java/lang/invoke/LambdaForm$MH+0x0000000100118c00
# instanceKlass java/lang/invoke/LambdaForm$MH+0x0000000100118800
instanceKlass javax/xml/validation/SchemaFactoryFinder
instanceKlass javax/xml/validation/SchemaFactory
instanceKlass javax/xml/transform/stream/StreamSource
instanceKlass  @bci javax/xml/parsers/FactoryFinder newInstance (Ljava/lang/Class;Ljava/lang/String;Ljava/lang/ClassLoader;ZZ)Ljava/lang/Object; 104 <appendix> member <vmtarget> ; # javax/xml/parsers/FactoryFinder$$Lambda+0x00000001001715e8
instanceKlass  @bci jdk/xml/internal/SecuritySupport getContextClassLoader ()Ljava/lang/ClassLoader; 0 <appendix> argL0 ; # jdk/xml/internal/SecuritySupport$$Lambda+0x0000000100171160
instanceKlass  @bci javax/xml/parsers/FactoryFinder find (Ljava/lang/Class;Ljava/lang/String;)Ljava/lang/Object; 104 <appendix> member <vmtarget> ; # javax/xml/parsers/FactoryFinder$$Lambda+0x0000000100170f38
instanceKlass javax/xml/parsers/FactoryFinder$1
instanceKlass  @bci jdk/xml/internal/SecuritySupport getFileInputStream (Ljava/io/File;)Ljava/io/FileInputStream; 1 <appendix> member <vmtarget> ; # jdk/xml/internal/SecuritySupport$$Lambda+0x0000000100170ae0
instanceKlass  @bci jdk/xml/internal/SecuritySupport doesFileExist (Ljava/io/File;)Z 1 <appendix> member <vmtarget> ; # jdk/xml/internal/SecuritySupport$$Lambda+0x00000001001708b8
instanceKlass  @bci javax/xml/parsers/FactoryFinder find (Ljava/lang/Class;Ljava/lang/String;)Ljava/lang/Object; 6 <appendix> member <vmtarget> ; # javax/xml/parsers/FactoryFinder$$Lambda+0x0000000100170690
instanceKlass  @bci jdk/xml/internal/SecuritySupport getSystemProperty (Ljava/lang/String;)Ljava/lang/String; 1 <appendix> member <vmtarget> ; # jdk/xml/internal/SecuritySupport$$Lambda+0x0000000100170468
instanceKlass jdk/xml/internal/SecuritySupport
instanceKlass javax/xml/parsers/FactoryFinder
instanceKlass javax/xml/parsers/SAXParserFactory
instanceKlass javax/xml/transform/Source
instanceKlass javax/xml/transform/Result
instanceKlass javax/xml/transform/ErrorListener
instanceKlass net/loomchild/segment/util/Util
instanceKlass org/apache/commons/logging/impl/Slf4jLogFactory$Slf4jLog
instanceKlass org/slf4j/spi/LocationAwareLogger
instanceKlass  @bci org/apache/commons/logging/impl/Slf4jLogFactory getInstance (Ljava/lang/String;)Lorg/apache/commons/logging/Log; 5 <appendix> argL0 ; # org/apache/commons/logging/impl/Slf4jLogFactory$$Lambda+0x0000000100117d28
instanceKlass  @bci org/apache/commons/logging/LogFactory newStandardFactory (Ljava/lang/ClassLoader;)Lorg/apache/commons/logging/LogFactory; 154 <appendix> argL0 ; # org/apache/commons/logging/LogFactory$$Lambda+0x0000000100117b08
instanceKlass org/slf4j/helpers/BasicMarker
instanceKlass org/slf4j/MarkerFactory
instanceKlass org/apache/commons/logging/Log
instanceKlass  @bci org/apache/commons/logging/LogFactory newStandardFactory (Ljava/lang/ClassLoader;)Lorg/apache/commons/logging/LogFactory; 106 <appendix> argL0 ; # org/apache/commons/logging/LogFactory$$Lambda+0x0000000100116fe8
instanceKlass  @bci org/apache/commons/logging/LogFactory isClassAvailable (Ljava/lang/String;Ljava/lang/ClassLoader;)Z 23 <appendix> member <vmtarget> ; # org/apache/commons/logging/LogFactory$$Lambda+0x0000000100116b78
instanceKlass  @bci org/apache/commons/logging/LogFactory isClassAvailable (Ljava/lang/String;Ljava/lang/ClassLoader;)Z 2 <appendix> member <vmtarget> ; # org/apache/commons/logging/LogFactory$$Lambda+0x0000000100116950
instanceKlass  @bci org/apache/commons/logging/LogFactory getFactory ()Lorg/apache/commons/logging/LogFactory; 240 <appendix> argL0 ; # org/apache/commons/logging/LogFactory$$Lambda+0x0000000100116730
instanceKlass  @bci org/apache/commons/logging/LogFactory getFactory ()Lorg/apache/commons/logging/LogFactory; 196 <appendix> argL0 ; # org/apache/commons/logging/LogFactory$$Lambda+0x0000000100116510
instanceKlass  @bci org/apache/commons/logging/LogFactory getResources (Ljava/lang/ClassLoader;Ljava/lang/String;)Ljava/util/Enumeration; 2 <appendix> member <vmtarget> ; # org/apache/commons/logging/LogFactory$$Lambda+0x00000001001162e8
instanceKlass org/apache/commons/logging/impl/WeakHashtable$Referenced
instanceKlass  @bci org/apache/commons/logging/LogFactory getContextClassLoaderInternal ()Ljava/lang/ClassLoader; 0 <appendix> argL0 ; # org/apache/commons/logging/LogFactory$$Lambda+0x0000000100115c68
instanceKlass  @bci org/apache/commons/logging/LogFactory getSystemProperty (Ljava/lang/String;Ljava/lang/String;)Ljava/lang/String; 2 <appendix> member <vmtarget> ; # org/apache/commons/logging/LogFactory$$Lambda+0x0000000100115668
instanceKlass  @cpi org/languagetool/rules/de/GermanSpellerRule 13693 form vmentry <vmtarget> ; # java/lang/invoke/LambdaForm$DMH+0x0000000100118000
instanceKlass org/apache/commons/logging/LogFactory
instanceKlass org/xml/sax/helpers/DefaultHandler
instanceKlass org/xml/sax/ErrorHandler
instanceKlass org/xml/sax/ContentHandler
instanceKlass org/xml/sax/DTDHandler
instanceKlass org/xml/sax/EntityResolver
instanceKlass net/loomchild/segment/srx/io/Srx2SaxParser
instanceKlass org/languagetool/broker/DefaultClassBroker
instanceKlass java/time/LocalTime$1
instanceKlass java/time/format/DateTimeFormatterBuilder$2
instanceKlass java/time/LocalDate$1
instanceKlass java/time/OffsetDateTime$1
instanceKlass java/time/format/DateTimePrintContext
instanceKlass java/time/temporal/TemporalQueries$7
instanceKlass java/time/temporal/TemporalQueries$6
instanceKlass java/time/temporal/TemporalQueries$5
instanceKlass java/time/temporal/TemporalQueries$4
instanceKlass java/time/temporal/TemporalQueries$3
instanceKlass java/time/temporal/TemporalQueries$2
instanceKlass java/time/temporal/TemporalQueries$1
instanceKlass java/time/temporal/TemporalQueries
instanceKlass java/time/format/Parsed
instanceKlass java/time/format/DateTimeParseContext
instanceKlass java/text/ParsePosition
instanceKlass  @bci java/time/OffsetDateTime parse (Ljava/lang/CharSequence;Ljava/time/format/DateTimeFormatter;)Ljava/time/OffsetDateTime; 9 <appendix> argL0 ; # java/time/OffsetDateTime$$Lambda+0x000000010016bca0
instanceKlass org/languagetool/broker/DefaultResourceDataBroker
instanceKlass org/languagetool/broker/ClassBroker
instanceKlass org/languagetool/broker/ResourceDataBroker
instanceKlass org/languagetool/JLanguageTool
instanceKlass net/loomchild/segment/srx/SrxParser
instanceKlass net/loomchild/segment/TextIterator
instanceKlass org/languagetool/tokenizers/SrxTools
instanceKlass org/languagetool/rules/patterns/UnifierConfiguration
instanceKlass org/languagetool/tokenizers/SRXSentenceTokenizer
instanceKlass org/languagetool/tagging/xx/DemoTagger
instanceKlass org/languagetool/tagging/disambiguation/AbstractDisambiguator
instanceKlass org/slf4j/spi/LoggingEventBuilder
instanceKlass org/slf4j/helpers/NamedLoggerBase
instanceKlass org/slf4j/helpers/Reporter
instanceKlass java/util/ServiceLoader$ProviderImpl
instanceKlass java/util/ServiceLoader$Provider
instanceKlass java/util/ServiceLoader$1
instanceKlass org/slf4j/nop/NOPServiceProvider
instanceKlass java/nio/charset/CoderResult
instanceKlass jdk/internal/loader/URLClassPath$1
instanceKlass java/lang/CompoundEnumeration
instanceKlass jdk/internal/loader/BuiltinClassLoader$1
instanceKlass java/util/Collections$EmptyEnumeration
instanceKlass java/util/ServiceLoader$3
instanceKlass java/util/ServiceLoader$2
instanceKlass java/util/ServiceLoader$LazyClassPathLookupIterator
instanceKlass java/util/Spliterators$1Adapter
instanceKlass java/util/EnumMap$1
instanceKlass java/util/stream/StreamOpFlag$MaskBuilder
instanceKlass java/util/stream/PipelineHelper
instanceKlass java/util/stream/StreamSupport
instanceKlass java/util/Spliterator$OfDouble
instanceKlass java/util/Spliterator$OfLong
instanceKlass java/util/Spliterator$OfInt
instanceKlass java/util/Spliterator$OfPrimitive
instanceKlass java/util/Spliterators$EmptySpliterator
instanceKlass java/util/Spliterator
instanceKlass java/util/Spliterators
instanceKlass java/util/ServiceLoader$ModuleServicesLookupIterator
instanceKlass java/util/ServiceLoader
instanceKlass org/slf4j/helpers/Util
instanceKlass org/slf4j/helpers/NOPMDCAdapter
instanceKlass org/slf4j/helpers/NOPLoggerFactory
instanceKlass org/slf4j/helpers/NOP_FallbackServiceProvider
instanceKlass org/slf4j/helpers/ThreadLocalMapOfStacks
instanceKlass org/slf4j/helpers/BasicMDCAdapter
instanceKlass org/slf4j/Marker
instanceKlass org/slf4j/helpers/BasicMarkerFactory
instanceKlass java/util/concurrent/LinkedBlockingQueue$Node
instanceKlass org/slf4j/Logger
instanceKlass org/slf4j/helpers/SubstituteLoggerFactory
instanceKlass org/slf4j/ILoggerFactory
instanceKlass org/slf4j/spi/MDCAdapter
instanceKlass org/slf4j/IMarkerFactory
instanceKlass org/slf4j/helpers/SubstituteServiceProvider
instanceKlass org/slf4j/event/LoggingEvent
instanceKlass org/slf4j/spi/SLF4JServiceProvider
instanceKlass org/slf4j/LoggerFactory
instanceKlass org/languagetool/chunking/Chunker
instanceKlass org/languagetool/tokenizers/SentenceTokenizer
instanceKlass org/languagetool/tokenizers/Tokenizer
instanceKlass org/languagetool/tagging/Tagger
instanceKlass org/languagetool/tagging/disambiguation/Disambiguator
instanceKlass org/languagetool/Language
instanceKlass org/languagetool/Languages
instanceKlass kotlin/collections/EmptyMap
instanceKlass kotlin/collections/EmptySet
instanceKlass org/bsplines/ltexls/languagetool/LanguageToolJavaInterface$Companion
instanceKlass org/bsplines/ltexls/languagetool/LanguageToolInterface
instanceKlass kotlin/text/Regex$Companion
instanceKlass kotlin/text/Regex
instanceKlass kotlin/collections/ArraysUtilJVM
instanceKlass kotlin/collections/CollectionsKt__CollectionsJVMKt
instanceKlass kotlin/Pair
instanceKlass kotlin/collections/MapsKt__MapWithDefaultKt
instanceKlass kotlin/collections/ArraysKt__ArraysJVMKt
instanceKlass kotlin/collections/SetsKt__SetsJVMKt
instanceKlass org/bsplines/ltexls/settings/Settings$Companion
instanceKlass org/bsplines/ltexls/settings/Settings
instanceKlass org/bsplines/ltexls/settings/SettingsManager$Companion
instanceKlass org/bsplines/ltexls/settings/SettingsManager
instanceKlass jdk/internal/vm/ThreadContainers
instanceKlass jdk/internal/vm/StackableScope
instanceKlass java/util/concurrent/Executors$DefaultThreadFactory
instanceKlass java/util/concurrent/RunnableScheduledFuture
instanceKlass java/util/concurrent/ScheduledFuture
instanceKlass java/util/concurrent/Delayed
instanceKlass java/util/concurrent/RunnableFuture
instanceKlass java/util/concurrent/Future
instanceKlass java/util/concurrent/BlockingQueue
instanceKlass java/util/concurrent/ThreadPoolExecutor$AbortPolicy
instanceKlass java/util/concurrent/RejectedExecutionHandler
instanceKlass java/util/concurrent/AbstractExecutorService
instanceKlass java/util/concurrent/Executors$DelegatedExecutorService
instanceKlass java/util/concurrent/ScheduledExecutorService
instanceKlass java/util/concurrent/ExecutorService
instanceKlass java/util/concurrent/Executor
instanceKlass java/util/concurrent/Executors
instanceKlass org/bsplines/ltexls/server/LtexLanguageServer$Companion
instanceKlass org/bsplines/ltexls/server/LtexLanguageServer
instanceKlass org/eclipse/lsp4j/services/LanguageClientAware
instanceKlass org/eclipse/lsp4j/services/LanguageServer
instanceKlass sun/security/util/ManifestEntryVerifier$SunProviderHolder
instanceKlass java/util/Base64$Encoder
instanceKlass java/util/Base64$Decoder
instanceKlass java/util/Base64
instanceKlass javax/crypto/SecretKey
instanceKlass sun/security/util/Length
instanceKlass sun/security/util/KeyUtil
instanceKlass java/security/interfaces/XECKey
instanceKlass java/security/interfaces/ECKey
instanceKlass sun/security/util/JarConstraintsParameters
instanceKlass sun/security/util/ConstraintsParameters
instanceKlass java/security/CodeSigner
instanceKlass java/security/Timestamp
instanceKlass sun/security/timestamp/TimestampToken
instanceKlass java/security/cert/CertPath
instanceKlass java/math/MutableBigInteger
instanceKlass sun/security/rsa/RSAPadding
instanceKlass sun/security/rsa/RSACore
instanceKlass java/security/interfaces/RSAPrivateCrtKey
instanceKlass sun/security/pkcs/PKCS8Key
instanceKlass sun/security/util/InternalPrivateKey
instanceKlass java/security/interfaces/RSAPrivateKey
instanceKlass java/security/PrivateKey
instanceKlass javax/security/auth/Destroyable
instanceKlass jdk/internal/icu/util/CodePointTrie$Data
instanceKlass jdk/internal/icu/util/CodePointMap
instanceKlass jdk/internal/icu/util/VersionInfo
instanceKlass  @bci jdk/internal/module/SystemModuleFinders$SystemModuleReader open (Ljava/lang/String;)Ljava/util/Optional; 6 <appendix> member <vmtarget> ; # jdk/internal/module/SystemModuleFinders$SystemModuleReader$$Lambda+0x0000000100156750
instanceKlass jdk/internal/icu/impl/ICUBinary$1
instanceKlass jdk/internal/icu/impl/ICUBinary
instanceKlass jdk/internal/icu/impl/NormalizerImpl$IsAcceptable
instanceKlass jdk/internal/icu/impl/ICUBinary$Authenticate
instanceKlass jdk/internal/icu/impl/NormalizerImpl
instanceKlass jdk/internal/icu/impl/Norm2AllModes$Norm2AllModesSingleton
instanceKlass jdk/internal/icu/impl/Norm2AllModes$NFKCSingleton
instanceKlass jdk/internal/icu/impl/Norm2AllModes
instanceKlass jdk/internal/icu/text/Normalizer2
instanceKlass jdk/internal/icu/text/NormalizerBase$ModeImpl
instanceKlass jdk/internal/icu/text/NormalizerBase$NFKDModeImpl
instanceKlass jdk/internal/icu/text/NormalizerBase$1
instanceKlass jdk/internal/icu/text/NormalizerBase$Mode
instanceKlass jdk/internal/icu/text/NormalizerBase
instanceKlass java/text/Normalizer
instanceKlass sun/security/x509/AVAKeyword
instanceKlass sun/security/jca/ServiceId
instanceKlass java/security/Signature$1
instanceKlass jdk/internal/access/JavaSecuritySignatureAccess
instanceKlass java/security/SignatureSpi
instanceKlass sun/security/util/SignatureUtil
instanceKlass java/lang/invoke/VarHandle$AccessDescriptor
instanceKlass sun/security/provider/ByteArrayAccess$BE
instanceKlass sun/security/provider/ByteArrayAccess
instanceKlass sun/security/util/MessageDigestSpi2
instanceKlass java/security/MessageDigestSpi
instanceKlass sun/security/pkcs/SigningCertificateInfo$ESSCertId
instanceKlass sun/security/pkcs/SigningCertificateInfo
instanceKlass sun/security/pkcs/PKCS9Attribute
instanceKlass sun/security/pkcs/PKCS9Attributes
instanceKlass java/time/zone/ZoneOffsetTransition
instanceKlass java/time/zone/ZoneOffsetTransitionRule
instanceKlass  @bci java/util/regex/CharPredicates ASCII_SPACE ()Ljava/util/regex/Pattern$BmpCharPredicate; 0 <appendix> argL0 ; # java/util/regex/CharPredicates$$Lambda+0x000000010014d698
instanceKlass sun/security/util/DisabledAlgorithmConstraints$Constraints$Holder
instanceKlass sun/security/util/DisabledAlgorithmConstraints$Constraint
instanceKlass java/security/spec/ECFieldF2m
instanceKlass java/security/spec/ECParameterSpec
instanceKlass java/security/spec/ECPoint
instanceKlass java/security/spec/EllipticCurve
instanceKlass java/security/spec/ECFieldFp
instanceKlass java/security/spec/ECField
instanceKlass sun/security/util/CurveDB
instanceKlass sun/security/util/DisabledAlgorithmConstraints$Constraints
instanceKlass sun/security/util/AbstractAlgorithmConstraints$1
instanceKlass sun/security/util/AlgorithmDecomposer
instanceKlass sun/security/util/DisabledAlgorithmConstraints$JarHolder
instanceKlass  @bci java/util/regex/Pattern DOT ()Ljava/util/regex/Pattern$CharPredicate; 0 <appendix> argL0 ; # java/util/regex/Pattern$$Lambda+0x000000010014a320
instanceKlass sun/security/util/AbstractAlgorithmConstraints
instanceKlass java/security/AlgorithmConstraints
instanceKlass sun/security/pkcs/SignerInfo
instanceKlass java/security/cert/PolicyQualifierInfo
instanceKlass sun/security/x509/CertificatePolicyId
instanceKlass sun/security/x509/PolicyInformation
instanceKlass sun/security/x509/DistributionPoint
instanceKlass sun/security/x509/DNSName
instanceKlass sun/security/x509/URIName
instanceKlass sun/security/x509/GeneralName
instanceKlass sun/security/x509/AccessDescription
instanceKlass sun/security/x509/GeneralNames
instanceKlass java/lang/invoke/VarForm
instanceKlass java/lang/invoke/VarHandleGuards
instanceKlass java/lang/invoke/VarHandles
instanceKlass java/lang/System$Logger
instanceKlass jdk/internal/event/EventHelper
instanceKlass sun/security/jca/JCAUtil
instanceKlass sun/security/util/MemoryCache$CacheEntry
instanceKlass sun/security/x509/KeyIdentifier
instanceKlass sun/security/x509/OIDMap$OIDInfo
instanceKlass sun/security/x509/PKIXExtensions
instanceKlass sun/security/x509/OIDMap
instanceKlass sun/security/x509/Extension
instanceKlass java/security/cert/Extension
instanceKlass java/util/Collections$SynchronizedMap
instanceKlass sun/security/x509/CertificateExtensions
instanceKlass sun/security/rsa/RSAUtil
instanceKlass java/security/interfaces/RSAPublicKey
instanceKlass java/security/interfaces/RSAKey
instanceKlass java/security/spec/PSSParameterSpec
instanceKlass java/security/spec/AlgorithmParameterSpec
instanceKlass java/security/spec/RSAPrivateKeySpec
instanceKlass java/security/spec/RSAPublicKeySpec
instanceKlass java/security/KeyFactorySpi
instanceKlass sun/security/rsa/SunRsaSignEntries
instanceKlass sun/security/jca/ProviderList$ServiceList$1
instanceKlass java/security/KeyFactory
instanceKlass  @bci java/security/spec/EncodedKeySpec <clinit> ()V 0 <appendix> argL0 ; # java/security/spec/EncodedKeySpec$$Lambda+0x0000000100140200
instanceKlass  @cpi java/security/spec/EncodedKeySpec 79 form vmentry <vmtarget> ; # java/lang/invoke/LambdaForm$DMH+0x0000000100107400
instanceKlass jdk/internal/access/JavaSecuritySpecAccess
instanceKlass java/security/spec/EncodedKeySpec
instanceKlass java/security/spec/KeySpec
instanceKlass sun/security/util/BitArray
instanceKlass sun/security/x509/X509Key
instanceKlass java/security/PublicKey
instanceKlass java/security/Key
instanceKlass sun/security/x509/CertificateX509Key
instanceKlass sun/util/calendar/CalendarUtils
instanceKlass sun/util/calendar/CalendarDate
instanceKlass sun/security/x509/CertificateValidity
instanceKlass sun/security/x509/AVA
instanceKlass sun/security/x509/RDN
instanceKlass javax/security/auth/x500/X500Principal
instanceKlass  @bci sun/security/x509/X500Name <clinit> ()V 153 <appendix> argL0 ; # sun/security/x509/X500Name$$Lambda+0x00000001000fd020
instanceKlass sun/security/x509/X500Name
instanceKlass sun/security/x509/GeneralNameInterface
instanceKlass sun/security/x509/CertificateAlgorithmId
instanceKlass sun/security/x509/SerialNumber
instanceKlass sun/security/x509/CertificateSerialNumber
instanceKlass sun/security/x509/CertificateVersion
instanceKlass sun/security/x509/X509CertInfo
instanceKlass sun/security/util/Cache$EqualByteArray
instanceKlass java/security/cert/X509Extension
instanceKlass java/lang/Byte$ByteCache
instanceKlass  @bci sun/security/util/DerInputStream seeOptionalContextSpecific (I)Z 2 <appendix> member <vmtarget> ; # sun/security/util/DerInputStream$$Lambda+0x00000001000fa950
instanceKlass  @cpi sun/security/util/DerInputStream 295 form vmentry <vmtarget> ; # java/lang/invoke/LambdaForm$DMH+0x0000000100107000
instanceKlass java/util/function/Predicate
instanceKlass sun/security/jca/GetInstance$Instance
instanceKlass sun/security/util/Cache
instanceKlass jdk/internal/event/Event
instanceKlass sun/security/jca/GetInstance
instanceKlass java/security/cert/CertificateFactorySpi
instanceKlass java/security/cert/CertificateFactory
instanceKlass sun/security/x509/AlgorithmId
instanceKlass sun/security/util/ByteArrayTagOrder
instanceKlass sun/security/util/ByteArrayLexOrder
instanceKlass sun/security/util/DerValue
instanceKlass sun/security/util/ObjectIdentifier
instanceKlass sun/security/pkcs/ContentInfo
instanceKlass sun/security/util/DerEncoder
instanceKlass sun/security/util/DerInputStream
instanceKlass sun/security/pkcs/PKCS7
instanceKlass sun/security/util/SecurityProviderConstants
instanceKlass java/security/Provider$UString
instanceKlass java/security/Provider$Service
instanceKlass sun/security/provider/NativePRNG$NonBlocking
instanceKlass sun/security/provider/NativePRNG$Blocking
instanceKlass sun/security/provider/NativePRNG
instanceKlass sun/security/provider/SunEntries$1
instanceKlass sun/security/provider/SunEntries
instanceKlass sun/security/util/SecurityConstants
instanceKlass java/security/Security$1
instanceKlass jdk/internal/access/JavaSecurityPropertiesAccess
instanceKlass java/util/concurrent/ConcurrentHashMap$MapEntry
instanceKlass  @bci java/security/Security <clinit> ()V 9 <appendix> argL0 ; # java/security/Security$$Lambda+0x00000001000f23a0
instanceKlass java/security/Security
instanceKlass sun/security/jca/ProviderList$2
instanceKlass jdk/internal/math/FloatingDecimal$ASCIIToBinaryBuffer
instanceKlass jdk/internal/math/FloatingDecimal$PreparedASCIIToBinaryBuffer
instanceKlass jdk/internal/math/FloatingDecimal$ASCIIToBinaryConverter
instanceKlass jdk/internal/math/FloatingDecimal$BinaryToASCIIBuffer
instanceKlass jdk/internal/math/FloatingDecimal$ExceptionalBinaryToASCIIBuffer
instanceKlass jdk/internal/math/FloatingDecimal$BinaryToASCIIConverter
instanceKlass jdk/internal/math/FloatingDecimal
instanceKlass javax/security/auth/login/Configuration$Parameters
instanceKlass java/security/Policy$Parameters
instanceKlass java/security/cert/CertStoreParameters
instanceKlass java/security/SecureRandomParameters
instanceKlass java/security/Provider$EngineDescription
instanceKlass java/security/Provider$ServiceKey
instanceKlass sun/security/jca/ProviderConfig
instanceKlass sun/security/jca/ProviderList
instanceKlass sun/security/jca/Providers
instanceKlass  @bci sun/security/util/ManifestDigester <init> ([B)V 350 <appendix> argL0 ; # sun/security/util/ManifestDigester$$Lambda+0x00000001000edd50
instanceKlass sun/security/util/ManifestDigester$Section
instanceKlass sun/security/util/ManifestDigester$Entry
instanceKlass sun/security/util/ManifestDigester$Position
instanceKlass sun/security/util/ManifestDigester
instanceKlass sun/security/util/ManifestEntryVerifier
instanceKlass jdk/internal/misc/ThreadTracker
instanceKlass java/util/jar/JarFile$ThreadTrackHolder
instanceKlass java/io/PrintWriter$1
instanceKlass jdk/internal/access/JavaIOPrintWriterAccess
instanceKlass picocli/CommandLine$ParseResult$GroupValidationResult
# instanceKlass java/lang/invoke/LambdaForm$MH+0x0000000100106c00
# instanceKlass java/lang/invoke/LambdaForm$MH+0x0000000100106800
instanceKlass  @bci jdk/internal/reflect/MethodHandleObjectFieldAccessorImpl set (Ljava/lang/Object;Ljava/lang/Object;)V 41 <adapter> ; # java/lang/invoke/LambdaForm$MH+0x0000000100106400
# instanceKlass java/lang/invoke/LambdaForm$MH+0x0000000100106000
# instanceKlass java/lang/invoke/LambdaForm$MH+0x0000000100105c00
instanceKlass  @bci jdk/internal/reflect/MethodHandleIntegerFieldAccessorImpl setInt (Ljava/lang/Object;I)V 41 <adapter> ; # java/lang/invoke/LambdaForm$MH+0x0000000100105800
instanceKlass  @bci jdk/internal/reflect/MethodHandleIntegerFieldAccessorImpl getInt (Ljava/lang/Object;)I 20 <adapter> ; # java/lang/invoke/LambdaForm$MH+0x0000000100105400
# instanceKlass java/lang/invoke/LambdaForm$MH+0x0000000100105000
# instanceKlass java/lang/invoke/LambdaForm$DMH+0x0000000100104800
# instanceKlass java/lang/invoke/LambdaForm$MH+0x0000000100104400
instanceKlass  @cpi org/languagetool/rules/spelling/SpellingCheckRule 847 form vmentry <vmtarget> ; # java/lang/invoke/LambdaForm$DMH+0x0000000100104000
instanceKlass picocli/CommandLine$ParseResult$GroupMatch
instanceKlass picocli/CommandLine$ParseResult$GroupMatchContainer
instanceKlass picocli/CommandLine$ParseResult$Builder
instanceKlass picocli/CommandLine$ParseResult
instanceKlass java/util/Collections$ReverseComparator2
instanceKlass java/util/Collections$ReverseComparator
instanceKlass picocli/CommandLine$Help$ShortestFirst
instanceKlass picocli/CommandLine$PositionalParametersSorter
instanceKlass java/util/Collections$UnmodifiableCollection$1
instanceKlass java/util/ResourceBundle
instanceKlass picocli/CommandLine$Model$Messages
instanceKlass picocli/CommandLine$AutoHelpMixin
instanceKlass sun/reflect/generics/tree/TypeVariableSignature
instanceKlass sun/reflect/generics/tree/ClassSignature
instanceKlass sun/reflect/generics/tree/Signature
instanceKlass sun/reflect/generics/tree/FormalTypeParameter
instanceKlass java/lang/reflect/TypeVariable
instanceKlass sun/reflect/generics/reflectiveObjects/ParameterizedTypeImpl
instanceKlass sun/reflect/generics/reflectiveObjects/LazyReflectiveObjectGenerator
instanceKlass java/lang/reflect/WildcardType
instanceKlass sun/reflect/generics/tree/Wildcard
instanceKlass sun/reflect/generics/tree/BottomSignature
instanceKlass sun/reflect/generics/repository/AbstractRepository
instanceKlass java/util/Collections$UnmodifiableMap$UnmodifiableEntrySet$UnmodifiableEntry
instanceKlass java/util/Collections$UnmodifiableMap$UnmodifiableEntrySet$1
instanceKlass picocli/CommandLine$Model$ObjectBinding
instanceKlass picocli/CommandLine$Model$ArgSpec$Builder
instanceKlass picocli/CommandLine$Model$FieldBinding
instanceKlass java/lang/reflect/ParameterizedType
instanceKlass picocli/CommandLine$Model$RuntimeTypeInfo
instanceKlass picocli/CommandLine$Model$ITypeInfo
instanceKlass picocli/CommandLine$Range
instanceKlass picocli/CommandLine$NullParameterConsumer
instanceKlass picocli/CommandLine$IParameterConsumer
instanceKlass picocli/CommandLine$NoCompletionCandidates
instanceKlass kotlin/annotation/MustBeDocumented
instanceKlass kotlin/jvm/JvmStatic
instanceKlass java/net/ServerSocket
instanceKlass picocli/CommandLine$Model$CommandReflection$1
instanceKlass picocli/CommandLine$Model$ObjectScope
instanceKlass picocli/CommandLine$Model
instanceKlass java/util/Collections$EmptyIterator
instanceKlass kotlin/annotation/Target
instanceKlass kotlin/annotation/Retention
instanceKlass kotlin/Metadata
instanceKlass org/bsplines/ltexls/tools/VersionProvider
instanceKlass picocli/CommandLine$NoOpModelTransformer
instanceKlass picocli/CommandLine$IModelTransformer
instanceKlass  @bci sun/reflect/annotation/AnnotationParser parseClassArray (ILjava/nio/ByteBuffer;Ljdk/internal/reflect/ConstantPool;Ljava/lang/Class;)Ljava/lang/Object; 10 <appendix> member <vmtarget> ; # sun/reflect/annotation/AnnotationParser$$Lambda+0x00000001000e4818
instanceKlass picocli/CommandLine$NoVersionProvider
instanceKlass picocli/CommandLine$IVersionProvider
instanceKlass picocli/CommandLine$NoDefaultProvider
instanceKlass picocli/CommandLine$IDefaultValueProvider
instanceKlass picocli/CommandLine$ParentCommand
instanceKlass picocli/CommandLine$Spec
instanceKlass picocli/CommandLine$Mixin
instanceKlass picocli/CommandLine$Unmatched
instanceKlass picocli/CommandLine$ArgGroup
instanceKlass picocli/CommandLine$Parameters
instanceKlass picocli/CommandLine$Option
instanceKlass picocli/CommandLine$Model$MethodBinding
instanceKlass picocli/CommandLine$Model$IScoped
instanceKlass picocli/CommandLine$Model$TypedMember
instanceKlass picocli/CommandLine$Model$IExtensible
instanceKlass picocli/CommandLine$3
instanceKlass jdk/internal/vm/annotation/IntrinsicCandidate
instanceKlass java/lang/annotation/Target
# instanceKlass java/lang/invoke/LambdaForm$MH+0x00000001000d8800
instanceKlass  @bci com/vladsch/flexmark/util/sequence/Escaping <clinit> ()V 42 <appendix> form vmentry <vmtarget> ; # java/lang/invoke/LambdaForm$MH+0x00000001000d8400
instanceKlass java/lang/reflect/Proxy$ProxyBuilder$1
instanceKlass jdk/internal/org/objectweb/asm/Edge
instanceKlass  @bci java/lang/reflect/ProxyGenerator addProxyMethod (Ljava/lang/reflect/Method;Ljava/lang/Class;)V 23 <appendix> argL0 ; # java/lang/reflect/ProxyGenerator$$Lambda+0x00000001000e2e60
instanceKlass  @bci java/lang/reflect/ProxyGenerator addProxyMethod (Ljava/lang/reflect/ProxyGenerator$ProxyMethod;)V 10 <appendix> argL0 ; # java/lang/reflect/ProxyGenerator$$Lambda+0x00000001000e2c20
instanceKlass java/util/StringJoiner
instanceKlass java/lang/reflect/ProxyGenerator$ProxyMethod
instanceKlass  @bci java/lang/reflect/Proxy getLoader (Ljava/lang/Module;)Ljava/lang/ClassLoader; 6 <appendix> member <vmtarget> ; # java/lang/reflect/Proxy$$Lambda+0x00000001000e22b8
instanceKlass  @bci java/lang/WeakPairMap computeIfAbsent (Ljava/lang/Object;Ljava/lang/Object;Ljava/util/function/BiFunction;)Ljava/lang/Object; 18 <appendix> member <vmtarget> ; # java/lang/WeakPairMap$$Lambda+0x00000001000e1e60
instanceKlass  @bci java/lang/Module implAddExportsOrOpens (Ljava/lang/String;Ljava/lang/Module;ZZ)V 145 <appendix> argL0 ; # java/lang/Module$$Lambda+0x00000001000e1c30
instanceKlass  @bci java/lang/module/ModuleDescriptor$Builder packages (Ljava/util/Set;)Ljava/lang/module/ModuleDescriptor$Builder; 17 <appendix> argL0 ; # java/lang/module/ModuleDescriptor$Builder$$Lambda+0x00000001000e1090
instanceKlass java/lang/WeakPairMap$Pair$Lookup
instanceKlass java/lang/WeakPairMap$Pair
instanceKlass java/lang/WeakPairMap
instanceKlass java/lang/Module$ReflectionData
instanceKlass java/util/function/Consumer
instanceKlass jdk/internal/module/Checks
instanceKlass java/lang/module/ModuleDescriptor$Builder
instanceKlass  @bci java/lang/reflect/Proxy$ProxyBuilder getDynamicModule (Ljava/lang/ClassLoader;)Ljava/lang/Module; 4 <appendix> argL0 ; # java/lang/reflect/Proxy$ProxyBuilder$$Lambda+0x00000001000e0000
instanceKlass java/lang/PublicMethods
instanceKlass java/lang/reflect/Proxy$ProxyBuilder
instanceKlass  @bci java/lang/reflect/Proxy getProxyConstructor (Ljava/lang/Class;Ljava/lang/ClassLoader;[Ljava/lang/Class;)Ljava/lang/reflect/Constructor; 35 <appendix> argL0 ; # java/lang/reflect/Proxy$$Lambda+0x00000001000beb98
instanceKlass java/lang/ClassValue$Version
instanceKlass java/lang/ClassValue$Identity
instanceKlass java/lang/ClassValue
instanceKlass java/lang/reflect/Proxy
instanceKlass sun/reflect/annotation/AnnotationInvocationHandler
instanceKlass sun/reflect/annotation/AnnotationParser$1
instanceKlass jdk/internal/reflect/MethodHandleAccessorFactory$LazyStaticHolder
instanceKlass java/lang/Class$3
instanceKlass java/lang/annotation/Documented
instanceKlass java/lang/annotation/Inherited
instanceKlass java/lang/annotation/Retention
instanceKlass sun/reflect/annotation/ExceptionProxy
instanceKlass sun/reflect/annotation/AnnotationType$1
instanceKlass sun/reflect/annotation/AnnotationType
instanceKlass java/lang/reflect/GenericArrayType
instanceKlass java/lang/Deprecated
instanceKlass sun/reflect/generics/visitor/Reifier
instanceKlass sun/reflect/generics/visitor/TypeTreeVisitor
instanceKlass sun/reflect/generics/factory/CoreReflectionFactory
instanceKlass sun/reflect/generics/factory/GenericsFactory
instanceKlass sun/reflect/generics/scope/AbstractScope
instanceKlass sun/reflect/generics/scope/Scope
instanceKlass sun/reflect/generics/tree/ClassTypeSignature
instanceKlass sun/reflect/generics/tree/SimpleClassTypeSignature
instanceKlass sun/reflect/generics/tree/FieldTypeSignature
instanceKlass sun/reflect/generics/tree/BaseType
instanceKlass sun/reflect/generics/tree/TypeSignature
instanceKlass sun/reflect/generics/tree/ReturnType
instanceKlass sun/reflect/generics/tree/TypeArgument
instanceKlass sun/reflect/generics/tree/TypeTree
instanceKlass sun/reflect/generics/tree/Tree
instanceKlass sun/reflect/generics/parser/SignatureParser
instanceKlass java/util/Arrays$ArrayItr
instanceKlass java/lang/Class$AnnotationData
instanceKlass sun/reflect/annotation/AnnotationParser
instanceKlass java/util/Vector$Itr
instanceKlass picocli/CommandLine$NoOpParameterPreprocessor
instanceKlass  @bci java/util/regex/CharPredicates ASCII_WORD ()Ljava/util/regex/Pattern$BmpCharPredicate; 0 <appendix> argL0 ; # java/util/regex/CharPredicates$$Lambda+0x00000001000b6868
instanceKlass picocli/CommandLine$RegexTransformer$Builder
instanceKlass picocli/CommandLine$Model$UsageMessageSpec$19
instanceKlass picocli/CommandLine$Model$UsageMessageSpec$18
instanceKlass picocli/CommandLine$Model$UsageMessageSpec$17
instanceKlass picocli/CommandLine$Model$UsageMessageSpec$16
instanceKlass picocli/CommandLine$Model$UsageMessageSpec$15
instanceKlass picocli/CommandLine$Model$UsageMessageSpec$14
instanceKlass picocli/CommandLine$Model$UsageMessageSpec$13
instanceKlass picocli/CommandLine$Model$UsageMessageSpec$12
instanceKlass picocli/CommandLine$Model$UsageMessageSpec$11
instanceKlass picocli/CommandLine$Model$UsageMessageSpec$10
instanceKlass picocli/CommandLine$Model$UsageMessageSpec$9
instanceKlass picocli/CommandLine$Model$UsageMessageSpec$8
instanceKlass picocli/CommandLine$Model$UsageMessageSpec$7
instanceKlass picocli/CommandLine$Model$UsageMessageSpec$6
instanceKlass picocli/CommandLine$Model$UsageMessageSpec$5
instanceKlass picocli/CommandLine$Model$UsageMessageSpec$4
instanceKlass picocli/CommandLine$Model$UsageMessageSpec$3
instanceKlass picocli/CommandLine$Model$UsageMessageSpec$2
instanceKlass picocli/CommandLine$IHelpSectionRenderer
instanceKlass picocli/CommandLine$IHelpFactory
instanceKlass picocli/CommandLine$Model$UsageMessageSpec
instanceKlass picocli/CommandLine$Model$Interpolator$4
instanceKlass picocli/CommandLine$Model$Interpolator$3
instanceKlass picocli/CommandLine$Model$Interpolator$2
instanceKlass picocli/CommandLine$Model$Interpolator$1
instanceKlass picocli/CommandLine$Model$Interpolator$ILookup
instanceKlass picocli/CommandLine$Model$Interpolator
instanceKlass picocli/CommandLine$Model$ParserSpec
instanceKlass java/lang/reflect/InvocationHandler
instanceKlass picocli/CommandLine$Model$CommandUserObject
instanceKlass picocli/CommandLine$Model$Predicate
instanceKlass picocli/CommandLine$Model$IAnnotatedElement
instanceKlass picocli/CommandLine$Command
instanceKlass picocli/CommandLine$Model$IScope
instanceKlass picocli/CommandLine$Model$ISetter
instanceKlass picocli/CommandLine$Model$IGetter
instanceKlass picocli/CommandLine$Model$CommandReflection
instanceKlass picocli/CommandLine$IParameterPreprocessor
instanceKlass picocli/CommandLine$Model$CommandSpec
instanceKlass java/time/zone/ZoneRules
instanceKlass java/time/YearMonth
instanceKlass java/time/Year
instanceKlass  @bci java/util/regex/Pattern CIRange (II)Ljava/util/regex/Pattern$CharPredicate; 2 <appendix> member <vmtarget> ; # java/util/regex/Pattern$$Lambda+0x00000001000b52c8
instanceKlass  @bci java/util/regex/Pattern SingleI (II)Ljava/util/regex/Pattern$BmpCharPredicate; 2 <appendix> member <vmtarget> ; # java/util/regex/Pattern$$Lambda+0x00000001000b5038
instanceKlass java/io/ObjectOutput
instanceKlass  @bci java/time/ZoneOffset ofTotalSeconds (I)Ljava/time/ZoneOffset; 37 <appendix> argL0 ; # java/time/ZoneOffset$$Lambda+0x00000001000b4bf8
instanceKlass  @bci java/time/format/DateTimeFormatter <clinit> ()V 1075 <appendix> argL0 ; # java/time/format/DateTimeFormatter$$Lambda+0x00000001000b49d8
instanceKlass  @bci java/time/format/DateTimeFormatter <clinit> ()V 1067 <appendix> argL0 ; # java/time/format/DateTimeFormatter$$Lambda+0x00000001000b47b8
instanceKlass java/time/format/DateTimeFormatterBuilder$TextPrinterParser
instanceKlass java/time/format/DateTimeTextProvider$1
instanceKlass java/time/format/DateTimeTextProvider
instanceKlass java/util/LinkedHashMap$LinkedHashIterator
instanceKlass java/util/Collections$1
instanceKlass java/util/AbstractMap$SimpleImmutableEntry
instanceKlass java/time/format/DateTimeTextProvider$LocaleStore
instanceKlass java/lang/Long$LongCache
instanceKlass java/time/format/DateTimeFormatterBuilder$InstantPrinterParser
instanceKlass java/time/format/DateTimeFormatterBuilder$ZoneIdPrinterParser
instanceKlass java/time/format/DateTimeFormatterBuilder$OffsetIdPrinterParser
instanceKlass java/time/format/DecimalStyle
instanceKlass java/time/format/DateTimeFormatterBuilder$CompositePrinterParser
instanceKlass java/time/format/DateTimeFormatterBuilder$CharLiteralPrinterParser
instanceKlass java/time/format/DateTimeFormatterBuilder$NumberPrinterParser
instanceKlass java/time/format/DateTimeFormatterBuilder$StringLiteralPrinterParser
instanceKlass java/time/format/DateTimeFormatterBuilder$DateTimePrinterParser
instanceKlass java/time/temporal/JulianFields
instanceKlass java/time/temporal/IsoFields
instanceKlass java/util/regex/ASCII
instanceKlass  @bci java/time/format/DateTimeFormatterBuilder <clinit> ()V 0 <appendix> argL0 ; # java/time/format/DateTimeFormatterBuilder$$Lambda+0x00000001000ad0d8
instanceKlass java/time/format/DateTimeFormatterBuilder
instanceKlass java/time/MonthDay
instanceKlass java/time/OffsetTime
instanceKlass java/time/chrono/Era
instanceKlass java/time/Period
instanceKlass java/time/chrono/ChronoPeriod
instanceKlass java/time/chrono/AbstractChronology
instanceKlass java/time/chrono/Chronology
instanceKlass java/time/LocalTime
instanceKlass java/time/format/DateTimeFormatter
instanceKlass java/time/LocalDate
instanceKlass java/time/chrono/ChronoLocalDate
instanceKlass java/time/ZonedDateTime
instanceKlass java/time/chrono/ChronoZonedDateTime
instanceKlass java/time/OffsetDateTime
instanceKlass java/time/ZoneId
instanceKlass java/time/Clock
instanceKlass java/time/InstantSource
instanceKlass java/time/temporal/ValueRange
instanceKlass java/time/temporal/TemporalQuery
instanceKlass java/time/temporal/TemporalField
instanceKlass java/io/ObjectStreamConstants
instanceKlass java/io/ObjectInput
instanceKlass java/time/temporal/TemporalUnit
instanceKlass java/time/Duration
instanceKlass java/time/temporal/TemporalAmount
instanceKlass java/time/Instant
instanceKlass java/time/LocalDateTime
instanceKlass java/time/chrono/ChronoLocalDateTime
instanceKlass java/time/temporal/TemporalAdjuster
instanceKlass java/time/temporal/Temporal
instanceKlass java/time/temporal/TemporalAccessor
instanceKlass picocli/CommandLine$BuiltIn$ReflectionConverter
instanceKlass java/sql/DriverAction
instanceKlass java/util/stream/Stream
instanceKlass java/util/stream/BaseStream
instanceKlass java/sql/Driver
instanceKlass java/sql/DriverManager
instanceKlass java/sql/Connection
instanceKlass java/sql/Wrapper
instanceKlass picocli/CommandLine$BuiltIn$ISO8601TimeConverter
instanceKlass sun/util/calendar/CalendarSystem$GregorianHolder
instanceKlass sun/util/calendar/CalendarSystem
instanceKlass jdk/internal/jimage/decompressor/ZipDecompressor
instanceKlass jdk/internal/jimage/decompressor/ResourceDecompressor
instanceKlass jdk/internal/jimage/decompressor/ResourceDecompressorFactory
instanceKlass jdk/internal/jimage/decompressor/ResourceDecompressorRepository
instanceKlass jdk/internal/jimage/decompressor/CompressedResourceHeader
instanceKlass  @bci jdk/internal/jimage/BasicImageReader getResourceBuffer (Ljdk/internal/jimage/ImageLocation;)Ljava/nio/ByteBuffer; 168 <appendix> member <vmtarget> ; # jdk/internal/jimage/BasicImageReader$$Lambda+0x00000001000a2788
instanceKlass jdk/internal/jimage/decompressor/ResourceDecompressor$StringsProvider
instanceKlass java/util/TimSort
instanceKlass java/util/Arrays$LegacyMergeSort
instanceKlass java/util/AbstractMap$SimpleEntry
instanceKlass jdk/internal/jimage/ImageBufferCache$2
instanceKlass jdk/internal/jimage/ImageBufferCache
instanceKlass jdk/internal/module/ModulePatcher$PatchedModuleReader
instanceKlass picocli/CommandLine$BuiltIn
instanceKlass picocli/CommandLine$BuiltIn$NetworkInterfaceConverter
instanceKlass java/net/NetworkInterface
instanceKlass picocli/CommandLine$BuiltIn$ClassConverter
instanceKlass picocli/CommandLine$BuiltIn$ByteOrderConverter
instanceKlass picocli/CommandLine$BuiltIn$TimeZoneConverter
instanceKlass java/util/TimeZone
instanceKlass picocli/CommandLine$BuiltIn$CurrencyConverter
instanceKlass java/util/Currency
instanceKlass picocli/CommandLine$BuiltIn$UUIDConverter
instanceKlass java/util/UUID
instanceKlass picocli/CommandLine$BuiltIn$PatternConverter
instanceKlass picocli/CommandLine$BuiltIn$InetAddressConverter
instanceKlass java/net/InetAddress
instanceKlass picocli/CommandLine$BuiltIn$CharsetConverter
instanceKlass picocli/CommandLine$BuiltIn$BigIntegerConverter
instanceKlass picocli/CommandLine$BuiltIn$BigDecimalConverter
instanceKlass picocli/CommandLine$BuiltIn$ISO8601DateConverter
instanceKlass java/util/Date
instanceKlass picocli/CommandLine$BuiltIn$URLConverter
instanceKlass picocli/CommandLine$BuiltIn$URIConverter
instanceKlass picocli/CommandLine$BuiltIn$FileConverter
instanceKlass picocli/CommandLine$BuiltIn$DoubleConverter
instanceKlass picocli/CommandLine$BuiltIn$FloatConverter
instanceKlass picocli/CommandLine$BuiltIn$LongConverter
instanceKlass picocli/CommandLine$BuiltIn$IntegerConverter
instanceKlass picocli/CommandLine$BuiltIn$ShortConverter
instanceKlass picocli/CommandLine$BuiltIn$CharacterConverter
instanceKlass picocli/CommandLine$BuiltIn$BooleanConverter
instanceKlass picocli/CommandLine$BuiltIn$ByteConverter
instanceKlass picocli/CommandLine$BuiltIn$CharSequenceConverter
instanceKlass picocli/CommandLine$BuiltIn$CharArrayConverter
instanceKlass picocli/CommandLine$BuiltIn$StringBuilderConverter
instanceKlass picocli/CommandLine$BuiltIn$StringConverter
instanceKlass java/io/StreamTokenizer
instanceKlass java/io/Reader
instanceKlass java/lang/Readable
instanceKlass picocli/CommandLine$ITypeConverter
instanceKlass picocli/CommandLine$Interpreter
instanceKlass picocli/CommandLine$2
instanceKlass picocli/CommandLine$1
instanceKlass picocli/CommandLine$AbstractHandler
instanceKlass picocli/CommandLine$IParseResultHandler
instanceKlass java/util/Collections$UnmodifiableCollection
instanceKlass picocli/CommandLine$Help$ColorScheme$1
instanceKlass picocli/CommandLine$Help$ColorScheme
instanceKlass picocli/CommandLine$Help$Ansi$IStyle
instanceKlass picocli/CommandLine$Assert
instanceKlass picocli/CommandLine$Help$ColorScheme$Builder
instanceKlass picocli/CommandLine$Help$IParamLabelRenderer
instanceKlass picocli/CommandLine$Help$IParameterRenderer
instanceKlass picocli/CommandLine$Help$IOptionRenderer
instanceKlass picocli/CommandLine$Model$IOrdered
instanceKlass picocli/CommandLine$Model$ArgSpec
instanceKlass picocli/CommandLine$RegexTransformer
instanceKlass picocli/CommandLine$INegatableOptionTransformer
instanceKlass picocli/CommandLine$Help
instanceKlass picocli/CommandLine$Help$Ansi$Text
instanceKlass picocli/CommandLine$DefaultFactory
instanceKlass kotlin/collections/AbstractList$Companion
instanceKlass kotlin/collections/AbstractCollection
instanceKlass kotlin/enums/EnumEntries
instanceKlass kotlin/jvm/internal/markers/KMappedMarker
instanceKlass kotlin/enums/EnumEntriesKt
instanceKlass picocli/CommandLine$Tracer
instanceKlass picocli/CommandLine$IExecutionExceptionHandler
instanceKlass picocli/CommandLine$IParameterExceptionHandler
instanceKlass picocli/CommandLine$IExecutionStrategy
instanceKlass picocli/CommandLine$IParseResultHandler2
instanceKlass picocli/CommandLine$IExceptionHandler
instanceKlass picocli/CommandLine$IExceptionHandler2
instanceKlass picocli/CommandLine$IFactory
instanceKlass picocli/CommandLine
instanceKlass org/fusesource/jansi/io/AnsiOutputStream$ZeroWidthSupplier
instanceKlass java/io/FileInputStream$1
instanceKlass java/lang/Shutdown$Lock
instanceKlass java/lang/Shutdown
instanceKlass java/io/DeleteOnExitHook$1
instanceKlass java/io/DeleteOnExitHook
instanceKlass sun/nio/ch/IOStatus
instanceKlass sun/nio/ch/Util$BufferCache
instanceKlass sun/nio/ch/Util
instanceKlass sun/nio/ch/NativeThread
instanceKlass java/nio/channels/NetworkChannel
instanceKlass sun/nio/ch/SelChImpl
instanceKlass sun/nio/ch/Streams
instanceKlass java/nio/channels/Channels
instanceKlass sun/nio/ch/FileChannelImpl$Closer
instanceKlass sun/nio/ch/NativeThreadSet
instanceKlass sun/nio/ch/IOUtil
instanceKlass sun/nio/ch/NativeDispatcher
instanceKlass java/nio/channels/spi/AbstractInterruptibleChannel
instanceKlass java/nio/channels/InterruptibleChannel
instanceKlass java/nio/channels/ScatteringByteChannel
instanceKlass java/nio/channels/GatheringByteChannel
instanceKlass java/nio/channels/SeekableByteChannel
instanceKlass java/nio/channels/ByteChannel
instanceKlass java/nio/channels/WritableByteChannel
instanceKlass java/nio/channels/ReadableByteChannel
instanceKlass java/nio/channels/Channel
instanceKlass sun/nio/fs/WindowsChannelFactory$2
instanceKlass sun/nio/fs/WindowsChannelFactory$Flags
instanceKlass sun/nio/fs/WindowsChannelFactory$1
instanceKlass sun/nio/fs/WindowsChannelFactory
instanceKlass sun/nio/fs/WindowsSecurityDescriptor
instanceKlass java/nio/file/attribute/FileAttribute
instanceKlass java/io/FileOutputStream$1
instanceKlass java/util/regex/IntHashSet
instanceKlass java/util/regex/Matcher
instanceKlass java/util/regex/MatchResult
instanceKlass  @bci java/util/regex/Pattern negate (Ljava/util/regex/Pattern$CharPredicate;)Ljava/util/regex/Pattern$CharPredicate; 1 <appendix> member <vmtarget> ; # java/util/regex/Pattern$$Lambda+0x00000001000936f8
instanceKlass java/util/Properties$LineReader
instanceKlass sun/net/www/MessageHeader
instanceKlass sun/net/www/protocol/jar/JarFileFactory
instanceKlass sun/net/www/protocol/jar/URLJarFile$URLJarFileCloseController
instanceKlass java/net/URLConnection
instanceKlass java/util/Random
instanceKlass java/util/random/RandomGenerator
instanceKlass jdk/internal/jimage/ImageLocation
instanceKlass jdk/internal/jimage/decompressor/Decompressor
instanceKlass jdk/internal/jimage/ImageStringsReader
instanceKlass jdk/internal/jimage/ImageStrings
instanceKlass jdk/internal/jimage/ImageHeader
instanceKlass jdk/internal/jimage/NativeImageBuffer$1
instanceKlass jdk/internal/jimage/NativeImageBuffer
instanceKlass jdk/internal/jimage/BasicImageReader$1
instanceKlass jdk/internal/jimage/BasicImageReader
instanceKlass jdk/internal/jimage/ImageReader
instanceKlass jdk/internal/jimage/ImageReaderFactory$1
instanceKlass java/net/URI$Parser
instanceKlass java/nio/file/FileSystems$DefaultFileSystemHolder$1
instanceKlass java/nio/file/FileSystems$DefaultFileSystemHolder
instanceKlass java/nio/file/FileSystems
instanceKlass java/nio/file/Paths
instanceKlass jdk/internal/jimage/ImageReaderFactory
instanceKlass jdk/internal/module/SystemModuleFinders$SystemImage
instanceKlass jdk/internal/module/SystemModuleFinders$SystemModuleReader
instanceKlass java/lang/module/ModuleReader
instanceKlass java/util/Formatter$Flags
instanceKlass java/util/Formattable
instanceKlass java/util/Formatter$FormatSpecifier
instanceKlass jdk/internal/loader/BuiltinClassLoader$5
instanceKlass java/util/Formatter$Conversion
instanceKlass java/util/Formatter$FixedString
instanceKlass java/util/Formatter$FormatString
instanceKlass sun/util/locale/LocaleObjectCache
instanceKlass sun/util/locale/BaseLocale$Key
instanceKlass jdk/internal/loader/BuiltinClassLoader$2
instanceKlass java/util/regex/Pattern$TreeInfo
instanceKlass  @bci java/util/regex/Pattern union (Ljava/util/regex/Pattern$CharPredicate;Ljava/util/regex/Pattern$CharPredicate;Z)Ljava/util/regex/Pattern$CharPredicate; 6 <appendix> member <vmtarget> ; # java/util/regex/Pattern$$Lambda+0x0000000100089d28
instanceKlass  @bci java/util/regex/Pattern Range (II)Ljava/util/regex/Pattern$CharPredicate; 23 <appendix> member <vmtarget> ; # java/util/regex/Pattern$$Lambda+0x0000000100089a98
instanceKlass java/util/regex/Pattern$BitClass
instanceKlass  @bci java/util/regex/CharPredicates ASCII_DIGIT ()Ljava/util/regex/Pattern$BmpCharPredicate; 0 <appendix> argL0 ; # java/util/regex/CharPredicates$$Lambda+0x0000000100088658
instanceKlass java/util/regex/CharPredicates
instanceKlass jdk/internal/module/Resources
instanceKlass  @bci java/util/regex/Pattern Single (I)Ljava/util/regex/Pattern$BmpCharPredicate; 1 <appendix> member <vmtarget> ; # java/util/regex/Pattern$$Lambda+0x0000000100087930
instanceKlass java/util/regex/Pattern$BmpCharPredicate
instanceKlass java/util/regex/Pattern$CharPredicate
instanceKlass org/fusesource/jansi/internal/JansiLoader$1
instanceKlass java/util/regex/Pattern$Node
instanceKlass java/util/regex/Pattern
instanceKlass java/util/Formatter
instanceKlass org/fusesource/jansi/internal/OSInfo
instanceKlass  @bci com/vladsch/flexmark/ast/util/Parsing getCachedPattern (Ljava/lang/String;Lcom/vladsch/flexmark/ast/util/Parsing$PatternTypeFlags;Ljava/util/function/Function;)Ljava/util/regex/Pattern; 4 <appendix> form vmentry <vmtarget> ; # java/lang/invoke/LambdaForm$MH+0x00000001000c0000
instanceKlass jdk/internal/org/objectweb/asm/FieldVisitor
instanceKlass java/util/ArrayList$Itr
instanceKlass java/lang/invoke/InvokerBytecodeGenerator$ClassData
instanceKlass jdk/internal/org/objectweb/asm/Frame
instanceKlass java/lang/invoke/LambdaFormBuffer
instanceKlass java/lang/invoke/LambdaFormEditor$TransformKey
instanceKlass java/lang/invoke/LambdaFormEditor
instanceKlass java/lang/invoke/DelegatingMethodHandle$Holder
instanceKlass java/lang/invoke/DirectMethodHandle$2
instanceKlass java/lang/invoke/ClassSpecializer$Factory
instanceKlass java/lang/invoke/ClassSpecializer$SpeciesData
instanceKlass java/lang/invoke/ClassSpecializer$1
instanceKlass java/lang/invoke/ClassSpecializer
instanceKlass sun/invoke/empty/Empty
instanceKlass sun/invoke/util/VerifyType
instanceKlass  @bci org/fusesource/jansi/internal/JansiLoader initialize ()Z 10 <appendix> argL0 ; # org/fusesource/jansi/internal/JansiLoader$$Lambda+0x0000000100002890
instanceKlass java/lang/invoke/MethodHandles$Lookup$ClassDefiner
instanceKlass java/lang/invoke/MethodHandles$Lookup$ClassFile
instanceKlass jdk/internal/org/objectweb/asm/AnnotationVisitor
instanceKlass jdk/internal/org/objectweb/asm/Attribute
instanceKlass jdk/internal/org/objectweb/asm/Handler
instanceKlass jdk/internal/org/objectweb/asm/Label
instanceKlass jdk/internal/org/objectweb/asm/MethodVisitor
instanceKlass java/lang/invoke/LambdaProxyClassArchive
instanceKlass jdk/internal/org/objectweb/asm/ByteVector
instanceKlass jdk/internal/org/objectweb/asm/Symbol
instanceKlass jdk/internal/org/objectweb/asm/SymbolTable
instanceKlass jdk/internal/org/objectweb/asm/ClassVisitor
instanceKlass java/lang/invoke/InfoFromMemberName
instanceKlass java/lang/invoke/MethodHandleInfo
instanceKlass jdk/internal/org/objectweb/asm/ConstantDynamic
instanceKlass sun/invoke/util/BytecodeDescriptor
instanceKlass jdk/internal/org/objectweb/asm/Handle
instanceKlass sun/security/action/GetBooleanAction
instanceKlass jdk/internal/org/objectweb/asm/Type
instanceKlass java/lang/invoke/AbstractValidatingLambdaMetafactory
instanceKlass java/lang/invoke/MethodHandleImpl$1
instanceKlass jdk/internal/access/JavaLangInvokeAccess
instanceKlass java/lang/invoke/Invokers$Holder
instanceKlass java/lang/invoke/BootstrapMethodInvoker
instanceKlass java/lang/invoke/InvokerBytecodeGenerator$1
instanceKlass java/lang/invoke/InvokerBytecodeGenerator
instanceKlass java/lang/invoke/LambdaForm$Holder
instanceKlass java/lang/invoke/LambdaForm$Name
instanceKlass java/lang/invoke/Invokers
instanceKlass java/lang/invoke/MethodHandleImpl
instanceKlass sun/invoke/util/ValueConversions
instanceKlass java/lang/invoke/DirectMethodHandle$Holder
instanceKlass java/lang/invoke/LambdaForm$NamedFunction
instanceKlass sun/invoke/util/Wrapper$Format
instanceKlass java/lang/invoke/MethodTypeForm
instanceKlass jdk/internal/util/StrongReferenceKey
instanceKlass jdk/internal/util/ReferenceKey
instanceKlass jdk/internal/util/ReferencedKeyMap
instanceKlass java/lang/invoke/MethodType$1
instanceKlass java/lang/invoke/LambdaMetafactory
instanceKlass java/io/FilenameFilter
instanceKlass org/fusesource/jansi/internal/JansiLoader
instanceKlass org/fusesource/jansi/internal/CLibrary
instanceKlass java/lang/ProcessEnvironment$CheckedEntry
instanceKlass java/lang/ProcessEnvironment$CheckedEntrySet$1
instanceKlass java/lang/ProcessEnvironment$EntryComparator
instanceKlass java/lang/ProcessEnvironment$NameComparator
instanceKlass org/fusesource/jansi/io/AnsiProcessor
instanceKlass org/fusesource/jansi/io/AnsiOutputStream$WidthSupplier
instanceKlass org/fusesource/jansi/AnsiConsole
instanceKlass kotlin/jvm/internal/Intrinsics
instanceKlass org/bsplines/ltexls/LtexLanguageServerLauncher$Companion
instanceKlass java/lang/Void
instanceKlass java/lang/PublicMethods$Key
instanceKlass java/lang/PublicMethods$MethodList
instanceKlass jdk/internal/misc/PreviewFeatures
instanceKlass jdk/internal/misc/MainMethodFinder
instanceKlass org/bsplines/ltexls/LtexLanguageServerLauncher
instanceKlass java/util/concurrent/Callable
instanceKlass java/security/SecureClassLoader$DebugHolder
instanceKlass java/security/Permission
instanceKlass java/security/Guard
instanceKlass java/security/PermissionCollection
instanceKlass java/security/SecureClassLoader$1
instanceKlass java/util/zip/Checksum$1
instanceKlass java/util/zip/CRC32
instanceKlass java/util/zip/Checksum
instanceKlass sun/nio/ByteBuffered
instanceKlass java/lang/Package$VersionInfo
instanceKlass java/lang/NamedPackage
instanceKlass jdk/internal/loader/Resource
instanceKlass java/util/StringTokenizer
instanceKlass java/util/jar/JarVerifier
instanceKlass java/lang/reflect/Array
instanceKlass java/util/jar/Attributes$Name
instanceKlass java/util/jar/Attributes
instanceKlass java/util/TreeMap$PrivateEntryIterator
instanceKlass java/util/TreeMap$Entry
instanceKlass java/util/NavigableMap
instanceKlass java/util/SortedMap
instanceKlass java/util/SequencedMap
instanceKlass java/util/NavigableSet
instanceKlass java/util/SortedSet
instanceKlass java/util/SequencedSet
instanceKlass sun/security/action/GetIntegerAction
instanceKlass sun/security/util/Debug
instanceKlass sun/security/util/SignatureFileVerifier
instanceKlass java/util/zip/ZipFile$InflaterCleanupAction
instanceKlass java/util/zip/Inflater$InflaterZStreamRef
instanceKlass java/util/zip/Inflater
instanceKlass java/util/zip/ZipEntry
instanceKlass java/util/zip/ZipFile$2
instanceKlass java/nio/Bits$1
instanceKlass jdk/internal/misc/VM$BufferPool
instanceKlass java/nio/Bits
instanceKlass sun/nio/ch/DirectBuffer
instanceKlass jdk/internal/perf/PerfCounter$CoreCounters
instanceKlass jdk/internal/perf/Perf
instanceKlass jdk/internal/perf/Perf$GetPerfAction
instanceKlass jdk/internal/perf/PerfCounter
instanceKlass sun/util/locale/LocaleUtils
instanceKlass sun/util/locale/BaseLocale
instanceKlass java/util/Locale
instanceKlass java/nio/file/attribute/FileTime
instanceKlass java/util/zip/ZipUtils
instanceKlass java/util/zip/ZipFile$Source$End
instanceKlass java/io/RandomAccessFile$2
instanceKlass jdk/internal/access/JavaIORandomAccessFileAccess
instanceKlass java/io/RandomAccessFile
instanceKlass java/io/DataInput
instanceKlass java/io/DataOutput
instanceKlass sun/nio/fs/WindowsNativeDispatcher$CompletionStatus
instanceKlass sun/nio/fs/WindowsNativeDispatcher$AclInformation
instanceKlass sun/nio/fs/WindowsNativeDispatcher$Account
instanceKlass sun/nio/fs/WindowsNativeDispatcher$DiskFreeSpace
instanceKlass sun/nio/fs/WindowsNativeDispatcher$VolumeInformation
instanceKlass sun/nio/fs/WindowsNativeDispatcher$FirstStream
instanceKlass sun/nio/fs/WindowsNativeDispatcher$FirstFile
instanceKlass java/util/concurrent/ConcurrentHashMap$Traverser
instanceKlass java/util/Enumeration
instanceKlass jdk/internal/loader/NativeLibraries$3
instanceKlass jdk/internal/loader/NativeLibrary
instanceKlass java/util/ArrayDeque$DeqIterator
instanceKlass jdk/internal/loader/NativeLibraries$NativeLibraryContext$1
instanceKlass jdk/internal/loader/NativeLibraries$NativeLibraryContext
instanceKlass jdk/internal/loader/NativeLibraries$2
instanceKlass jdk/internal/loader/NativeLibraries$1
instanceKlass jdk/internal/loader/NativeLibraries$LibraryPaths
instanceKlass sun/nio/fs/WindowsNativeDispatcher
instanceKlass sun/nio/fs/NativeBuffer$Deallocator
instanceKlass sun/nio/fs/NativeBuffer
instanceKlass java/lang/ThreadLocal$ThreadLocalMap
instanceKlass java/lang/ThreadLocal
instanceKlass sun/nio/fs/NativeBuffers
instanceKlass sun/nio/fs/WindowsFileAttributes
instanceKlass java/nio/file/attribute/DosFileAttributes
instanceKlass sun/nio/fs/AbstractBasicFileAttributeView
instanceKlass sun/nio/fs/DynamicFileAttributeView
instanceKlass sun/nio/fs/WindowsFileAttributeViews
instanceKlass sun/nio/fs/Util
instanceKlass java/nio/file/attribute/BasicFileAttributeView
instanceKlass java/nio/file/attribute/FileAttributeView
instanceKlass java/nio/file/attribute/AttributeView
instanceKlass java/nio/file/Files
instanceKlass java/nio/file/CopyOption
instanceKlass java/nio/file/attribute/BasicFileAttributes
instanceKlass sun/nio/fs/WindowsPath
instanceKlass java/nio/file/Path
instanceKlass java/nio/file/Watchable
instanceKlass java/util/zip/ZipFile$Source$Key
instanceKlass sun/nio/fs/WindowsPathParser$Result
instanceKlass sun/nio/fs/WindowsPathParser
instanceKlass java/nio/file/FileSystem
instanceKlass java/util/concurrent/ForkJoinPool$ManagedBlocker
instanceKlass java/nio/file/OpenOption
instanceKlass java/util/concurrent/locks/AbstractQueuedSynchronizer$Node
instanceKlass java/nio/file/spi/FileSystemProvider
instanceKlass sun/nio/fs/DefaultFileSystemProvider
instanceKlass java/util/zip/ZipFile$Source
instanceKlass java/lang/ref/Cleaner$Cleanable
instanceKlass jdk/internal/ref/CleanerImpl
instanceKlass java/lang/ref/Cleaner$1
instanceKlass java/lang/ref/Cleaner
instanceKlass jdk/internal/ref/CleanerFactory$1
instanceKlass java/util/concurrent/ThreadFactory
instanceKlass jdk/internal/ref/CleanerFactory
instanceKlass java/util/zip/ZipCoder
instanceKlass java/util/zip/ZipFile$CleanableResource
instanceKlass java/lang/Runtime$Version
instanceKlass java/util/jar/JavaUtilJarAccessImpl
instanceKlass jdk/internal/access/JavaUtilJarAccess
instanceKlass jdk/internal/loader/FileURLMapper
instanceKlass jdk/internal/loader/URLClassPath$JarLoader$1
instanceKlass java/util/zip/ZipFile$1
instanceKlass jdk/internal/access/JavaUtilZipFileAccess
instanceKlass java/util/zip/ZipFile
instanceKlass java/util/zip/ZipConstants
instanceKlass jdk/internal/loader/URLClassPath$Loader
instanceKlass jdk/internal/loader/URLClassPath$3
instanceKlass java/security/PrivilegedExceptionAction
instanceKlass sun/net/util/URLUtil
instanceKlass java/lang/StringCoding
instanceKlass java/nio/charset/CharsetDecoder
instanceKlass sun/nio/cs/ArrayDecoder
instanceKlass sun/launcher/LauncherHelper
instanceKlass java/lang/invoke/StringConcatFactory
instanceKlass java/lang/ModuleLayer$Controller
instanceKlass java/util/concurrent/CopyOnWriteArrayList
instanceKlass jdk/internal/module/ServicesCatalog$ServiceProvider
instanceKlass jdk/internal/loader/AbstractClassLoaderValue$Memoizer
instanceKlass java/util/ImmutableCollections$ListItr
instanceKlass java/util/ListIterator
instanceKlass java/lang/ModuleLayer
instanceKlass jdk/internal/module/ModuleLoaderMap$Modules
instanceKlass jdk/internal/module/ModuleLoaderMap$Mapper
instanceKlass jdk/internal/module/ModuleLoaderMap
instanceKlass java/util/AbstractMap$1$1
instanceKlass java/lang/module/ResolvedModule
instanceKlass java/lang/module/Configuration
instanceKlass jdk/internal/loader/BuiltinClassLoader$LoadedModule
instanceKlass jdk/internal/loader/AbstractClassLoaderValue
instanceKlass jdk/internal/module/ServicesCatalog
instanceKlass java/util/Deque
instanceKlass java/util/Queue
instanceKlass sun/net/util/IPAddressUtil$MASKS
instanceKlass sun/net/util/IPAddressUtil
instanceKlass java/net/URLStreamHandler
instanceKlass sun/net/www/ParseUtil
instanceKlass java/net/URL$3
instanceKlass jdk/internal/access/JavaNetURLAccess
instanceKlass java/net/URL$DefaultFactory
instanceKlass java/net/URLStreamHandlerFactory
instanceKlass jdk/internal/loader/URLClassPath
instanceKlass java/security/Principal
instanceKlass java/security/ProtectionDomain$Key
instanceKlass java/security/ProtectionDomain$JavaSecurityAccessImpl
instanceKlass jdk/internal/access/JavaSecurityAccess
instanceKlass java/lang/ClassLoader$ParallelLoaders
instanceKlass java/security/cert/Certificate
instanceKlass jdk/internal/loader/ArchivedClassLoaders
instanceKlass java/util/concurrent/ConcurrentHashMap$CollectionView
instanceKlass jdk/internal/loader/ClassLoaderHelper
instanceKlass jdk/internal/loader/NativeLibraries
instanceKlass java/lang/Module$EnableNativeAccess
instanceKlass jdk/internal/loader/BootLoader
instanceKlass java/util/Optional
instanceKlass jdk/internal/module/SystemModuleFinders$SystemModuleFinder
instanceKlass java/lang/module/ModuleFinder
instanceKlass jdk/internal/module/SystemModuleFinders$3
instanceKlass jdk/internal/module/ModuleHashes$HashSupplier
instanceKlass jdk/internal/module/SystemModuleFinders$2
instanceKlass java/util/function/Supplier
instanceKlass java/lang/module/ModuleReference
instanceKlass jdk/internal/module/ModuleResolution
instanceKlass java/util/Collections$UnmodifiableMap
instanceKlass jdk/internal/module/ModuleHashes$Builder
instanceKlass jdk/internal/module/ModuleHashes
instanceKlass jdk/internal/module/ModuleTarget
instanceKlass java/util/ImmutableCollections$Set12$1
instanceKlass java/lang/reflect/AccessFlag$18
instanceKlass java/lang/reflect/AccessFlag$17
instanceKlass java/lang/reflect/AccessFlag$16
instanceKlass java/lang/reflect/AccessFlag$15
instanceKlass java/lang/reflect/AccessFlag$14
instanceKlass java/lang/reflect/AccessFlag$13
instanceKlass java/lang/reflect/AccessFlag$12
instanceKlass java/lang/reflect/AccessFlag$11
instanceKlass java/lang/reflect/AccessFlag$10
instanceKlass java/lang/reflect/AccessFlag$9
instanceKlass java/lang/reflect/AccessFlag$8
instanceKlass java/lang/reflect/AccessFlag$7
instanceKlass java/lang/reflect/AccessFlag$6
instanceKlass java/lang/reflect/AccessFlag$5
instanceKlass java/lang/reflect/AccessFlag$4
instanceKlass java/lang/reflect/AccessFlag$3
instanceKlass java/lang/reflect/AccessFlag$2
instanceKlass java/lang/reflect/AccessFlag$1
instanceKlass java/lang/module/ModuleDescriptor$Version
instanceKlass java/lang/module/ModuleDescriptor$Provides
instanceKlass java/lang/module/ModuleDescriptor$Opens
instanceKlass java/util/ImmutableCollections$SetN$SetNIterator
instanceKlass java/lang/module/ModuleDescriptor$Exports
instanceKlass java/lang/module/ModuleDescriptor$Requires
instanceKlass jdk/internal/module/Builder
instanceKlass jdk/internal/module/SystemModules$default
instanceKlass jdk/internal/module/SystemModules
instanceKlass jdk/internal/module/SystemModulesMap
instanceKlass java/net/URI$1
instanceKlass jdk/internal/access/JavaNetUriAccess
instanceKlass java/net/URI
instanceKlass jdk/internal/module/SystemModuleFinders
instanceKlass jdk/internal/module/ArchivedModuleGraph
instanceKlass jdk/internal/module/ArchivedBootLayer
instanceKlass jdk/internal/module/ModuleBootstrap$Counters
instanceKlass jdk/internal/module/ModulePatcher
instanceKlass java/io/FileSystem
instanceKlass java/io/DefaultFileSystem
instanceKlass java/io/File
instanceKlass java/lang/module/ModuleDescriptor$1
instanceKlass jdk/internal/access/JavaLangModuleAccess
instanceKlass sun/invoke/util/VerifyAccess
instanceKlass java/util/KeyValueHolder
instanceKlass java/util/ImmutableCollections$MapN$MapNIterator
instanceKlass java/lang/StrictMath
instanceKlass java/lang/invoke/MethodHandles$Lookup
instanceKlass java/lang/invoke/MemberName$Factory
instanceKlass java/lang/invoke/MethodHandles
instanceKlass java/lang/module/ModuleDescriptor
instanceKlass jdk/internal/module/ModuleBootstrap
instanceKlass java/lang/Character$CharacterCache
instanceKlass java/util/HexFormat
instanceKlass jdk/internal/util/ClassFileDumper
instanceKlass sun/security/action/GetPropertyAction
instanceKlass java/lang/invoke/MethodHandleStatics
instanceKlass java/util/Collections
instanceKlass java/util/concurrent/locks/AbstractQueuedSynchronizer$ConditionObject
instanceKlass java/util/concurrent/locks/Condition
instanceKlass jdk/internal/misc/Blocker
instanceKlass java/lang/Thread$ThreadIdentifiers
instanceKlass sun/io/Win32ErrorMode
instanceKlass jdk/internal/misc/OSEnvironment
instanceKlass java/lang/Integer$IntegerCache
instanceKlass jdk/internal/misc/Signal$NativeHandler
instanceKlass java/util/Hashtable$Entry
instanceKlass jdk/internal/misc/Signal
instanceKlass java/lang/Terminator$1
instanceKlass jdk/internal/misc/Signal$Handler
instanceKlass java/lang/Terminator
instanceKlass java/nio/ByteOrder
instanceKlass java/nio/Buffer$2
instanceKlass jdk/internal/access/JavaNioAccess
instanceKlass java/nio/Buffer$1
instanceKlass jdk/internal/misc/ScopedMemoryAccess
instanceKlass java/nio/charset/CodingErrorAction
instanceKlass sun/nio/cs/SingleByte
instanceKlass java/lang/StringUTF16
instanceKlass sun/nio/cs/MS1252$Holder
instanceKlass java/nio/charset/CharsetEncoder
instanceKlass sun/nio/cs/ArrayEncoder
instanceKlass java/io/Writer
instanceKlass java/io/PrintStream$1
instanceKlass jdk/internal/access/JavaIOPrintStreamAccess
instanceKlass jdk/internal/misc/InternalLock
instanceKlass java/io/OutputStream
instanceKlass java/io/Flushable
instanceKlass java/io/FileDescriptor$1
instanceKlass jdk/internal/access/JavaIOFileDescriptorAccess
instanceKlass java/io/FileDescriptor
instanceKlass jdk/internal/util/StaticProperty
instanceKlass jdk/internal/reflect/MethodHandleAccessorFactory
instanceKlass java/lang/reflect/Modifier
instanceKlass java/lang/Class$1
instanceKlass java/lang/Class$Atomic
instanceKlass java/lang/Class$ReflectionData
instanceKlass java/nio/charset/StandardCharsets
instanceKlass sun/nio/cs/HistoricallyNamedCharset
instanceKlass java/nio/charset/spi/CharsetProvider
instanceKlass java/nio/charset/Charset
instanceKlass java/util/HashMap$HashIterator
instanceKlass java/util/concurrent/locks/LockSupport
instanceKlass java/util/concurrent/ConcurrentHashMap$Node
instanceKlass java/util/concurrent/ConcurrentHashMap$CounterCell
instanceKlass java/util/concurrent/locks/ReentrantLock
instanceKlass java/util/concurrent/locks/Lock
instanceKlass java/lang/CharacterData
instanceKlass java/util/Arrays
instanceKlass jdk/internal/util/Preconditions$3
instanceKlass jdk/internal/util/Preconditions$2
instanceKlass jdk/internal/util/Preconditions$4
instanceKlass java/util/function/BiFunction
instanceKlass jdk/internal/util/Preconditions$1
instanceKlass java/util/function/Function
instanceKlass jdk/internal/util/Preconditions
instanceKlass java/lang/Runtime
instanceKlass java/lang/VersionProps
instanceKlass java/lang/StringConcatHelper
instanceKlass java/util/HashMap$Node
instanceKlass java/util/Map$Entry
instanceKlass jdk/internal/util/ArraysSupport
instanceKlass jdk/internal/util/SystemProps$Raw
instanceKlass jdk/internal/util/SystemProps
instanceKlass java/lang/System$2
instanceKlass jdk/internal/access/JavaLangAccess
instanceKlass java/lang/ref/NativeReferenceQueue$Lock
instanceKlass java/lang/ref/ReferenceQueue
instanceKlass java/lang/ref/Reference$1
instanceKlass jdk/internal/access/JavaLangRefAccess
instanceKlass jdk/internal/reflect/ReflectionFactory
instanceKlass java/lang/Math
instanceKlass java/lang/StringLatin1
instanceKlass jdk/internal/reflect/Reflection
instanceKlass jdk/internal/reflect/ReflectionFactory$GetReflectionFactoryAction
instanceKlass java/security/PrivilegedAction
instanceKlass jdk/internal/access/SharedSecrets
instanceKlass java/lang/reflect/ReflectAccess
instanceKlass jdk/internal/access/JavaLangReflectAccess
instanceKlass java/util/ImmutableCollections
instanceKlass java/util/Objects
instanceKlass java/util/Set
instanceKlass jdk/internal/misc/CDS
instanceKlass java/lang/Module$ArchivedData
instanceKlass jdk/internal/misc/VM
instanceKlass java/lang/String$CaseInsensitiveComparator
instanceKlass java/util/Comparator
instanceKlass java/io/ObjectStreamField
instanceKlass jdk/internal/vm/FillerObject
instanceKlass jdk/internal/vm/vector/VectorSupport$VectorPayload
instanceKlass jdk/internal/vm/vector/VectorSupport
instanceKlass java/lang/reflect/RecordComponent
instanceKlass java/util/Iterator
instanceKlass java/lang/Number
instanceKlass java/lang/Character
instanceKlass java/lang/Boolean
instanceKlass java/util/concurrent/locks/AbstractOwnableSynchronizer
instanceKlass java/lang/LiveStackFrame
instanceKlass java/lang/StackFrameInfo
instanceKlass java/lang/StackWalker$StackFrame
instanceKlass java/lang/StackStreamFactory$AbstractStackWalker
instanceKlass java/lang/StackWalker
instanceKlass java/nio/Buffer
instanceKlass java/lang/StackTraceElement
instanceKlass java/util/AbstractCollection
instanceKlass java/util/RandomAccess
instanceKlass java/util/List
instanceKlass java/util/SequencedCollection
instanceKlass java/util/Collection
instanceKlass java/lang/Iterable
instanceKlass java/util/AbstractMap
instanceKlass java/util/concurrent/ConcurrentMap
instanceKlass java/security/CodeSource
instanceKlass jdk/internal/loader/ClassLoaders
instanceKlass java/util/jar/Manifest
instanceKlass java/lang/Enum
instanceKlass java/net/URL
instanceKlass java/io/InputStream
instanceKlass java/io/Closeable
instanceKlass java/lang/AutoCloseable
instanceKlass jdk/internal/module/Modules
instanceKlass jdk/internal/misc/Unsafe
instanceKlass jdk/internal/misc/UnsafeConstants
instanceKlass java/lang/AbstractStringBuilder
instanceKlass java/lang/Appendable
instanceKlass java/lang/AssertionStatusDirectives
instanceKlass jdk/internal/foreign/abi/ABIDescriptor
instanceKlass jdk/internal/foreign/abi/NativeEntryPoint
instanceKlass java/lang/invoke/CallSite
instanceKlass java/lang/invoke/MethodType
instanceKlass java/lang/invoke/TypeDescriptor$OfMethod
instanceKlass java/lang/invoke/LambdaForm
instanceKlass java/lang/invoke/MethodHandleNatives
instanceKlass java/lang/invoke/ResolvedMethodName
instanceKlass java/lang/invoke/MemberName
instanceKlass java/lang/invoke/VarHandle
instanceKlass java/lang/invoke/MethodHandle
instanceKlass jdk/internal/reflect/CallerSensitive
instanceKlass java/lang/annotation/Annotation
instanceKlass jdk/internal/reflect/FieldAccessor
instanceKlass jdk/internal/reflect/ConstantPool
instanceKlass jdk/internal/reflect/ConstructorAccessor
instanceKlass jdk/internal/reflect/MethodAccessor
instanceKlass jdk/internal/reflect/MagicAccessorImpl
instanceKlass jdk/internal/vm/StackChunk
instanceKlass jdk/internal/vm/Continuation
instanceKlass jdk/internal/vm/ContinuationScope
instanceKlass java/lang/reflect/Parameter
instanceKlass java/lang/reflect/Member
instanceKlass java/lang/reflect/AccessibleObject
instanceKlass java/lang/Module
instanceKlass java/util/Dictionary
instanceKlass java/util/Map
instanceKlass java/lang/ThreadGroup
instanceKlass java/lang/Thread$UncaughtExceptionHandler
instanceKlass java/lang/Thread$Constants
instanceKlass java/lang/Thread$FieldHolder
instanceKlass java/lang/Thread
instanceKlass java/lang/Runnable
instanceKlass java/lang/ref/Reference
instanceKlass java/lang/Record
instanceKlass java/security/AccessController
instanceKlass java/security/AccessControlContext
instanceKlass java/security/ProtectionDomain
instanceKlass java/lang/SecurityManager
instanceKlass java/lang/Throwable
instanceKlass java/lang/System
instanceKlass java/lang/ClassLoader
instanceKlass java/lang/Cloneable
instanceKlass java/lang/Class
instanceKlass java/lang/invoke/TypeDescriptor$OfField
instanceKlass java/lang/invoke/TypeDescriptor
instanceKlass java/lang/reflect/Type
instanceKlass java/lang/reflect/GenericDeclaration
instanceKlass java/lang/reflect/AnnotatedElement
instanceKlass java/lang/String
instanceKlass java/lang/constant/ConstantDesc
instanceKlass java/lang/constant/Constable
instanceKlass java/lang/CharSequence
instanceKlass java/lang/Comparable
instanceKlass java/io/Serializable
ciInstanceKlass java/lang/Object 1 1 124 100 1 10 12 1 1 10 7 12 1 1 1 10 100 12 1 1 1 10 12 1 1 8 1 10 12 1 1 10 100 12 1 1 1 10 12 1 10 12 1 1 10 7 12 1 1 1 10 12 1 10 12 1 7 1 10 100 12 1 1 1 10 12 1 1 10 12 1 100 1 8 1 10 12 1 3 8 1 100 1 5 0 1 1 1 1 1 1 1 1 1 1 1 1 1 1 1 1 7 1 1 1 1 1 1 1 1 1 1 7 1 1 1 1 1 1 1 1 1 1 3 1 1
ciInstanceKlass java/io/Serializable 1 0 7 100 1 100 1 1 1
ciInstanceKlass java/lang/Comparable 1 0 12 100 1 100 1 1 1 1 1 1 1 1
ciInstanceKlass java/lang/CharSequence 1 1 131 11 100 12 1 1 1 18 12 1 1 100 1 10 100 12 1 1 1 18 10 100 12 1 1 1 11 12 1 1 11 100 1 11 12 1 1 10 100 12 1 1 1 11 12 1 1 100 1 10 12 1 1 10 100 12 1 1 1 100 1 10 10 12 1 1 100 1 1 1 1 1 1 1 1 1 1 1 1 1 1 1 1 1 1 1 1 1 1 1 1 1 1 1 1 1 1 1 1 1 16 1 15 11 12 16 15 11 12 15 10 100 12 1 1 1 1 1 100 1 100 1 1 100 1 1 100 1 100 1 1
ciInstanceKlass java/lang/constant/Constable 1 0 11 100 1 100 1 1 1 1 1 1 1
ciInstanceKlass java/lang/constant/ConstantDesc 1 0 37 100 1 100 1 1 1 1 100 1 1 1 1 100 1 100 1 100 1 100 1 100 1 100 1 100 1 100 1 100 1 1 100 1 100 1 1
ciInstanceKlass java/lang/String 1 1 1451 10 7 12 1 1 1 8 1 9 7 12 1 1 1 9 12 1 1 9 12 1 1 9 12 1 1 10 12 1 10 12 1 1 10 12 1 1 9 12 1 10 7 12 1 1 1 10 12 1 1 10 12 1 10 7 12 1 1 1 10 12 1 1 10 12 1 1 10 12 1 10 12 1 1 10 12 1 10 7 12 1 1 1 7 1 9 7 12 1 1 1 10 7 12 1 1 1 10 12 1 1 10 12 1 1 10 7 12 1 1 1 10 12 1 1 9 7 12 1 1 10 12 9 7 12 1 1 10 12 1 1 3 10 12 1 1 7 1 11 12 1 1 11 12 1 11 12 1 1 10 100 12 1 1 1 10 12 1 1 9 100 12 1 1 1 10 12 1 1 10 12 1 11 12 1 1 10 12 1 10 12 10 12 1 1 10 100 12 1 1 1 10 7 12 1 1 1 10 12 1 1 100 1 100 1 10 12 1 10 12 1 10 12 1 1 10 12 1 1 100 1 10 12 1 1 100 1 10 12 1 1 10 12 1 1 10 12 1 10 10 12 1 100 1 100 1 100 1 10 12 1 10 12 1 1 10 12 1 1 10 12 1 10 12 1 1 10 12 1 1 10 100 12 1 1 100 1 11 10 7 12 1 1 11 12 1 11 12 1 10 12 1 1 10 12 1 10 12 10 12 1 1 10 10 100 12 1 1 1 10 100 12 1 1 10 12 1 1 10 100 12 1 1 10 12 1 10 12 1 1 10 12 1 1 10 12 1 10 12 1 10 12 1 1 100 1 10 12 1 1 10 12 10 12 1 10 12 1 1 10 12 1 1 10 7 12 1 1 1 10 12 1 10 12 1 1 10 12 1 10 12 1 3 3 10 12 1 1 10 12 1 10 12 1 1 10 12 1 1 10 12 1 1 10 12 1 10 12 1 1 10 12 1 1 10 12 1 10 12 1 10 12 1 10 12 1 1 10 12 1 10 12 1 10 12 1 10 12 1 10 12 1 10 12 1 10 100 1 10 8 1 10 12 1 1 10 12 1 8 1 10 12 1 1 10 12 10 12 1 8 1 10 10 12 1 1 10 12 1 1 10 12 1 1 10 100 1 10 10 12 1 10 12 1 10 12 1 10 10 12 1 10 12 1 10 12 1 10 12 1 10 12 1 10 12 1 10 12 1 1 10 12 1 1 10 12 1 1 10 10 12 1 1 10 10 12 1 100 1 10 10 12 1 1 10 12 1 1 10 7 1 10 12 1 10 12 1 10 7 12 1 1 1 10 12 1 10 12 1 1 10 12 1 11 7 1 11 12 10 12 1 10 12 1 1 10 12 1 1 10 10 12 1 10 12 1 9 12 1 1 11 7 12 1 1 1 10 12 10 10 12 1 10 12 1 1 10 10 12 1 10 12 1 10 12 1 1 10 12 1 1 10 10 12 1 1 10 12 1 10 10 12 1 10 12 10 10 12 10 10 12 1 10 12 1 10 10 12 10 7 12 1 1 1 10 12 10 10 12 10 12 1 10 12 10 12 10 10 12 1 10 12 1 1 10 12 1 1 10 10 12 1 10 7 12 1 1 1 10 12 1 1 10 10 7 12 1 1 1 11 10 12 1 10 12 1 1 10 12 1 1 10 7 12 1 1 1 10 12 1 10 12 1 10 12 1 10 12 1 10 12 1 10 12 1 100 1 100 1 8 1 10 10 10 12 1 10 12 1 1 8 1 10 12 1 3 3 10 12 1 10 12 1 1 10 12 7 1 10 10 12 1 1 10 12 1 10 12 1 10 12 1 1 10 12 1 1 11 7 12 1 1 1 7 1 10 12 1 10 12 1 1 8 1 10 12 1 1 10 12 1 11 7 12 1 1 1 11 7 12 1 1 11 12 1 10 12 1 10 12 1 1 10 10 7 12 1 1 1 10 12 1 10 12 1 10 10 12 10 12 1 1 10 10 12 1 10 10 12 1 10 10 12 1 10 10 12 1 10 12 1 1 10 10 12 1 8 1 10 12 1 1 18 12 1 1 11 100 12 1 1 1 7 1 3 18 12 1 18 12 1 8 1 10 100 12 1 1 1 11 12 1 1 10 12 10 10 12 1 10 11 12 1 1 10 12 1 1 11 12 1 18 3 11 10 12 1 11 11 10 12 1 10 12 1 1 8 1 10 12 1 10 12 1 10 12 1 1 10 10 12 1 11 100 12 1 7 1 100 1 10 12 100 1 10 10 7 12 1 1 1 7 1 10 7 1 10 10 12 1 10 10 12 1 8 1 10 10 12 1 8 1 8 1 10 12 1 10 12 1 10 10 12 10 100 12 1 1 10 7 12 1 1 10 100 12 1 1 8 1 10 12 1 10 12 1 10 9 12 1 10 12 9 7 12 1 1 1 10 12 1 10 12 1 10 12 1 10 12 10 12 1 10 12 1 8 1 10 100 12 1 1 1 10 12 10 12 1 1 10 12 10 10 12 10 12 7 1 9 12 1 1 7 1 10 100 1 100 1 100 1 100 1 1 1 1 1 1 5 0 1 1 1 1 1 3 1 3 1 1 1 1 1 1 1 1 1 1 1 1 1 1 1 100 1 1 1 1 1 1 1 1 1 1 1 1 1 1 1 1 1 1 1 1 1 1 1 1 1 1 1 1 1 1 1 100 1 1 1 1 1 1 1 1 1 1 1 1 100 1 1 1 1 1 1 1 1 1 1 1 1 1 1 1 1 1 1 1 1 1 1 1 1 1 1 1 1 1 1 1 1 1 1 1 1 1 1 1 1 1 1 1 1 1 1 1 1 1 1 1 1 1 1 1 1 1 1 1 1 1 1 1 1 1 1 1 1 1 1 1 1 1 1 1 1 1 1 1 1 1 1 1 1 1 1 1 1 1 1 1 1 1 1 1 1 1 1 1 1 1 1 1 1 1 1 1 1 1 1 1 1 1 1 1 1 1 1 1 1 1 1 1 1 1 1 1 1 1 1 1 1 1 1 1 1 1 1 1 1 1 1 1 1 1 1 1 1 1 1 1 1 1 1 1 1 1 1 1 1 1 1 1 1 1 1 1 1 1 1 1 1 1 1 100 1 1 1 1 1 1 1 1 1 1 1 1 1 1 1 1 1 1 1 1 1 1 1 100 1 1 1 1 1 1 1 1 1 1 1 1 1 1 1 100 1 1 1 1 1 1 1 1 1 1 1 1 1 1 1 16 15 10 12 16 15 10 12 15 10 12 15 10 12 15 10 100 12 1 1 1 1 1 1 1 100 1 100 1 1 1
staticfield java/lang/String COMPACT_STRINGS Z 1
staticfield java/lang/String serialPersistentFields [Ljava/io/ObjectStreamField; 0 [Ljava/io/ObjectStreamField;
staticfield java/lang/String CASE_INSENSITIVE_ORDER Ljava/util/Comparator; java/lang/String$CaseInsensitiveComparator
ciInstanceKlass java/lang/reflect/AnnotatedElement 1 1 164 11 7 12 1 1 1 11 12 1 1 100 1 10 100 12 1 1 1 10 12 1 1 10 12 1 1 10 12 1 10 100 12 1 1 1 11 12 1 1 11 100 12 1 1 10 100 12 1 1 1 10 12 1 10 100 12 1 1 1 18 12 1 1 11 100 12 1 1 18 12 1 18 12 1 1 10 100 12 1 1 1 11 100 12 1 1 1 100 1 10 100 12 1 1 1 1 1 1 1 1 1 1 1 1 1 1 1 1 1 1 1 1 1 1 1 1 1 100 1 1 1 1 1 1 1 1 1 1 1 16 15 16 1 16 1 15 11 12 16 16 1 15 10 100 12 1 1 1 16 1 15 10 100 12 1 1 1 1 100 1 100 1 1
ciInstanceKlass java/lang/reflect/GenericDeclaration 1 0 30 100 1 100 1 100 1 1 1 1 1 1 1 1 100 1 8 1 1 12 10 1 1 1 8 1 1 1 8 1
ciInstanceKlass java/lang/reflect/Type 1 1 17 11 7 12 1 1 1 100 1 1 1 1 1 1 1 1 1
ciInstanceKlass java/lang/invoke/TypeDescriptor 1 0 17 100 1 100 1 1 1 1 1 1 100 1 100 1 1 1 1
ciInstanceKlass java/lang/invoke/TypeDescriptor$OfField 1 0 21 100 1 100 1 100 1 1 1 1 1 1 1 1 1 1 1 1 1 1 1
ciInstanceKlass java/lang/Class 1 1 1687 10 7 12 1 1 1 9 7 12 1 1 1 9 12 1 1 10 12 1 1 8 1 10 12 1 8 1 8 1 10 12 1 1 10 7 12 1 1 1 10 12 1 7 1 10 10 12 1 10 12 1 1 10 12 1 1 10 12 1 1 10 7 12 1 1 10 12 1 10 12 1 10 12 1 8 1 10 12 1 8 1 10 12 1 8 1 8 1 10 12 1 1 10 100 12 1 1 1 18 12 1 1 11 100 12 1 1 1 8 1 8 1 8 1 10 100 12 1 1 1 11 12 1 1 8 1 10 12 1 10 11 100 12 1 1 1 11 100 12 1 1 1 11 8 1 18 8 1 10 12 1 10 7 12 1 1 10 12 1 1 10 7 12 1 1 1 10 12 1 1 10 12 1 1 10 7 12 1 1 1 10 12 9 100 12 1 1 1 10 100 12 1 1 1 10 12 1 10 7 12 1 1 1 10 12 1 1 18 12 1 1 10 7 12 1 1 1 10 7 12 1 10 12 1 1 10 7 1 100 1 10 12 1 1 9 12 1 1 7 1 8 1 10 12 1 10 12 1 1 10 12 1 1 10 7 12 1 1 1 7 1 10 12 1 7 1 7 1 10 10 12 1 1 10 12 1 1 100 1 10 100 12 1 1 1 10 12 1 1 10 12 1 1 9 12 1 1 10 12 1 10 12 1 1 9 12 1 1 9 12 1 1 10 12 1 1 10 7 1 10 12 1 10 12 1 10 12 1 1 10 9 12 1 10 12 1 8 1 10 12 1 1 10 12 1 1 10 12 1 10 12 1 1 10 12 1 1 10 12 1 1 9 7 12 1 1 1 10 7 12 1 1 10 12 10 12 1 10 12 1 10 12 1 10 12 1 9 100 12 1 1 1 9 12 1 10 12 1 10 100 12 1 1 1 10 12 1 1 10 100 12 1 1 10 12 1 10 12 1 1 10 100 12 1 1 1 10 12 1 10 12 1 1 10 12 1 10 12 1 10 12 1 1 10 7 1 10 10 10 12 1 1 10 12 1 1 10 12 10 10 12 1 1 100 1 8 1 10 10 12 1 1 10 12 1 100 1 11 12 1 10 100 12 1 1 10 12 1 10 12 1 10 100 12 1 1 10 10 12 1 1 8 1 10 12 1 10 12 1 1 8 1 10 12 1 9 12 1 10 12 1 10 12 1 10 12 1 10 12 100 1 9 12 1 10 12 1 9 12 1 10 12 1 10 12 1 10 12 1 10 10 12 1 10 12 1 10 7 12 1 1 10 12 1 10 12 1 10 12 1 1 10 12 1 10 12 1 10 12 1 100 1 10 12 1 10 12 1 1 10 12 1 1 10 12 1 1 10 12 1 1 10 12 1 1 10 12 1 1 7 1 10 10 12 1 1 10 12 1 1 10 12 1 1 10 10 12 1 10 12 1 1 10 12 1 1 10 12 1 1 10 12 1 1 7 1 10 10 12 11 100 12 1 1 10 12 1 10 12 1 10 7 12 1 1 1 10 12 1 1 10 10 12 1 1 100 1 10 10 12 1 1 10 100 12 1 1 1 100 1 7 1 10 12 1 1 10 12 1 10 10 12 1 1 10 12 1 10 12 1 10 12 1 10 100 12 1 1 1 11 7 12 1 1 10 12 1 10 12 1 9 12 1 10 12 1 1 10 12 1 9 100 12 1 1 1 9 12 1 10 100 12 1 1 1 10 12 1 10 12 1 10 100 12 1 1 1 10 12 1 10 12 10 12 1 1 100 1 10 8 1 10 12 1 11 11 12 1 1 11 7 12 1 1 11 12 1 8 1 10 12 1 10 12 1 1 9 12 1 9 12 1 1 10 7 12 1 1 9 12 1 10 12 1 1 10 10 12 1 10 7 12 1 1 1 10 7 12 1 1 10 7 12 1 1 9 12 1 1 10 12 1 9 12 1 10 12 1 10 12 1 1 9 12 1 1 9 12 1 10 12 1 10 12 1 1 9 12 1 7 1 10 10 12 1 1 7 1 10 12 1 1 7 11 7 1 9 12 1 1 9 12 1 7 1 10 12 1 9 12 1 1 9 12 1 10 12 1 10 12 1 1 9 12 1 7 1 10 10 12 1 1 10 10 12 1 10 12 10 10 12 1 9 12 1 10 12 1 1 10 7 12 1 1 1 10 12 1 1 10 12 1 8 10 7 8 1 18 8 1 8 1 10 12 1 9 12 1 9 12 1 1 10 12 1 7 1 7 1 10 12 1 9 12 1 1 7 1 10 10 12 1 10 7 1 9 12 1 8 1 10 12 1 7 1 10 12 1 10 12 1 1 100 1 100 1 9 12 1 100 1 8 1 10 10 7 12 1 1 1 10 12 11 7 12 1 1 1 10 12 1 10 12 1 1 10 8 1 8 1 10 12 1 1 9 7 12 1 1 11 12 7 1 11 100 12 1 1 9 12 1 10 100 12 1 1 1 10 7 12 1 1 10 12 1 1 9 12 1 9 10 12 1 1 10 12 1 1 10 12 1 1 10 12 1 1 10 12 1 1 11 12 1 7 1 11 12 1 10 7 12 1 1 1 10 12 1 11 12 1 10 100 12 1 1 1 10 12 1 10 100 12 1 1 1 11 12 1 11 12 1 1 10 12 1 10 12 1 1 9 12 1 1 9 100 12 1 1 10 12 1 10 100 12 1 1 1 10 12 1 1 10 12 1 10 12 1 10 12 1 10 7 12 1 1 1 10 12 1 8 1 10 12 1 10 12 1 10 12 1 100 1 10 12 10 100 12 1 1 1 11 100 12 1 1 1 10 12 1 1 10 12 1 18 12 1 1 11 12 1 1 18 11 12 1 18 12 1 11 12 1 10 12 1 1 10 12 1 10 12 1 10 12 1 10 12 1 10 12 10 12 1 8 1 10 12 1 7 1 9 12 1 1 100 1 100 1 100 1 100 1 1 1 3 1 3 1 3 1 1 1 1 1 1 1 5 0 1 1 1 1 1 1 1 1 1 1 1 1 1 1 1 1 1 1 1 1 1 1 1 1 100 1 1 1 1 1 1 1 100 1 1 1 1 1 7 1 1 1 1 1 1 1 1 1 1 1 1 1 1 1 1 1 1 1 1 1 1 1 1 1 1 1 1 1 1 1 1 1 1 1 1 1 1 1 1 1 1 100 1 1 1 1 1 1 1 1 1 1 1 1 1 1 1 1 1 1 1 1 1 1 1 1 1 1 1 1 1 1 1 100 1 1 1 1 1 1 1 1 1 1 1 1 1 1 1 1 1 1 1 1 3 1 1 1 1 1 1 1 1 1 1 1 1 1 1 1 1 1 1 1 1 1 1 1 1 1 1 1 1 1 1 1 1 1 1 1 100 1 100 1 1 1 1 1 1 1 100 1 1 1 1 1 1 1 1 1 1 1 1 1 1 1 1 1 1 1 1 1 1 1 1 1 1 1 1 1 1 1 1 1 1 1 1 1 1 1 1 1 1 1 1 1 1 1 1 1 1 1 1 1 1 1 1 1 1 1 1 1 1 1 1 1 1 1 1 1 1 1 1 1 1 1 1 1 1 1 1 1 1 1 1 1 1 1 1 1 1 1 1 1 1 1 1 1 1 1 1 1 1 1 1 1 1 1 1 1 1 1 1 1 1 1 1 1 1 1 1 1 1 1 1 16 15 10 12 16 15 11 12 16 1 16 15 16 15 10 12 16 16 15 10 12 16 15 16 1 15 10 12 16 15 10 100 12 1 1 1 1 1 1 1 1 1 1 1 1 1 100 1 1 100 1 100 1 1 100 1 100 1 1 100 1 100 1 1
staticfield java/lang/Class EMPTY_CLASS_ARRAY [Ljava/lang/Class; 0 [Ljava/lang/Class;
staticfield java/lang/Class serialPersistentFields [Ljava/io/ObjectStreamField; 0 [Ljava/io/ObjectStreamField;
ciInstanceKlass java/lang/Cloneable 1 0 7 100 1 100 1 1 1
instanceKlass jdk/internal/reflect/DelegatingClassLoader
instanceKlass java/security/SecureClassLoader
ciInstanceKlass java/lang/ClassLoader 1 1 1108 9 7 12 1 1 1 10 7 12 1 1 1 9 12 1 1 10 7 12 1 1 1 7 1 10 12 1 1 10 12 1 1 9 12 1 1 10 12 1 1 100 1 10 12 1 10 12 1 1 10 7 12 1 1 1 100 1 8 1 10 12 1 10 7 12 1 1 1 10 100 12 1 10 7 1 10 7 1 7 1 7 1 10 12 1 10 12 1 9 12 1 1 10 10 7 12 1 1 1 9 12 1 1 9 12 1 9 12 1 1 9 12 1 9 12 1 1 9 12 1 1 7 1 10 12 1 9 12 1 1 10 12 1 1 10 7 12 1 1 1 9 12 1 9 12 1 1 9 12 1 10 12 1 1 9 12 10 12 1 1 7 1 10 8 1 10 12 1 1 10 12 1 10 7 1 7 1 10 12 1 1 10 100 12 1 1 1 8 1 10 12 1 10 12 1 10 12 1 1 10 12 1 1 10 12 1 1 10 12 1 1 10 12 1 1 10 12 1 100 1 10 12 1 10 100 12 1 1 1 10 12 1 1 10 12 1 10 12 1 10 12 1 10 12 1 10 12 1 1 10 10 12 1 10 12 1 10 100 12 1 1 10 12 1 1 10 12 1 1 10 12 1 100 1 10 12 1 100 1 10 12 1 10 100 12 1 1 1 10 10 12 1 1 10 12 1 1 100 1 8 1 10 8 1 10 12 1 10 12 1 100 1 8 1 10 12 1 1 10 12 1 1 10 10 12 1 1 10 12 1 1 10 12 1 1 10 7 1 10 12 1 1 10 12 1 1 10 12 1 1 10 12 1 1 10 12 1 1 10 12 1 1 10 12 1 10 7 12 1 1 1 10 12 1 10 12 1 10 12 1 1 10 12 1 10 12 1 10 12 1 10 12 1 1 10 12 1 10 12 1 1 8 1 9 12 1 10 12 1 1 8 1 8 1 10 7 12 1 1 100 1 10 10 12 10 12 1 10 12 1 10 12 1 10 12 1 1 10 7 12 1 1 10 12 1 10 7 1 7 1 10 12 1 1 10 12 1 10 7 1 10 12 1 100 1 18 12 1 10 100 12 1 1 1 10 100 12 1 1 1 10 7 12 1 1 10 12 1 10 12 1 100 1 10 12 1 8 1 10 10 12 1 1 10 12 1 10 12 1 1 100 1 10 12 1 10 12 1 1 10 7 12 1 1 10 12 1 8 1 100 1 10 10 12 1 9 12 1 10 7 12 1 1 10 12 1 100 1 8 1 10 12 1 10 8 1 8 1 10 12 1 1 10 12 1 1 10 12 1 1 10 100 12 1 1 100 1 100 1 10 12 1 1 100 1 100 1 10 100 12 1 1 10 12 1 10 12 1 1 10 12 1 10 12 1 1 10 12 1 1 9 100 12 1 1 1 10 12 1 1 10 12 1 10 12 1 10 12 1 1 10 12 1 8 1 7 1 18 12 1 1 10 12 1 1 10 12 1 10 12 1 10 12 1 8 1 10 12 1 10 12 1 18 12 1 11 100 12 1 1 1 100 1 10 12 1 1 10 12 1 10 11 12 1 1 10 18 10 12 1 1 11 100 12 1 18 12 1 11 12 1 1 10 12 10 12 1 1 10 12 1 1 100 1 8 1 10 10 12 1 8 1 8 1 10 100 12 1 1 10 12 1 100 1 10 10 12 1 8 1 8 1 8 1 10 12 1 10 12 1 1 10 12 1 10 100 12 1 1 1 11 100 12 1 1 100 1 10 11 10 12 1 10 12 1 10 12 1 1 9 100 12 1 1 9 12 1 1 9 12 9 12 1 9 12 1 9 12 1 8 10 12 1 1 10 7 12 1 1 1 10 12 1 1 10 12 1 1 10 12 1 10 10 12 1 11 12 1 1 10 100 12 1 1 1 100 1 10 12 1 10 12 1 10 12 1 1 1 1 1 1 1 1 1 1 1 1 1 1 1 1 1 1 1 1 1 1 1 1 1 1 1 1 100 1 1 1 1 1 1 1 1 1 1 1 1 1 1 1 1 1 1 1 1 1 100 1 1 1 1 1 1 1 1 1 1 100 1 1 1 1 1 1 1 1 1 1 1 1 1 1 1 1 1 1 1 1 1 1 1 1 1 1 1 1 1 1 1 1 1 1 1 1 1 1 1 1 1 100 1 1 1 1 1 1 1 1 1 1 1 1 1 1 1 1 1 1 1 100 1 1 1 1 1 1 1 1 1 1 1 1 1 1 1 1 1 1 1 1 1 1 1 1 1 1 1 1 1 1 1 1 1 1 1 1 1 1 1 1 1 1 1 1 1 1 1 1 1 1 100 1 1 1 1 1 1 1 1 1 1 1 1 1 1 1 1 1 1 1 1 1 1 1 1 1 1 1 1 1 1 1 1 1 1 1 1 1 1 1 1 1 1 1 1 1 1 16 1 15 10 12 16 1 16 15 10 12 16 1 16 1 15 10 12 16 15 10 12 16 15 10 12 16 15 10 100 12 1 1 1 1 1 100 1 100 1 1
staticfield java/lang/ClassLoader nocerts [Ljava/security/cert/Certificate; 0 [Ljava/security/cert/Certificate;
staticfield java/lang/ClassLoader $assertionsDisabled Z 1
ciInstanceKlass java/lang/System 1 1 834 10 100 12 1 1 1 9 7 12 1 1 1 10 12 1 10 12 1 1 10 12 1 1 10 12 1 9 12 1 1 10 7 12 1 1 1 11 100 12 1 1 1 10 100 12 1 1 1 10 12 1 1 10 12 1 1 100 1 8 1 10 12 1 10 100 12 1 1 1 10 100 12 1 1 1 18 12 1 1 10 100 12 1 1 1 100 1 10 12 1 1 10 100 12 1 1 1 10 12 1 10 7 12 1 1 1 9 100 12 1 1 1 10 100 12 1 1 1 11 7 12 1 1 1 10 12 1 1 10 100 12 1 1 1 100 1 10 10 12 1 1 8 1 10 12 1 8 1 10 12 1 9 12 1 1 8 1 10 7 12 1 1 1 10 12 1 1 100 1 8 1 10 9 12 1 1 8 1 10 12 1 1 10 100 12 1 1 1 8 1 10 12 1 100 1 10 12 1 8 1 10 12 1 10 12 1 1 100 1 10 12 10 12 1 9 12 1 1 9 12 1 1 10 7 12 1 1 1 10 7 12 1 1 1 10 12 1 1 10 12 1 10 12 1 10 7 12 1 1 1 10 12 1 100 1 100 1 8 1 10 12 1 10 12 1 1 7 1 10 12 1 100 1 8 1 10 10 12 1 100 1 8 1 10 8 1 10 7 12 1 1 8 1 10 12 100 1 8 1 10 10 12 1 1 10 100 12 1 1 1 100 1 18 12 1 100 1 9 100 12 1 1 1 10 12 1 100 1 10 12 1 1 10 12 1 1 10 7 12 1 1 1 10 12 1 1 10 12 1 10 12 1 10 12 1 1 10 12 1 7 1 10 12 1 9 7 12 1 1 1 10 7 12 1 1 1 10 12 1 10 12 1 10 7 12 1 1 1 100 1 8 1 10 9 12 1 9 12 1 10 12 1 10 100 12 1 1 10 12 1 10 12 1 1 8 1 10 12 1 1 8 1 11 12 1 10 12 11 12 1 1 11 7 12 1 1 1 11 7 12 1 1 11 12 1 1 7 1 11 12 1 10 12 1 8 1 10 12 1 1 8 1 8 1 8 1 8 1 11 12 1 10 12 1 10 12 1 10 12 1 8 1 10 12 1 1 8 1 9 12 1 8 1 10 7 12 1 1 8 1 7 1 9 7 12 1 1 1 10 12 1 7 1 9 12 10 9 12 7 1 10 12 9 12 1 1 8 1 10 12 1 1 8 1 10 7 12 1 1 10 12 1 10 12 1 1 11 7 12 1 1 10 12 10 7 12 1 1 1 9 12 1 1 100 1 8 1 10 12 1 1 10 7 12 1 1 1 7 1 10 12 1 1 10 12 1 8 1 8 1 10 8 1 8 1 8 1 8 1 10 10 7 12 1 1 10 12 1 10 12 1 1 10 12 1 1 10 12 1 10 100 12 1 1 1 10 100 1 8 1 10 10 10 12 1 1 10 12 1 1 8 1 10 12 1 8 1 8 1 10 12 1 10 7 12 1 1 1 10 12 1 1 7 1 10 10 12 1 10 12 1 9 12 1 1 3 1 3 1 1 1 1 1 1 1 1 1 1 1 1 100 1 1 100 1 1 1 1 1 1 1 1 1 1 1 100 1 100 1 1 1 1 1 1 1 1 1 1 1 1 1 1 1 1 1 1 1 1 1 1 1 1 1 1 1 1 1 1 1 1 1 1 1 1 1 1 1 1 1 1 1 1 1 1 1 1 1 1 1 1 1 1 1 1 1 1 100 1 1 1 1 1 1 1 1 1 1 1 1 1 1 1 1 1 1 1 1 1 1 1 1 1 1 1 1 1 1 1 1 1 100 1 1 16 15 10 12 1 1 16 15 10 12 16 1 15 10 100 12 1 1 1 1 1 1 1 1 1 100 1 100 1 1
staticfield java/lang/System in Ljava/io/InputStream; java/io/BufferedInputStream
staticfield java/lang/System out Ljava/io/PrintStream; org/fusesource/jansi/AnsiPrintStream
staticfield java/lang/System err Ljava/io/PrintStream; org/fusesource/jansi/AnsiPrintStream
instanceKlass java/lang/Exception
instanceKlass java/lang/Error
ciInstanceKlass java/lang/Throwable 1 1 404 10 7 12 1 1 1 9 7 12 1 1 1 9 12 1 1 9 12 1 9 12 1 1 9 12 1 10 12 1 1 9 12 1 1 10 12 1 1 10 12 1 100 1 7 1 10 8 1 10 12 1 1 8 1 10 100 12 1 1 10 10 12 1 100 1 8 1 10 10 12 1 1 10 7 12 1 1 10 12 1 8 1 9 100 12 1 1 1 10 12 1 1 100 1 10 12 10 12 1 10 100 12 1 1 1 100 1 10 12 10 12 1 10 12 1 100 1 10 10 7 12 1 1 1 11 100 12 1 1 1 10 12 1 1 10 12 1 1 8 1 10 12 1 10 12 1 1 8 1 8 1 10 12 1 1 10 12 1 8 1 8 1 9 12 1 1 10 12 1 1 100 1 10 11 12 1 8 1 8 1 10 7 12 1 1 8 1 10 12 1 8 1 100 1 10 12 1 9 12 1 1 10 12 1 10 100 12 1 9 12 1 1 10 12 1 1 100 1 8 1 10 12 1 10 100 12 1 1 10 12 1 1 100 1 10 100 12 1 1 1 10 12 1 11 100 12 1 1 1 11 100 12 1 1 11 12 1 8 1 10 12 1 1 8 1 10 10 9 100 12 1 1 1 8 1 10 12 1 1 11 10 100 1 8 1 10 11 12 1 1 8 1 9 12 1 10 100 12 1 1 11 9 12 1 1 11 12 1 1 100 10 12 1 10 12 1 1 100 1 1 1 1 5 0 1 1 1 1 1 1 1 1 1 1 1 1 1 100 1 1 1 1 1 1 1 1 1 1 1 1 1 1 1 1 1 1 1 1 1 1 1 1 1 1 1 1 1 1 1 1 1 1 1 1 1 1 1 1 1 1 1 1 100 1 100 1 1 1 1 1 1 1 1 1 1 1 1 1 1 1 1 1 1
staticfield java/lang/Throwable UNASSIGNED_STACK [Ljava/lang/StackTraceElement; 0 [Ljava/lang/StackTraceElement;
staticfield java/lang/Throwable SUPPRESSED_SENTINEL Ljava/util/List; java/util/Collections$EmptyList
staticfield java/lang/Throwable EMPTY_THROWABLE_ARRAY [Ljava/lang/Throwable; 0 [Ljava/lang/Throwable;
staticfield java/lang/Throwable $assertionsDisabled Z 1
instanceKlass kotlin/jvm/KotlinReflectionNotSupportedError
instanceKlass com/google/common/util/concurrent/ExecutionError
instanceKlass java/lang/ThreadDeath
instanceKlass java/util/ServiceConfigurationError
instanceKlass kotlin/NotImplementedError
instanceKlass java/io/IOError
instanceKlass java/lang/AssertionError
instanceKlass java/lang/VirtualMachineError
instanceKlass java/lang/LinkageError
ciInstanceKlass java/lang/Error 1 1 40 10 7 12 1 1 1 10 12 1 10 12 1 10 12 1 10 12 1 100 1 1 1 1 5 0 1 1 1 1 1 1 1 1 1 1 1 1 1 1
instanceKlass java/net/URISyntaxException
instanceKlass morfologik/stemming/UnmappableInputException
instanceKlass javax/measure/IncommensurableException
instanceKlass java/util/concurrent/TimeoutException
instanceKlass javax/xml/bind/JAXBException
instanceKlass javax/xml/transform/TransformerException
instanceKlass java/util/concurrent/ExecutionException
instanceKlass org/xml/sax/SAXException
instanceKlass javax/xml/parsers/ParserConfigurationException
instanceKlass java/lang/CloneNotSupportedException
instanceKlass java/lang/InterruptedException
instanceKlass java/sql/SQLException
instanceKlass java/text/ParseException
instanceKlass sun/nio/fs/WindowsException
instanceKlass java/security/PrivilegedActionException
instanceKlass java/io/IOException
instanceKlass java/lang/ReflectiveOperationException
instanceKlass java/lang/RuntimeException
ciInstanceKlass java/lang/Exception 1 1 40 10 7 12 1 1 1 10 12 1 10 12 1 10 12 1 10 12 1 100 1 1 1 1 5 0 1 1 1 1 1 1 1 1 1 1 1 1 1 1
instanceKlass java/util/concurrent/CompletionException
instanceKlass io/grpc/StatusRuntimeException
instanceKlass com/carrotsearch/hppc/BufferAllocationException
instanceKlass java/util/EmptyStackException
instanceKlass java/io/UncheckedIOException
instanceKlass kotlin/NoWhenBranchMatchedException
instanceKlass java/util/ConcurrentModificationException
instanceKlass org/eclipse/lsp4j/jsonrpc/ResponseErrorException
instanceKlass org/eclipse/lsp4j/jsonrpc/JsonRpcException
instanceKlass org/eclipse/lsp4j/jsonrpc/MessageIssueException
instanceKlass com/google/gson/JsonParseException
instanceKlass org/apache/commons/lang3/exception/CloneFailedException
instanceKlass javax/measure/MeasurementException
instanceKlass org/languagetool/rules/patterns/StringMatcher$TooComplexRegexp
instanceKlass com/google/common/cache/CacheLoader$InvalidCacheLoadException
instanceKlass com/google/common/util/concurrent/UncheckedExecutionException
instanceKlass com/sun/org/apache/xerces/internal/xni/XNIException
instanceKlass net/loomchild/segment/util/IORuntimeException
instanceKlass net/loomchild/segment/util/ResourceNotFoundException
instanceKlass org/apache/commons/logging/LogConfigurationException
instanceKlass net/loomchild/segment/util/XmlException
instanceKlass java/util/concurrent/RejectedExecutionException
instanceKlass org/languagetool/ErrorRateTooHighException
instanceKlass java/lang/reflect/UndeclaredThrowableException
instanceKlass java/util/MissingResourceException
instanceKlass java/util/NoSuchElementException
instanceKlass java/lang/IndexOutOfBoundsException
instanceKlass picocli/CommandLine$PicocliException
instanceKlass java/lang/SecurityException
instanceKlass kotlin/UninitializedPropertyAccessException
instanceKlass java/lang/IllegalStateException
instanceKlass java/lang/UnsupportedOperationException
instanceKlass java/lang/IllegalArgumentException
instanceKlass java/lang/ArithmeticException
instanceKlass java/lang/NullPointerException
instanceKlass java/lang/IllegalMonitorStateException
instanceKlass java/lang/ArrayStoreException
instanceKlass java/lang/ClassCastException
ciInstanceKlass java/lang/RuntimeException 1 1 40 10 7 12 1 1 1 10 12 1 10 12 1 10 12 1 10 12 1 100 1 1 1 1 5 0 1 1 1 1 1 1 1 1 1 1 1 1 1 1
ciInstanceKlass java/lang/SecurityManager 0 0 576 10 100 12 1 1 1 9 100 12 1 1 1 10 100 12 1 1 1 100 1 8 1 10 12 1 10 12 1 1 10 100 12 1 1 1 10 100 1 10 100 1 10 9 100 12 1 1 1 10 100 12 1 1 1 10 12 1 1 10 100 12 1 1 100 1 8 1 10 9 12 1 1 9 12 1 8 1 9 12 1 100 1 10 8 1 10 12 1 1 10 12 1 10 12 1 1 100 1 10 10 12 1 1 100 1 8 1 10 12 1 8 1 8 1 8 1 8 1 8 1 8 1 10 12 1 8 1 8 1 8 1 8 1 8 1 10 100 12 1 1 1 10 12 1 1 8 1 100 1 8 1 10 8 1 8 1 8 1 8 1 8 1 10 100 12 1 1 8 1 100 1 8 1 8 1 10 8 1 10 12 1 100 1 8 1 10 10 12 1 1 10 12 1 10 12 1 10 12 1 10 100 12 1 1 1 10 12 1 10 100 12 1 1 11 100 12 1 1 1 18 12 1 1 11 100 12 1 1 1 18 12 1 1 11 12 1 1 18 18 11 12 1 18 12 1 11 12 1 1 9 12 1 1 9 12 1 9 12 1 9 12 1 100 1 10 100 12 1 1 10 12 1 10 12 1 18 12 1 18 10 100 12 1 1 1 18 12 1 10 12 1 18 18 8 1 10 12 1 9 12 1 1 11 100 12 1 1 1 8 1 100 1 10 12 1 10 12 1 1 10 12 1 1 9 12 1 1 10 12 1 10 12 1 1 8 1 100 1 10 9 12 1 8 1 10 12 1 8 1 100 1 10 10 100 12 1 1 10 100 1 9 100 12 1 1 1 11 12 1 1 10 12 1 11 12 1 10 12 1 100 1 10 10 12 1 1 10 12 1 1 1 1 1 1 1 1 1 1 1 100 1 1 1 1 1 1 1 1 1 1 1 1 1 1 1 1 1 1 1 1 1 1 1 1 1 1 1 1 1 1 1 1 1 1 1 1 1 1 1 1 1 1 1 1 1 1 1 1 1 1 1 1 1 1 1 1 3 1 1 1 1 1 1 1 1 1 1 100 1 1 1 1 1 1 1 1 1 1 1 1 1 1 1 1 1 1 1 1 1 1 1 1 1 1 1 1 1 1 1 1 1 1 1 1 1 1 16 15 10 100 12 1 1 1 16 1 16 15 10 12 16 1 15 10 12 16 15 11 100 1 16 1 16 1 15 10 12 16 15 10 12 16 15 10 12 1 16 1 15 11 12 1 15 10 12 16 15 10 16 1 15 10 100 12 1 1 1 1 1 1 100 1 100 1 1
ciInstanceKlass java/security/ProtectionDomain 1 1 348 10 7 12 1 1 1 9 7 12 1 1 1 7 1 10 9 12 1 1 9 12 1 1 9 12 1 1 10 7 12 1 1 7 1 9 12 1 9 12 1 1 7 1 9 12 1 1 9 12 1 10 100 12 1 1 10 100 12 1 1 1 10 12 1 1 10 12 1 9 12 1 9 100 12 1 1 10 12 1 1 10 100 1 10 12 1 1 8 1 100 1 8 1 10 12 1 10 11 10 100 12 1 1 1 10 12 1 1 8 1 11 8 1 10 12 1 8 1 8 1 10 12 1 1 10 12 1 10 12 1 1 10 12 1 8 1 10 12 1 8 1 8 1 10 100 12 1 1 1 9 100 12 1 1 1 10 12 1 1 9 100 12 1 1 1 10 100 12 1 1 1 100 1 18 12 1 1 10 100 12 1 1 1 10 100 1 10 12 1 10 12 1 1 11 100 12 1 1 11 12 1 100 1 11 100 12 1 1 1 10 12 1 10 11 12 1 1 11 12 1 1 10 12 1 10 7 12 1 1 10 100 12 1 1 11 12 1 10 12 10 12 1 8 1 8 1 10 7 12 1 1 1 7 1 10 10 7 12 1 1 1 1 1 1 1 1 1 1 100 1 1 100 1 1 1 1 1 1 1 1 1 1 1 1 1 1 1 1 1 1 1 1 1 1 1 1 1 1 1 1 1 1 1 1 1 1 1 1 1 1 1 1 1 1 1 1 100 1 1 1 1 1 1 100 1 1 16 15 10 12 16 15 10 100 12 1 1 1 1 1 1 1 100 1 100 1 1
staticfield java/security/ProtectionDomain filePermCompatInPD Z 0
ciInstanceKlass java/security/AccessControlContext 1 1 374 9 7 12 1 1 1 9 12 1 1 10 100 12 1 1 1 8 1 10 100 12 1 1 1 10 7 12 1 1 1 9 12 1 9 12 1 1 9 12 1 1 10 7 12 1 1 100 1 10 12 1 11 100 12 1 1 1 11 12 1 11 12 1 11 12 1 1 7 1 11 12 1 1 10 12 1 10 7 12 1 1 1 9 100 12 1 1 1 10 100 12 1 1 1 11 100 12 1 1 1 10 7 1 100 1 8 1 10 12 1 10 12 1 1 7 1 10 7 12 1 1 1 9 12 1 9 12 1 9 12 1 9 12 1 1 9 12 1 1 9 12 1 9 12 1 10 7 12 1 1 1 9 12 1 10 12 1 1 10 12 1 1 8 1 10 12 1 1 10 12 1 1 10 100 12 1 1 1 100 1 10 10 12 1 1 10 100 12 1 1 1 10 8 1 10 100 12 1 1 8 1 10 100 12 1 1 8 1 8 1 10 12 1 8 1 10 12 1 8 1 10 12 1 10 12 1 10 12 1 1 8 1 8 1 100 1 10 12 1 10 12 1 1 100 1 10 12 1 8 1 10 12 1 10 12 1 10 8 1 10 12 1 1 10 12 1 1 10 12 1 1 10 12 1 1 10 12 1 10 12 1 11 10 12 1 10 12 1 1 10 10 10 12 1 1 1 1 1 1 1 1 1 1 1 1 1 1 1 1 1 1 1 1 1 1 1 1 100 1 1 1 1 1 1 1 1 1 1 1 1 1 1 1 1 1 1 1 1 1 1 1 1 1 1 1 1 1 1 1 1 1 1 1 1 1 1 1 1 1 1 1 1 1 1 1 1 1 1 1 1 3 1 1
ciInstanceKlass java/security/AccessController 1 1 295 10 100 12 1 1 1 10 7 12 1 1 1 10 7 12 1 1 1 10 12 1 1 10 12 1 1 10 7 12 1 1 1 10 12 1 1 10 12 1 10 12 1 1 10 12 1 100 1 8 1 10 12 1 10 12 1 10 12 1 1 10 12 1 7 1 7 1 10 12 1 1 10 12 1 10 12 1 10 12 1 1 10 7 12 1 1 1 10 12 1 1 9 100 12 1 1 1 10 100 12 1 1 1 10 12 1 10 12 1 9 100 12 1 1 1 10 12 1 10 12 1 1 9 12 1 1 10 100 1 10 11 7 12 1 1 1 10 7 12 1 1 11 7 1 7 1 10 12 1 10 12 1 10 12 1 8 1 10 12 1 1 8 1 10 100 12 1 1 1 8 1 100 1 10 10 12 1 1 10 12 1 10 7 12 1 1 1 10 12 1 8 1 10 100 12 1 1 8 1 8 1 10 12 1 8 1 10 12 1 10 12 1 1 10 12 1 1 1 1 1 1 1 1 1 1 1 1 1 1 1 1 1 1 1 1 1 1 1 1 1 1 1 1 100 1 1 1 1 1 1 1 1 1 1 1 1 1 1 1 1 1 1 1 1 1 1 1 1 1 1 1 1 1 1 1 1 1 1 100 1 100 1 1 1 1 1 1 1 1 1 3 1 1 1
staticfield java/security/AccessController $assertionsDisabled Z 1
instanceKlass jdk/internal/loader/BuiltinClassLoader
ciInstanceKlass java/security/SecureClassLoader 1 1 102 10 7 12 1 1 1 7 1 10 12 1 9 7 12 1 1 1 10 12 1 10 12 1 10 12 1 1 10 12 1 1 10 12 1 7 1 10 7 1 10 12 1 7 1 10 12 1 11 7 12 1 1 1 7 1 11 12 1 10 12 1 1 1 1 1 1 1 1 1 1 1 1 1 1 1 1 1 1 1 1 1 1 1 1 1 1 1 1 1 1 1 1 1 1 1 1 100 1 1 1 1
instanceKlass java/lang/InstantiationException
instanceKlass java/lang/IllegalAccessException
instanceKlass java/lang/reflect/InvocationTargetException
instanceKlass java/lang/NoSuchFieldException
instanceKlass java/lang/NoSuchMethodException
instanceKlass java/lang/ClassNotFoundException
ciInstanceKlass java/lang/ReflectiveOperationException 1 1 34 10 7 12 1 1 1 10 12 1 10 12 1 10 12 1 100 1 1 1 1 5 0 1 1 1 1 1 1 1 1 1 1 1
ciInstanceKlass java/lang/ClassNotFoundException 1 1 96 7 1 10 7 12 1 1 1 10 12 1 10 12 1 1 10 100 12 1 1 1 8 1 10 100 12 1 1 1 10 7 12 1 1 10 100 12 1 1 1 10 100 12 1 1 1 10 12 1 1 7 1 10 12 1 9 12 1 1 1 1 1 5 0 1 1 1 1 1 1 1 1 1 1 1 1 1 1 1 1 1 1 100 1 1 1 1 1 1 1 1 1 1 1 1
staticfield java/lang/ClassNotFoundException serialPersistentFields [Ljava/io/ObjectStreamField; 1 [Ljava/io/ObjectStreamField;
instanceKlass java/lang/reflect/Executable$ParameterData
instanceKlass java/util/stream/Collectors$CollectorImpl
instanceKlass sun/security/pkcs/SignerInfo$AlgorithmInfo
instanceKlass jdk/internal/misc/ThreadTracker$ThreadRef
instanceKlass java/lang/reflect/Proxy$ProxyBuilder$ProxyClassContext
instanceKlass java/nio/DirectByteBuffer$Deallocator
instanceKlass java/security/SecureClassLoader$CodeSourceKey
instanceKlass jdk/internal/reflect/ReflectionFactory$Config
instanceKlass jdk/internal/foreign/abi/UpcallLinker$CallRegs
instanceKlass jdk/internal/foreign/abi/VMStorage
ciInstanceKlass java/lang/Record 1 1 22 10 7 12 1 1 1 100 1 1 1 1 1 1 1 1 1 1 1 1 1 1
instanceKlass java/lang/IncompatibleClassChangeError
instanceKlass java/lang/UnsatisfiedLinkError
instanceKlass java/lang/BootstrapMethodError
instanceKlass java/lang/NoClassDefFoundError
ciInstanceKlass java/lang/LinkageError 1 1 31 10 7 12 1 1 1 10 12 1 10 12 1 100 1 1 1 1 5 0 1 1 1 1 1 1 1 1 1 1 1
ciInstanceKlass java/lang/NoClassDefFoundError 1 1 26 10 7 12 1 1 1 10 12 1 100 1 1 1 1 5 0 1 1 1 1 1 1 1 1 1
ciInstanceKlass java/lang/ClassCastException 1 1 26 10 100 12 1 1 1 10 12 1 100 1 1 1 1 5 0 1 1 1 1 1 1 1 1 1
ciInstanceKlass java/lang/ArrayStoreException 1 1 26 10 100 12 1 1 1 10 12 1 100 1 1 1 1 5 0 1 1 1 1 1 1 1 1 1
instanceKlass java/lang/StackOverflowError
instanceKlass java/lang/OutOfMemoryError
instanceKlass java/lang/InternalError
ciInstanceKlass java/lang/VirtualMachineError 1 1 34 10 100 12 1 1 1 10 12 1 10 12 1 10 12 1 100 1 1 1 1 5 0 1 1 1 1 1 1 1 1 1 1 1
ciInstanceKlass java/lang/InternalError 0 0 34 10 100 12 1 1 1 10 12 1 10 12 1 10 12 1 100 1 1 1 1 5 0 1 1 1 1 1 1 1 1 1 1 1
ciInstanceKlass java/lang/OutOfMemoryError 1 1 26 10 100 12 1 1 1 10 12 1 100 1 1 1 1 5 0 1 1 1 1 1 1 1 1 1
ciInstanceKlass java/lang/StackOverflowError 1 1 26 10 100 12 1 1 1 10 12 1 100 1 1 1 1 5 0 1 1 1 1 1 1 1 1 1
ciInstanceKlass java/lang/IllegalMonitorStateException 1 1 26 10 100 12 1 1 1 10 12 1 100 1 1 1 1 5 0 1 1 1 1 1 1 1 1 1
instanceKlass java/lang/ref/PhantomReference
instanceKlass java/lang/ref/FinalReference
instanceKlass java/lang/ref/WeakReference
instanceKlass java/lang/ref/SoftReference
ciInstanceKlass java/lang/ref/Reference 1 1 190 9 7 12 1 1 1 9 7 12 1 1 10 12 1 1 10 12 1 1 9 12 1 1 10 12 1 1 9 12 1 1 9 12 1 1 7 1 10 12 1 10 7 12 1 1 10 12 1 10 12 1 1 10 12 1 7 1 8 1 10 12 1 1 7 1 10 12 1 1 10 12 1 1 10 12 1 9 12 1 10 12 1 1 10 12 1 10 12 1 9 12 1 100 1 100 1 10 12 9 12 1 9 12 1 100 1 10 10 12 1 10 10 7 12 1 1 7 1 10 10 7 12 1 1 1 1 1 1 1 1 1 1 1 1 1 1 1 1 1 1 1 100 1 1 1 100 1 1 1 1 1 1 1 1 1 1 1 1 1 1 1 1 1 1 1 1 1 1 1 1 1 1 1 1 1 1 1 1 1 1 1 100 1 100 1 100 1 1 1
staticfield java/lang/ref/Reference processPendingLock Ljava/lang/Object; java/lang/Object
staticfield java/lang/ref/Reference $assertionsDisabled Z 1
instanceKlass sun/util/locale/provider/LocaleResources$ResourceReference
instanceKlass sun/util/resources/Bundles$BundleReference
instanceKlass java/util/ResourceBundle$BundleReference
instanceKlass sun/security/util/MemoryCache$SoftCacheEntry
instanceKlass sun/util/locale/LocaleObjectCache$CacheEntry
instanceKlass java/lang/invoke/LambdaFormEditor$Transform
ciInstanceKlass java/lang/ref/SoftReference 1 1 47 10 7 12 1 1 1 9 7 12 1 1 1 9 12 1 10 12 1 10 12 1 1 1 1 1 1 1 1 1 1 1 1 1 1 1 1 1 1 1 1 100 1 1 1 1 1
instanceKlass com/google/common/collect/MapMakerInternalMap$AbstractWeakKeyEntry
instanceKlass java/util/logging/LogManager$LoggerWeakRef
instanceKlass java/util/logging/Level$KnownLevel
instanceKlass java/util/ResourceBundle$KeyElementReference
instanceKlass org/apache/commons/logging/impl/WeakHashtable$WeakKey
instanceKlass java/lang/WeakPairMap$WeakRefPeer
instanceKlass java/lang/ClassValue$Entry
instanceKlass jdk/internal/util/WeakReferenceKey
instanceKlass java/lang/ThreadLocal$ThreadLocalMap$Entry
instanceKlass java/util/WeakHashMap$Entry
ciInstanceKlass java/lang/ref/WeakReference 1 1 31 10 7 12 1 1 1 10 12 1 100 1 1 1 1 1 1 1 1 1 1 1 1 1 1 1 1 1 1 1 1
instanceKlass java/lang/ref/Finalizer
ciInstanceKlass java/lang/ref/FinalReference 1 1 50 10 100 12 1 1 1 10 100 12 1 1 1 10 12 1 1 100 1 8 1 10 12 1 1 1 1 1 1 1 1 1 1 1 1 1 1 1 1 1 1 1 1 1 1 1 1 1 100 1
instanceKlass jdk/internal/ref/PhantomCleanable
instanceKlass jdk/internal/ref/Cleaner
ciInstanceKlass java/lang/ref/PhantomReference 1 1 39 10 100 12 1 1 1 10 7 12 1 1 1 1 1 1 1 1 1 1 1 1 1 1 1 1 1 1 1 1 1 1 1 1 1 1 1 1 1
ciInstanceKlass java/lang/ref/Finalizer 1 1 155 9 7 12 1 1 1 10 100 12 1 1 1 9 12 1 1 9 12 1 1 9 12 1 9 12 1 9 12 1 1 10 12 1 100 1 8 1 10 12 1 10 12 1 1 9 12 1 100 1 10 12 1 100 1 11 100 12 1 1 10 12 1 100 1 10 12 1 100 1 10 12 1 10 100 12 1 1 1 10 100 12 1 1 1 100 1 10 10 12 1 7 1 10 12 1 7 1 10 12 1 1 10 12 1 1 10 12 1 10 7 12 1 1 1 7 1 10 7 1 10 10 12 1 1 1 1 1 1 1 1 1 1 1 1 1 1 1 1 1 1 1 1 1 1 1 1 1 1 1 1 1 1 1 1
staticfield java/lang/ref/Finalizer lock Ljava/lang/Object; java/lang/Object
staticfield java/lang/ref/Finalizer ENABLED Z 1
staticfield java/lang/ref/Finalizer $assertionsDisabled Z 1
ciInstanceKlass java/lang/Runnable 1 0 11 100 1 100 1 1 1 1 1 1 1
instanceKlass java/util/logging/LogManager$Cleaner
instanceKlass jdk/internal/misc/InnocuousThread
instanceKlass java/util/concurrent/ForkJoinWorkerThread
instanceKlass java/lang/ref/Finalizer$FinalizerThread
instanceKlass java/lang/ref/Reference$ReferenceHandler
instanceKlass java/lang/BaseVirtualThread
ciInstanceKlass java/lang/Thread 1 1 870 10 7 12 1 1 1 9 12 1 1 10 7 12 1 1 10 12 1 10 100 12 1 1 100 1 8 1 10 12 1 1 9 12 1 9 12 1 1 9 12 1 1 7 1 10 12 1 1 10 12 1 10 7 12 1 1 1 10 12 9 12 1 1 10 12 1 100 1 10 12 1 100 1 8 1 10 9 7 12 1 1 1 10 12 1 1 10 12 1 1 10 12 1 1 10 12 1 10 12 1 1 3 8 1 100 1 5 0 10 7 12 1 1 1 9 12 1 10 12 1 1 10 7 12 1 1 1 10 7 12 1 1 1 10 12 1 1 10 12 1 1 9 12 1 1 10 100 1 8 1 10 7 1 10 12 1 9 12 1 1 10 100 12 1 1 1 10 10 12 1 1 9 100 12 1 1 1 10 12 1 1 10 12 1 1 10 7 12 1 1 10 12 1 10 12 1 10 7 12 1 1 9 12 1 10 7 12 1 1 1 10 12 1 1 9 12 1 1 9 12 1 1 10 7 12 1 1 1 9 12 1 1 10 100 12 1 1 10 100 12 1 1 1 10 12 1 10 12 1 10 7 12 1 1 9 12 1 8 1 9 100 12 1 1 9 12 1 1 5 0 100 1 10 100 1 10 100 1 10 7 1 10 8 1 10 12 1 1 10 7 12 1 10 12 1 10 12 1 100 1 8 1 10 10 12 1 10 12 1 1 10 100 12 1 1 1 10 100 12 1 1 1 10 12 1 7 1 9 12 1 1 100 1 10 10 12 1 9 12 1 1 10 12 1 1 10 12 1 1 10 12 1 10 12 1 9 12 1 1 10 10 12 1 1 10 12 1 1 11 7 12 1 1 10 7 12 1 1 9 12 1 9 12 1 1 9 12 1 1 10 100 12 1 1 10 12 1 1 9 7 12 1 1 1 10 7 12 1 1 10 12 1 10 12 1 100 1 10 10 12 9 12 1 1 10 12 1 11 100 12 1 1 10 12 1 10 12 1 10 12 1 9 12 1 10 10 12 1 10 12 1 1 9 12 1 9 12 10 12 1 8 1 10 12 1 10 12 1 10 12 1 10 12 1 10 12 1 1 10 12 1 10 12 1 1 10 12 1 10 12 1 10 12 1 10 12 1 10 12 1 1 9 7 12 1 1 1 8 1 10 9 12 1 10 12 1 100 1 8 1 10 10 12 1 8 1 10 12 1 1 9 12 10 12 8 1 10 10 12 1 10 12 1 8 1 10 12 1 10 8 1 10 100 12 1 1 10 12 1 1 100 1 8 1 10 9 12 1 9 12 1 1 10 12 1 1 10 10 12 1 10 12 1 100 10 7 12 1 1 1 9 12 1 10 12 1 1 10 12 1 1 10 100 12 1 1 1 11 100 12 1 1 1 9 100 12 1 1 1 10 100 12 1 1 1 100 1 10 12 1 100 1 10 12 1 10 12 1 1 10 12 1 1 8 1 9 12 1 10 12 1 10 12 1 1 11 100 12 1 1 1 10 12 1 1 1 1 3 1 3 1 3 1 3 1 1 1 1 1 1 1 1 1 1 1 1 1 1 1 1 1 1 1 1 1 100 1 1 1 1 1 1 1 1 1 1 1 1 1 1 1 1 1 1 1 1 1 1 100 1 1 1 1 1 1 1 1 1 1 1 1 1 1 1 1 100 1 100 1 1 1 1 1 1 1 1 1 1 1 1 1 1 1 1 1 1 1 1 1 1 1 1 1 1 1 1 1 1 1 1 1 1 1 1 1 1 1 1 1 1 1 1 1 1 1 1 1 1 1 1 1 1 1 1 1 1 1 1 1 1 1 1 1 1 1 1 1 1 1 1 1 1 1 1 100 100 1 1 1 1 1 1 1 1 1 1 1 1 1 1 1 1 1 1 1 1 1 1 1 1 1 1 100 1 100 1 100 1 100 1 100 1 1 100 1 1 1 1 1 1 1 1 1 1 1 1 1 1 1
staticfield java/lang/Thread NEW_THREAD_BINDINGS Ljava/lang/Object; java/lang/Class
staticfield java/lang/Thread EMPTY_STACK_TRACE [Ljava/lang/StackTraceElement; 0 [Ljava/lang/StackTraceElement;
ciInstanceKlass java/lang/Thread$FieldHolder 1 1 48 10 7 12 1 1 1 9 7 12 1 1 1 9 12 1 1 9 12 1 1 9 12 1 1 9 12 1 1 1 1 1 1 1 1 1 1 100 1 100 1 1 1 1 100 1 1 1
ciInstanceKlass java/lang/Thread$Constants 0 0 59 100 1 10 100 12 1 1 1 100 1 10 10 100 12 1 1 1 100 1 8 1 10 12 1 9 100 12 1 1 1 100 1 100 1 10 12 1 10 12 1 9 12 1 1 1 1 1 1 1 1 1 1 1 1 1 1 1 1
ciInstanceKlass java/lang/Thread$UncaughtExceptionHandler 1 0 16 100 1 100 1 1 1 1 1 1 1 1 100 1 1 1
ciInstanceKlass java/lang/ThreadGroup 1 1 411 10 7 12 1 1 1 9 7 12 1 1 1 8 1 9 12 1 1 100 1 9 12 1 1 9 12 1 1 10 7 12 1 1 1 10 12 1 1 10 12 1 10 12 1 10 12 1 10 12 1 1 10 12 1 1 10 12 1 10 12 1 1 10 12 1 10 12 1 10 100 12 1 1 1 10 12 1 1 18 12 1 1 11 100 12 1 1 1 10 7 12 1 1 1 10 100 12 1 10 12 1 1 10 12 1 1 10 12 1 1 10 100 12 1 1 1 10 12 1 11 12 1 1 11 100 12 1 1 11 12 1 1 10 12 1 1 10 12 1 10 12 1 11 12 1 11 12 1 1 100 1 10 10 12 1 100 1 10 18 12 1 1 11 100 12 1 1 1 11 12 1 1 9 12 1 1 10 12 1 1 8 1 10 100 12 1 1 1 10 100 12 1 1 1 10 12 1 1 11 12 10 12 1 1 10 12 1 1 11 100 1 9 12 1 100 1 10 8 1 10 12 1 1 10 12 1 1 8 1 10 12 1 10 100 12 1 1 1 10 12 1 1 10 7 1 8 1 10 8 1 10 12 1 10 12 1 8 1 9 12 1 1 9 12 1 10 100 12 1 1 1 100 9 12 1 1 7 1 9 12 1 10 12 10 12 1 1 100 10 12 9 12 1 10 12 1 100 1 10 11 12 1 1 100 1 10 10 12 1 10 12 1 1 1 1 1 1 1 1 1 1 1 1 1 1 1 1 1 1 3 1 1 1 1 1 1 1 1 1 1 1 1 100 1 1 1 1 1 1 1 1 1 1 1 1 1 1 1 1 1 1 1 1 1 1 1 1 1 1 1 1 1 1 1 1 1 1 1 1 1 1 1 1 1 1 1 16 15 10 12 16 16 15 10 12 16 15 10 100 12 1 1 1 1 1 100 1 100 1 1
staticfield java/lang/ThreadGroup $assertionsDisabled Z 1
instanceKlass java/lang/ThreadBuilders$BoundVirtualThread
instanceKlass java/lang/VirtualThread
ciInstanceKlass java/lang/BaseVirtualThread 0 0 36 10 100 12 1 1 1 100 1 1 1 1 1 1 1 1 1 1 1 1 1 1 1 1 1 1 1 1 100 1 100 1 1 100 1 1
ciInstanceKlass java/lang/VirtualThread 0 0 907 9 100 12 1 1 1 10 100 12 1 1 1 10 100 12 1 1 1 10 100 12 1 1 1 9 12 1 1 9 12 1 1 100 1 10 12 1 9 12 1 1 18 12 1 1 9 12 1 1 10 12 1 1 100 1 10 12 1 10 12 1 1 10 12 1 1 10 12 1 1 10 12 1 10 100 12 1 10 12 1 10 12 1 10 12 1 10 12 1 11 100 12 1 1 1 100 1 10 12 1 1 10 100 12 1 1 1 10 100 12 1 1 1 10 12 1 100 1 10 10 12 1 10 12 1 1 9 12 1 1 10 12 1 1 9 12 1 1 10 12 1 9 12 1 1 9 12 1 100 1 10 10 12 1 10 100 12 1 1 10 9 10 10 12 1 1 10 12 1 1 10 100 12 1 1 10 100 1 10 9 10 10 12 1 100 1 10 12 1 1 10 12 1 10 12 1 10 12 1 1 9 12 1 10 12 1 10 12 1 9 12 1 1 10 12 1 10 12 1 9 12 1 1 10 12 1 10 12 1 10 12 1 11 100 12 1 1 10 12 1 1 10 12 1 1 10 12 1 1 9 12 1 10 100 1 10 12 1 1 10 12 1 1 10 12 1 10 12 1 10 12 1 10 12 9 12 1 1 10 100 12 1 1 10 12 1 10 12 1 1 10 100 12 1 1 10 12 1 100 1 8 1 10 12 1 10 12 1 1 10 12 1 10 12 1 10 100 12 1 1 10 12 1 10 12 1 1 10 12 1 10 12 1 1 10 100 12 1 1 10 12 1 1 10 12 1 1 100 1 10 10 12 1 100 1 9 12 1 1 10 100 12 1 1 10 9 12 1 1 18 9 100 12 1 1 1 11 100 12 1 1 1 11 100 1 11 12 10 12 1 10 12 1 1 10 12 1 100 1 10 10 12 1 10 12 1 1 10 12 1 1 10 12 1 10 12 1 10 12 1 9 12 1 1 11 100 12 1 1 10 12 9 100 12 1 1 1 9 12 1 10 12 1 1 9 12 1 9 12 1 9 12 1 100 1 10 10 12 1 1 10 12 1 10 12 100 1 100 1 10 8 1 10 12 1 1 10 12 1 10 12 1 10 10 12 1 8 1 10 10 12 1 10 12 1 10 100 12 1 1 8 1 8 1 10 9 100 12 1 1 1 10 12 1 1 10 12 1 10 10 10 12 9 12 1 10 12 1 1 9 12 1 10 12 1 1 9 12 1 10 12 1 1 18 12 1 1 18 12 1 10 100 12 1 1 1 8 1 10 100 12 1 1 1 10 100 12 1 1 1 18 12 1 10 100 12 1 1 1 100 1 10 12 1 8 1 10 12 1 8 1 10 12 1 1 8 1 8 1 10 100 12 1 1 8 1 10 12 1 8 1 8 1 10 100 12 1 1 1 10 12 1 10 12 1 1 10 12 1 18 12 1 1 18 12 1 1 5 0 9 12 1 10 12 1 18 12 1 100 1 10 12 10 100 12 1 1 10 12 1 1 100 1 8 1 10 10 12 1 10 12 1 1 10 12 1 9 12 1 8 10 12 1 1 8 8 9 12 1 8 10 12 1 1 3 1 3 1 3 1 3 1 3 1 3 1 3 1 3 1 3 1 3 1 3 1 3 3 1 3 1 1 1 1 1 1 1 1 1 1 1 1 1 1 100 1 1 1 1 1 1 1 1 1 1 1 1 1 1 100 1 1 1 1 1 1 1 1 1 1 1 100 1 1 1 1 1 1 1 1 1 1 1 1 1 1 1 1 1 1 1 1 1 1 1 1 1 1 1 1 1 1 1 1 1 1 1 1 1 1 1 100 1 1 1 1 1 1 1 1 1 1 1 1 1 1 1 1 1 1 1 1 1 1 1 1 1 1 1 1 1 1 1 1 1 1 1 100 1 1 1 1 1 1 1 1 1 1 1 1 1 1 100 1 1 16 15 10 12 15 16 15 10 12 16 15 10 12 16 16 15 10 12 16 15 10 12 16 15 10 12 16 15 10 12 16 1 15 10 100 12 1 1 1 1 1 1 1 100 1 1 100 1 100 1 1
ciInstanceKlass java/lang/ThreadBuilders$BoundVirtualThread 0 0 132 10 100 12 1 1 1 9 100 12 1 1 1 10 100 12 1 1 1 9 12 1 1 10 12 1 1 10 12 1 1 9 12 1 1 10 100 12 1 1 1 10 12 1 1 100 1 8 1 10 12 1 10 12 1 1 10 12 1 1 10 12 1 1 10 100 12 1 1 1 8 1 10 12 1 8 1 10 12 1 1 10 100 12 1 1 9 100 12 1 1 1 10 12 1 1 10 10 12 1 1 1 1 1 1 1 1 1 1 1 1 1 1 1 1 1 1 1 1 1 1 1 1 1 1 1 1 100 1 1 1 1
ciInstanceKlass java/util/Map 1 1 263 11 7 12 1 1 1 11 12 1 1 10 100 12 1 1 11 12 1 1 11 7 12 1 1 1 11 100 12 1 1 1 11 12 1 1 7 1 11 12 1 11 12 1 100 1 100 1 10 12 1 1 11 100 12 1 1 1 11 100 12 1 1 1 11 12 1 11 12 1 10 12 1 1 11 12 1 11 100 12 1 9 7 12 1 1 1 100 1 10 12 7 1 7 1 10 12 1 7 1 10 7 1 11 12 1 11 12 1 1 11 12 1 1 7 1 11 12 1 1 1 1 1 1 1 1 1 1 1 1 1 1 1 1 1 1 1 1 1 1 1 1 1 1 1 1 1 1 1 1 1 1 1 1 1 1 1 1 1 1 1 1 1 1 1 1 1 1 1 1 1 1 1 1 1 1 1 1 1 1 1 1 1 1 1 1 1 1 1 1 1 1 1 1 1 1 1 1 1 1 1 1 1 1 1 1 1 1 1 1 1 1 1 1 1 1 1 1 1 1 1 1 1 1 1 1 1 1 1 1 1 1 1 1 1 1 1 1 1 1 1 1 1 1 100 1 1 1 1 1 1 1 1 1 1 1 1 1 1 1 1 1 1
instanceKlass java/util/Hashtable
ciInstanceKlass java/util/Dictionary 1 1 36 10 7 12 1 1 1 100 1 1 1 1 1 1 1 1 1 1 1 1 1 1 1 1 1 1 1 1 1 1 1 1 1 1 1 1
instanceKlass org/apache/commons/logging/impl/WeakHashtable
instanceKlass java/util/Properties
ciInstanceKlass java/util/Hashtable 1 1 516 100 1 10 7 12 1 1 1 9 7 12 1 1 1 100 1 100 1 10 8 1 10 12 1 1 10 12 1 10 12 1 1 10 12 1 10 7 12 1 1 1 8 1 10 12 1 9 12 1 1 7 1 9 12 1 1 4 10 7 12 1 1 1 9 12 1 4 10 12 1 11 100 12 1 1 1 10 12 1 1 10 12 1 1 9 12 1 10 12 1 1 100 1 10 9 12 1 1 10 7 12 1 1 1 9 12 1 1 10 12 1 10 12 1 3 9 12 1 9 12 1 3 10 12 1 10 12 1 10 12 1 1 11 12 1 1 11 100 12 1 1 1 11 100 12 1 1 1 11 12 1 100 1 11 12 1 11 12 1 10 12 1 1 10 12 1 1 10 12 1 9 12 1 1 9 12 9 12 1 1 10 100 1 100 1 10 12 1 10 8 1 10 10 12 1 8 1 10 8 1 10 100 12 1 1 1 7 1 10 12 1 10 12 1 100 1 10 12 1 10 12 1 1 100 1 10 100 1 10 10 12 1 1 11 12 1 1 11 12 1 100 1 10 10 10 100 12 1 1 11 100 12 1 1 1 100 1 10 11 100 12 1 1 11 100 12 1 10 12 1 10 12 1 1 10 100 12 1 1 10 12 1 1 10 12 1 1 10 12 1 1 10 100 12 1 1 1 8 10 100 12 1 1 100 1 8 1 10 4 4 10 12 1 1 10 12 1 8 1 4 10 12 10 100 12 1 1 1 100 1 11 100 12 1 1 1 10 100 12 1 1 1 10 12 1 10 12 1 1 10 100 1 100 1 1 1 1 1 1 5 0 1 1 1 1 1 3 1 3 1 3 1 1 1 1 1 1 1 1 1 1 1 1 1 1 1 1 1 1 1 1 1 1 1 1 1 100 1 1 1 1 1 1 1 1 1 1 1 1 1 1 1 1 1 1 1 1 1 1 1 1 1 1 1 1 1 100 1 1 1 1 1 1 1 1 1 1 1 1 1 1 100 1 1 1 1 1 1 1 1 1 1 1 1 1 1 1 1 1 1 1 1 1 1 1 1 1 1 1 1 1 1 1 1 1 1 1 1 1 1 1 1 1 1 1 1 100 1 1 1 100 1 1 1 1 1 100 1 1 1 1 1 1 1 1 1 1 1 1 1 1 1 1 1 1
instanceKlass java/security/Provider
ciInstanceKlass java/util/Properties 1 1 690 10 7 12 1 1 1 100 1 10 7 12 1 1 7 1 10 12 1 9 12 1 1 9 12 1 1 9 12 1 1 10 7 12 1 1 1 10 12 1 1 8 1 10 7 12 1 1 1 7 1 10 12 1 10 12 1 1 8 1 10 12 1 7 1 10 12 10 12 1 1 9 12 1 1 10 12 1 1 7 1 10 12 1 10 12 1 10 12 1 1 100 1 8 1 10 12 1 10 12 1 10 12 1 1 10 12 1 100 1 3 10 10 100 12 1 1 1 10 12 1 10 12 1 1 8 1 10 12 1 10 12 1 1 8 1 10 100 12 1 1 10 12 1 1 10 12 1 10 12 1 1 100 1 10 12 1 10 12 1 1 100 1 9 100 12 1 1 1 10 12 1 10 12 1 1 10 12 1 1 10 12 1 1 100 1 9 12 1 1 7 1 100 1 10 12 1 100 1 11 7 12 1 1 1 11 12 1 1 11 100 12 1 1 1 11 7 12 1 1 1 11 12 1 1 11 12 1 11 12 1 10 12 1 1 8 1 10 12 1 10 100 12 1 1 10 12 1 100 1 10 10 12 1 10 12 1 100 1 10 10 12 1 1 10 100 12 1 1 9 100 12 1 1 10 12 1 1 10 100 12 1 1 1 100 1 100 1 100 1 10 8 1 8 1 10 12 1 10 12 1 10 12 1 1 10 10 12 1 1 10 12 1 1 100 1 10 10 12 1 11 7 12 1 1 10 7 12 1 1 1 8 1 10 100 12 1 1 11 11 7 1 8 1 10 100 1 11 10 12 1 10 10 12 1 10 12 1 1 10 12 1 1 10 12 1 1 10 12 1 10 12 1 10 10 12 1 10 12 1 10 12 1 10 10 12 1 1 10 12 1 1 10 10 12 1 10 12 1 10 12 1 10 12 1 10 12 1 1 10 12 1 1 10 12 1 10 12 1 10 12 1 1 10 12 10 12 1 1 10 12 1 1 10 12 1 10 12 1 1 10 12 1 1 10 12 10 11 12 1 4 11 10 12 1 1 10 100 12 1 1 11 12 1 10 12 1 1 10 100 12 1 1 10 12 1 100 1 8 1 10 12 1 10 10 100 12 1 1 1 100 1 6 0 10 12 1 1 11 100 12 1 1 1 10 12 1 10 12 1 1 1 1 1 5 0 1 1 1 1 1 1 1 1 1 1 1 1 1 1 1 1 1 1 1 1 1 1 1 1 1 1 1 1 1 1 1 1 1 1 1 1 1 1 1 100 1 1 1 1 1 1 1 1 1 1 1 1 1 1 1 1 1 1 1 1 100 1 1 1 1 1 1 1 1 1 1 1 1 100 1 100 1 1 1 1 1 100 1 1 1 1 1 1 1 1 1 1 1 1 1 1 1 1 1 1 1 1 1 1 1 1 1 1 1 1 1 1 1 1 1 1 1 1 1 1 1 1 1 1 1 1 1 1 1 1 1 1 1 1 1 1 1 1 1 1 1 1 1 1 1 1 1 1 1 1 1 1 1 1 1 1 1 1 1 100 1 1 1 1 1 1 1 1 1 1 1 100 1 1
staticfield java/util/Properties UNSAFE Ljdk/internal/misc/Unsafe; jdk/internal/misc/Unsafe
ciInstanceKlass java/lang/Module 1 1 1070 10 7 12 1 1 1 9 7 12 1 1 1 10 7 12 1 1 1 9 12 1 9 12 1 1 9 12 1 1 10 12 1 1 10 12 1 10 12 1 1 10 7 12 1 1 1 7 1 10 7 12 1 1 1 10 12 1 1 11 7 12 1 1 1 10 12 1 1 10 7 12 1 1 1 10 12 1 1 10 7 12 1 1 1 9 100 12 1 1 1 10 100 12 1 1 1 10 12 1 8 1 10 7 12 1 1 1 10 7 12 1 1 1 10 7 12 1 1 1 10 12 1 10 12 1 9 12 1 1 10 100 12 1 1 100 1 100 1 10 8 1 10 12 1 1 10 12 1 10 12 10 12 1 10 7 12 1 1 8 1 8 1 10 8 1 8 1 9 12 1 1 8 1 10 100 12 1 1 1 10 12 1 9 12 1 1 11 12 1 9 7 12 1 1 10 7 12 1 1 1 10 7 12 1 1 1 10 12 1 1 8 1 10 12 1 1 10 12 1 10 12 1 1 9 7 12 1 1 1 10 12 1 1 10 12 1 1 9 12 1 10 12 1 10 12 1 9 12 1 1 11 7 12 1 1 10 12 1 1 9 12 1 9 12 1 10 12 1 10 12 1 100 1 8 1 10 10 12 1 1 10 12 1 8 1 10 12 1 1 8 1 8 1 10 12 1 1 10 12 1 10 12 1 1 18 12 1 1 10 12 1 1 11 12 1 9 12 1 11 12 10 100 12 1 1 100 1 8 1 10 11 12 1 1 10 7 12 1 1 1 10 12 1 10 12 1 1 11 12 1 1 11 7 12 1 1 11 12 1 1 9 12 1 11 12 1 10 12 1 1 10 12 1 1 9 12 1 10 12 10 7 12 1 1 10 7 1 18 12 1 1 11 100 12 1 1 1 18 12 1 11 12 1 1 10 100 12 1 1 1 11 12 1 1 10 7 12 1 1 7 1 11 12 1 7 1 7 1 10 12 1 10 7 12 1 1 1 10 11 7 12 1 8 1 10 10 12 1 1 10 7 12 1 1 10 12 1 10 12 1 7 1 10 12 1 10 11 12 1 1 10 12 10 12 1 1 9 12 1 1 100 1 10 10 12 1 1 11 7 1 10 12 1 1 11 12 1 10 10 12 1 11 10 12 1 1 10 12 1 1 10 12 1 1 10 7 12 1 1 10 12 1 10 12 1 1 10 10 12 1 1 10 12 1 18 12 1 11 12 1 18 12 1 10 12 1 10 12 1 10 12 7 1 10 12 1 10 12 1 10 12 1 9 12 1 7 1 10 10 10 10 12 1 10 12 1 10 12 1 10 12 1 1 10 12 1 1 10 12 1 9 12 1 18 12 1 1 10 100 12 1 1 1 100 1 8 1 10 12 1 1 10 12 1 1 10 100 12 1 1 100 1 10 12 1 1 100 1 8 1 10 12 1 1 100 1 11 12 1 1 10 100 12 1 1 1 18 12 1 1 11 100 12 1 1 1 100 1 10 12 1 10 12 1 1 100 1 100 1 10 12 8 1 10 12 1 1 10 12 1 1 10 7 12 1 1 10 12 1 1 10 12 1 10 12 10 12 1 1 100 1 10 10 12 1 1 10 100 12 1 1 1 100 1 10 12 1 1 10 100 12 1 1 8 1 18 12 1 1 100 1 100 1 9 12 1 1 9 12 1 9 12 1 11 100 12 1 1 1 100 1 11 12 1 1 100 1 10 12 1 8 1 10 12 1 10 12 10 12 1 8 1 10 10 100 12 1 1 7 1 10 10 12 1 10 7 12 1 1 9 12 1 9 12 1 9 12 1 9 12 1 10 12 11 12 1 10 12 1 100 1 1 1 1 1 1 1 1 1 1 1 1 1 1 1 1 1 1 1 100 1 1 1 1 1 1 1 1 1 1 1 1 1 1 1 1 1 1 1 1 1 1 1 1 1 1 1 1 1 1 1 1 1 1 1 1 1 1 1 1 1 1 1 1 1 1 1 1 1 1 1 1 1 1 1 1 1 1 1 1 1 1 1 1 1 1 1 1 1 1 1 1 1 1 1 1 1 1 1 1 1 1 1 1 1 1 1 1 1 1 1 1 1 1 1 100 100 1 1 1 1 1 1 1 1 1 1 1 1 1 1 1 1 1 1 1 1 1 1 1 1 1 1 1 100 1 100 1 1 1 1 1 1 1 1 1 1 1 1 1 1 1 1 1 1 1 1 100 1 1 1 1 1 1 1 1 1 1 1 1 1 1 1 1 1 1 1 1 1 1 1 16 15 10 12 16 16 15 10 12 16 16 15 10 16 1 15 10 12 16 1 15 10 12 16 1 16 15 10 12 16 16 1 15 10 12 16 15 10 7 12 1 1 1 15 10 100 12 1 1 1 1 1 1 1 1 1 1 1 100 1 100 1 1 100 1 100 1 1
staticfield java/lang/Module ALL_UNNAMED_MODULE Ljava/lang/Module; java/lang/Module
staticfield java/lang/Module ALL_UNNAMED_MODULE_SET Ljava/util/Set; java/util/ImmutableCollections$Set12
staticfield java/lang/Module EVERYONE_MODULE Ljava/lang/Module; java/lang/Module
staticfield java/lang/Module EVERYONE_SET Ljava/util/Set; java/util/ImmutableCollections$Set12
staticfield java/lang/Module $assertionsDisabled Z 1
instanceKlass java/lang/reflect/Executable
instanceKlass java/lang/reflect/Field
ciInstanceKlass java/lang/reflect/AccessibleObject 1 1 400 10 7 12 1 1 1 9 100 12 1 1 1 10 100 12 1 1 1 10 7 12 1 1 10 7 12 1 1 1 10 100 12 1 1 1 10 12 1 1 10 12 1 1 9 12 1 1 100 1 10 7 12 1 1 1 11 12 1 100 1 10 12 1 7 1 100 1 10 12 1 10 12 1 1 10 12 1 1 10 12 1 1 10 12 1 1 7 1 10 100 12 1 1 1 10 12 1 1 11 10 7 12 1 1 1 10 12 1 1 10 12 1 10 12 1 10 12 1 1 10 12 1 8 1 100 1 100 1 10 10 12 1 1 8 1 10 12 1 10 12 1 8 1 8 1 8 1 8 1 8 1 8 1 8 1 8 1 8 1 100 1 10 12 1 10 12 1 9 12 1 1 10 12 1 1 10 12 1 10 100 1 100 1 8 1 10 8 1 10 12 1 8 1 10 12 1 10 12 1 1 10 100 1 8 1 10 11 7 12 1 1 1 10 12 1 1 10 12 1 1 10 12 1 1 9 12 1 1 100 1 10 12 1 7 1 10 12 1 10 12 1 1 10 100 1 10 12 1 10 12 10 12 1 10 12 1 10 12 1 1 10 12 1 9 12 1 10 100 12 1 1 8 1 10 100 12 1 1 1 8 1 10 100 12 1 1 1 9 12 1 100 1 10 7 1 10 10 7 12 1 1 1 7 1 10 10 7 12 1 1 1 7 1 9 12 1 1 1 1 1 1 1 1 1 1 1 1 1 1 1 1 1 1 1 1 1 1 1 1 1 1 1 1 1 1 1 1 1 1 1 1 1 1 1 1 1 1 1 1 1 1 1 1 1 1 1 1 1 1 1 1 1 1 1 1 1 1 1 1 1 1 1 1 1 1 1 1 1 1 1 1 1 1 1 1 1 1 1 1
staticfield java/lang/reflect/AccessibleObject reflectionFactory Ljdk/internal/reflect/ReflectionFactory; jdk/internal/reflect/ReflectionFactory
ciInstanceKlass java/lang/reflect/Member 1 1 37 100 1 10 12 1 1 100 1 100 1 1 1 1 3 1 3 1 1 1 1 1 1 1 1 1 1 1 1 1 1 1 1 1 1 1 1
ciInstanceKlass java/lang/reflect/Field 1 1 457 9 7 12 1 1 1 10 12 1 1 10 7 12 1 1 1 10 7 12 1 1 9 12 1 1 10 12 1 1 10 12 1 1 10 7 12 1 1 10 7 12 1 1 1 9 12 1 1 9 12 1 9 12 1 9 12 1 1 9 12 1 1 9 12 1 9 12 1 1 9 12 1 1 100 1 8 1 10 12 1 10 12 1 9 12 1 1 9 12 1 10 12 1 10 7 12 1 1 10 12 1 1 10 12 1 1 10 12 1 10 12 1 1 9 100 12 1 1 1 10 100 12 1 1 1 7 1 10 12 1 1 10 12 1 1 10 12 1 1 10 12 1 10 12 1 10 7 1 10 7 12 1 1 7 1 10 8 1 10 12 1 1 10 12 1 1 8 1 10 12 10 12 1 8 1 8 1 10 11 7 1 9 12 1 10 12 1 1 10 12 1 1 11 7 12 1 1 1 10 12 1 11 12 1 1 11 12 1 1 11 12 1 1 11 12 1 1 11 12 1 1 11 12 1 1 11 12 1 1 11 12 1 1 11 12 1 1 11 12 1 1 11 12 1 1 11 12 1 1 11 12 1 1 11 12 1 1 11 12 1 1 11 12 1 1 11 12 1 1 10 12 1 10 100 12 1 1 10 12 1 10 12 1 10 12 1 9 12 1 1 10 7 12 1 1 1 10 12 1 1 10 12 1 10 7 12 1 1 10 12 1 1 11 7 1 10 12 1 7 1 10 100 12 1 1 1 10 7 12 1 1 1 9 12 1 10 7 12 1 1 1 11 7 12 1 1 1 10 12 1 1 10 12 1 1 9 100 12 1 1 10 100 12 1 1 1 10 12 1 1 100 1 1 1 1 1 1 1 1 1 1 1 1 1 1 1 1 1 1 1 1 1 1 1 1 1 1 1 1 1 1 1 1 1 1 1 1 1 1 1 100 1 1 1 1 1 1 1 1 1 1 1 1 1 1 1 1 1 1 1 1 1 1 1 1 1 1 1 1 1 1 1 1 100 1 1 1 1 1 1 1 1 1 100 1 1
ciInstanceKlass java/lang/reflect/Parameter 1 1 243 10 7 12 1 1 1 9 7 12 1 1 1 9 12 1 1 9 12 1 1 9 12 1 10 12 1 1 10 12 1 1 10 7 12 1 1 1 100 1 10 10 12 1 1 11 100 12 1 1 1 10 12 1 10 100 12 1 1 1 10 12 1 1 10 12 1 10 12 1 8 1 8 1 10 100 12 1 1 1 10 12 1 10 12 9 100 12 1 1 1 10 100 12 1 1 1 10 12 1 8 1 10 12 1 9 12 1 1 10 12 1 1 9 12 1 1 10 12 1 1 10 12 1 1 10 12 1 1 10 12 1 10 10 12 1 10 100 12 1 1 1 10 12 1 1 11 100 12 1 1 10 100 12 1 1 100 1 10 100 12 1 1 1 10 12 1 1 10 12 1 1 10 12 1 1 10 12 1 1 9 12 1 100 1 10 11 12 1 1 11 12 1 1 100 1 1 1 1 1 1 1 1 1 1 1 1 1 1 1 1 1 1 1 1 1 1 1 1 1 1 1 1 1 1 1 1 1 1 1 1 1 1 1 1 1 100 1 1 1 1 1 1
instanceKlass java/lang/reflect/Constructor
instanceKlass java/lang/reflect/Method
ciInstanceKlass java/lang/reflect/Executable 1 1 581 10 7 12 1 1 1 10 7 12 1 1 1 10 7 12 1 1 1 11 7 12 1 1 1 10 7 12 1 1 1 10 12 1 1 10 7 12 1 1 1 10 7 12 1 1 1 10 12 1 8 1 10 10 12 1 1 10 12 1 1 10 7 12 1 1 1 18 12 1 1 11 7 12 1 1 1 8 1 8 1 8 1 10 7 12 1 1 1 11 12 1 1 7 1 8 1 8 1 10 12 1 100 1 8 1 10 12 1 8 1 11 100 12 1 1 1 100 1 11 7 12 1 1 1 11 12 1 8 1 18 8 1 10 12 1 10 12 1 1 18 8 1 10 12 1 100 1 10 12 1 10 12 1 11 12 1 10 12 1 1 8 1 8 1 10 12 1 1 10 12 1 1 10 10 12 1 9 100 12 1 1 1 10 100 12 1 1 1 10 12 1 10 12 1 1 10 7 12 1 1 10 12 1 10 12 1 10 12 1 10 7 12 1 1 100 1 10 100 12 1 1 1 10 12 1 1 10 7 12 1 1 10 12 1 10 12 1 1 9 7 12 1 1 1 10 7 10 12 1 8 1 10 12 1 10 12 1 3 100 1 8 1 10 12 1 10 12 1 10 10 12 1 10 12 1 1 8 1 8 1 8 1 9 12 1 1 9 12 1 10 12 1 100 1 8 1 10 12 1 10 12 1 10 12 1 1 10 12 1 1 10 12 1 10 12 10 12 1 100 1 10 12 1 10 12 1 1 100 1 10 100 12 1 1 1 7 1 10 7 12 1 1 1 10 12 1 1 11 7 12 1 1 10 12 1 10 100 12 1 1 1 10 12 1 1 9 12 1 10 12 1 1 10 12 1 10 12 1 1 9 100 12 1 1 1 10 100 12 1 1 1 10 12 1 10 12 1 1 9 12 1 10 10 10 10 100 12 1 1 1 10 12 1 9 12 1 10 12 1 1 9 12 1 100 1 100 1 1 1 1 1 1 1 1 1 1 1 1 1 1 1 1 1 1 1 1 1 1 1 1 1 1 1 1 1 1 1 1 1 1 1 1 100 1 1 1 1 1 1 1 1 1 1 1 1 1 1 1 1 1 1 1 100 1 1 1 1 1 1 1 1 1 1 1 1 1 1 1 1 1 1 1 1 1 1 1 1 1 1 1 1 1 1 1 1 1 1 1 1 1 1 1 1 1 1 1 100 1 1 1 1 1 1 1 1 1 1 1 1 1 1 1 1 1 1 1 1 1 1 100 1 1 16 15 16 1 16 1 15 10 12 16 15 10 7 12 1 1 1 1 1 1 100 1 1 100 1 100 1 1
ciInstanceKlass java/lang/reflect/Method 1 1 472 9 7 12 1 1 1 10 7 12 1 1 1 10 7 12 1 1 9 12 1 1 10 12 1 1 10 12 1 1 10 7 12 1 1 10 7 12 1 1 1 9 12 1 1 9 12 1 9 12 1 1 9 12 1 9 12 1 9 12 1 1 9 12 1 9 12 1 1 9 12 1 9 12 1 9 12 1 1 100 1 8 1 10 12 1 10 12 1 9 12 1 1 8 1 10 7 12 1 1 10 7 12 1 1 1 10 12 1 1 10 12 1 1 10 12 1 10 12 1 1 10 12 1 1 9 100 12 1 1 1 10 12 1 1 10 12 10 7 12 1 1 10 12 1 1 10 12 1 10 12 1 10 12 1 10 7 12 1 1 1 10 12 1 1 10 7 1 10 7 12 1 1 1 10 7 12 1 1 10 12 1 1 10 12 1 1 10 12 1 10 7 12 1 1 1 10 12 1 10 8 1 10 12 1 10 12 1 7 1 8 1 8 1 8 1 10 12 1 10 12 1 1 10 12 1 1 10 10 12 1 1 10 12 1 11 100 1 10 12 1 9 12 1 1 10 12 1 1 10 12 1 10 12 1 1 10 12 1 1 11 7 12 1 1 1 11 12 1 9 12 1 1 10 12 1 10 12 1 10 12 1 10 12 1 10 12 1 10 12 1 9 12 1 1 10 7 12 1 1 1 10 7 12 1 1 10 12 1 1 10 7 12 1 1 1 10 7 12 1 1 1 10 7 12 1 1 1 11 7 12 1 1 1 10 7 12 1 1 1 7 1 100 1 100 1 10 12 1 10 12 1 1 10 12 1 100 1 8 1 10 12 1 10 10 12 1 1 10 12 1 1 10 12 1 1 10 12 1 1 8 1 10 12 1 1 1 1 1 1 1 1 1 1 1 1 1 1 1 1 1 1 1 1 1 1 1 1 1 1 1 1 1 1 1 1 1 1 1 1 1 1 1 1 1 1 1 1 1 1 1 1 1 1 1 1 1 100 1 100 1 100 1 1 1 1 1 1 1 1 1 1 1 1 1 1 1 1 1 1 1 1 1 1 1 1 1 1 1 1 1 1
ciInstanceKlass java/lang/reflect/Constructor 1 1 439 10 100 12 1 1 1 10 100 12 1 1 9 7 12 1 1 1 10 12 1 1 10 12 1 1 10 100 12 1 1 9 12 1 1 10 7 12 1 1 1 9 12 1 1 9 12 1 1 9 12 1 9 12 1 1 9 12 1 9 12 1 1 9 12 1 1 9 12 1 100 1 8 1 10 12 1 10 12 1 9 12 1 1 10 7 12 1 1 10 7 12 1 1 1 10 12 1 1 10 12 1 1 10 12 1 7 1 100 1 8 1 10 10 12 1 10 12 1 10 12 1 1 10 12 1 1 9 100 12 1 1 1 10 7 12 1 1 10 12 1 1 10 12 1 10 12 1 1 10 100 12 1 1 1 10 100 12 1 1 10 12 1 1 10 12 1 10 100 12 1 1 1 8 1 10 10 12 1 100 1 8 1 10 12 1 10 12 1 1 10 12 1 1 10 12 1 10 12 1 10 12 1 1 10 12 1 1 9 12 1 1 10 12 1 1 10 12 1 1 10 12 1 1 11 7 12 1 1 1 10 12 1 1 10 12 1 10 12 1 10 12 1 8 1 9 12 1 1 10 7 12 1 1 1 10 7 12 1 1 10 12 1 1 10 12 1 1 10 12 1 1 10 12 1 1 10 12 1 9 100 12 1 1 10 12 1 10 12 1 10 12 1 100 1 8 1 10 10 12 1 1 10 12 1 10 10 12 1 1 10 12 1 1 10 100 12 1 1 1 11 100 12 1 1 1 10 12 1 1 9 100 12 1 1 1 10 100 12 1 1 1 10 12 1 1 1 1 1 1 1 1 1 1 1 1 1 1 1 1 1 1 1 1 1 1 1 1 1 1 1 1 1 1 1 1 1 1 1 1 1 1 1 1 1 1 1 1 1 1 1 1 1 1 1 1 100 1 100 1 100 1 100 1 1 1 1 1 1 1 1 1 1 1 1 1 1 1 1 1 1 1 1 1 1 1 1 1 1 1 1 1 1 1 1 1 100 1 1
ciInstanceKlass jdk/internal/vm/ContinuationScope 0 0 50 10 100 12 1 1 1 10 100 12 1 1 1 100 1 9 100 12 1 1 1 10 12 1 1 10 100 12 1 1 1 10 12 1 1 10 12 1 1 1 1 1 1 1 1 1 1 1 1 1
ciInstanceKlass jdk/internal/vm/Continuation 0 0 549 9 100 12 1 1 1 9 12 1 9 12 1 100 1 100 1 10 12 1 1 8 1 10 12 1 1 10 12 1 10 12 1 1 10 12 1 9 100 12 1 1 1 11 100 12 1 1 1 10 100 1 9 12 1 1 9 12 1 1 10 8 1 10 12 1 9 12 1 1 10 11 12 1 1 100 1 10 100 12 1 1 1 10 12 1 1 10 12 1 10 12 1 1 11 12 1 1 9 12 1 1 10 12 1 1 18 12 1 1 10 100 12 1 1 1 100 1 10 12 1 11 100 12 1 1 1 10 12 1 9 12 1 10 12 1 1 100 1 8 1 10 12 1 10 12 1 1 9 12 1 1 11 12 1 1 9 12 1 1 8 1 10 11 12 1 1 11 12 1 1 10 12 1 1 10 12 1 1 9 12 1 10 12 1 10 10 12 1 8 1 10 12 1 8 1 8 1 10 100 12 1 1 1 10 100 12 1 1 1 10 12 1 9 12 1 11 12 1 100 1 10 12 1 10 12 1 1 9 12 1 1 100 1 10 12 1 1 9 12 1 1 10 12 1 10 12 1 11 100 12 1 1 10 100 1 10 12 1 8 1 9 12 1 10 12 1 1 9 12 1 1 10 100 12 1 1 8 1 8 1 8 1 8 1 10 12 1 1 10 12 1 10 12 1 10 12 1 10 12 1 1 10 12 1 1 8 1 10 12 1 1 9 12 1 1 10 12 1 1 9 12 1 8 1 10 100 12 1 1 1 10 12 1 8 1 100 1 8 1 10 9 12 1 1 8 1 10 100 12 1 1 10 100 12 1 1 8 1 8 1 10 12 10 100 12 1 1 1 10 100 1 10 100 12 1 1 1 18 11 100 12 1 1 1 18 12 1 11 12 1 1 100 1 10 100 12 1 1 10 12 1 1 8 10 12 1 1 10 100 12 1 1 1 10 100 12 1 1 10 12 1 8 1 10 12 1 100 1 100 1 10 12 1 1 1 1 1 1 1 1 1 1 1 1 1 1 1 1 1 1 1 1 1 1 1 1 1 1 1 1 1 1 1 1 1 1 1 1 1 1 1 1 1 1 1 1 1 1 1 1 1 1 1 1 1 1 1 1 1 1 1 1 1 1 1 1 1 1 1 1 1 1 1 1 1 1 1 100 1 1 16 1 15 10 12 16 15 11 100 12 1 1 1 16 1 16 1 15 10 12 16 15 10 100 12 1 1 1 1 1 1 1 1 100 1 100 1 1
ciInstanceKlass jdk/internal/vm/StackChunk 0 0 32 10 100 12 1 1 1 9 100 12 1 1 1 9 12 1 1 9 12 1 1 1 1 1 1 1 1 1 1 1 1 1
instanceKlass jdk/internal/reflect/FieldAccessorImpl
instanceKlass jdk/internal/reflect/ConstructorAccessorImpl
instanceKlass jdk/internal/reflect/MethodAccessorImpl
ciInstanceKlass jdk/internal/reflect/MagicAccessorImpl 1 1 16 10 7 12 1 1 1 100 1 1 1 1 1 1 1 1
ciInstanceKlass jdk/internal/reflect/MethodAccessor 1 0 17 100 1 100 1 1 1 1 100 1 100 1 1 1 1 1 1
instanceKlass jdk/internal/reflect/DirectMethodHandleAccessor
ciInstanceKlass jdk/internal/reflect/MethodAccessorImpl 1 1 38 10 7 12 1 1 1 10 100 12 1 1 1 100 1 1 1 1 1 1 1 100 1 100 1 1 1 1 1 1 1 1 1 1 1 1 1 1
ciInstanceKlass jdk/internal/reflect/ConstructorAccessor 1 0 16 100 1 100 1 1 1 1 100 1 100 1 100 1 1 1
instanceKlass jdk/internal/reflect/DirectConstructorHandleAccessor$NativeAccessor
instanceKlass jdk/internal/reflect/DirectConstructorHandleAccessor
instanceKlass jdk/internal/reflect/NativeConstructorAccessorImpl
ciInstanceKlass jdk/internal/reflect/ConstructorAccessorImpl 1 1 27 10 7 12 1 1 1 100 1 100 1 1 1 1 1 1 1 1 1 100 1 100 1 100 1 1 1
ciInstanceKlass jdk/internal/reflect/DelegatingClassLoader 0 0 18 10 100 12 1 1 1 100 1 1 1 1 1 1 1 1 1 1
ciInstanceKlass jdk/internal/reflect/ConstantPool 1 1 142 10 100 12 1 1 1 9 7 12 1 1 1 10 12 1 1 10 12 1 1 10 12 1 10 12 1 1 10 12 1 1 10 12 1 10 12 1 1 10 12 1 10 12 1 1 10 12 1 10 12 1 10 12 1 10 12 1 1 10 12 1 1 10 12 1 1 10 12 1 1 10 12 1 10 12 1 1 10 100 12 1 1 1 8 11 7 12 1 1 1 10 7 12 1 1 1 1 1 1 1 1 1 1 1 1 1 1 1 1 1 1 1 1 1 1 1 1 1 1 1 1 1 1 1 1 1 1 1 1 1 1 1 1 1 1 1 1 1 1 1 1
ciInstanceKlass jdk/internal/reflect/FieldAccessor 1 0 48 100 1 100 1 1 1 1 100 1 1 1 1 1 1 1 1 1 1 1 1 1 1 1 1 1 1 1 100 1 1 1 1 1 1 1 1 1 1 1 1 1 1 1 1 1 1 1
instanceKlass jdk/internal/reflect/MethodHandleFieldAccessorImpl
instanceKlass jdk/internal/reflect/UnsafeFieldAccessorImpl
ciInstanceKlass jdk/internal/reflect/FieldAccessorImpl 1 1 269 10 7 12 1 1 1 9 7 12 1 1 1 10 100 12 1 1 1 10 100 12 1 1 10 100 12 1 1 1 10 12 1 1 100 1 10 10 12 1 1 10 12 1 1 8 1 10 10 12 1 100 1 8 1 10 12 1 8 1 10 12 1 8 1 10 12 1 100 1 10 12 1 1 10 8 1 10 12 1 1 8 1 10 100 12 1 1 8 1 10 100 12 1 1 8 1 10 100 12 1 1 8 1 10 100 12 1 1 8 1 10 100 12 1 1 8 1 10 100 12 1 1 8 1 10 100 12 1 1 8 1 10 100 12 1 1 10 12 1 1 8 1 10 12 1 1 10 100 12 1 1 1 8 1 10 12 1 8 1 8 1 8 1 8 1 10 100 12 1 1 1 8 1 8 1 8 1 10 12 100 1 1 1 1 1 1 1 1 1 1 1 1 1 1 1 1 1 1 1 1 1 1 1 1 1 1 1 1 1 1 1 1 1 1 1 1 1 1 1 1 1 1 1 1 1 1 1 1 1 1 1 1 1 1 1 1 1 1 1 1 1 1 1 1 1 1 1 1 1 1 1 1 1 1 1 1 1 1 1 1 1 1 1 1 1 1 1 1
instanceKlass jdk/internal/reflect/UnsafeStaticFieldAccessorImpl
ciInstanceKlass jdk/internal/reflect/UnsafeFieldAccessorImpl 0 0 62 10 100 12 1 1 1 10 100 12 1 1 1 10 100 12 1 1 1 9 100 12 1 1 10 12 1 9 12 1 1 10 100 12 1 1 1 9 12 1 1 10 12 1 10 12 1 1 1 1 1 1 1 1 1 1 1 1 1 1 1 1
ciInstanceKlass jdk/internal/reflect/UnsafeStaticFieldAccessorImpl 0 0 47 10 100 12 1 1 1 9 100 12 1 1 1 10 100 12 1 1 1 9 12 1 1 8 11 100 12 1 1 1 10 100 12 1 1 1 1 1 1 1 1 1 1 1 1 1 1
ciInstanceKlass java/lang/annotation/Annotation 1 0 17 100 1 100 1 1 1 1 1 1 1 1 1 1 1 1 1
ciInstanceKlass jdk/internal/reflect/CallerSensitive 0 0 17 100 1 100 1 100 1 1 1 1 1 1 1 1 1 1 1
ciInstanceKlass jdk/internal/reflect/NativeConstructorAccessorImpl 0 0 125 10 100 12 1 1 1 9 100 12 1 1 1 100 1 10 12 1 9 12 1 1 9 12 1 1 10 100 12 1 1 1 10 100 12 1 1 1 10 100 12 1 1 1 9 12 1 9 12 1 1 9 12 1 1 10 100 12 1 1 1 100 1 10 10 12 1 1 10 12 1 10 12 1 1 10 12 1 100 1 10 12 1 1 10 12 1 1 8 10 12 1 1 1 1 1 1 1 1 1 1 1 1 1 1 1 1 1 1 1 1 1 1 100 1 100 1 100 1 1 1 1 1 1 1
instanceKlass java/lang/invoke/DelegatingMethodHandle
instanceKlass java/lang/invoke/BoundMethodHandle
instanceKlass java/lang/invoke/DirectMethodHandle
ciInstanceKlass java/lang/invoke/MethodHandle 1 1 733 100 1 9 7 12 1 1 1 10 7 12 1 1 1 10 7 12 1 1 1 7 1 7 1 10 12 1 1 9 12 1 1 10 12 1 10 12 1 1 10 12 1 1 10 100 12 1 1 1 10 12 1 1 10 12 1 1 11 100 12 1 1 1 10 12 1 1 10 12 1 10 12 1 10 12 1 1 9 12 1 1 9 12 1 1 10 100 12 1 1 1 10 12 1 1 10 12 1 10 12 1 100 1 100 1 10 8 1 10 12 1 1 10 12 1 8 1 10 12 1 1 10 12 1 10 7 12 1 1 1 10 12 1 1 10 12 1 1 10 12 1 1 10 7 12 1 1 1 10 12 1 1 10 12 1 1 10 12 1 10 12 1 1 10 100 12 1 1 10 7 12 1 1 10 12 1 10 12 1 10 12 1 1 10 12 1 1 10 12 1 1 10 12 1 1 10 7 12 1 1 1 10 100 12 1 1 1 10 12 1 1 10 12 1 1 10 12 1 1 8 1 10 7 12 1 1 1 8 1 10 12 1 10 12 1 1 10 12 1 1 10 12 1 8 1 10 12 1 1 8 1 10 12 1 8 1 10 100 12 1 1 1 9 12 1 1 100 1 10 9 100 12 1 1 1 9 100 1 8 1 10 12 1 1 10 12 1 10 12 1 1 10 12 1 10 12 1 1 10 12 1 10 12 1 1 10 12 1 10 12 1 1 10 12 1 1 8 1 10 12 1 1 8 1 10 12 1 10 12 1 1 10 12 1 10 12 1 10 12 1 1 9 100 12 1 1 1 10 12 1 1 11 12 1 10 12 1 10 12 1 1 10 100 12 1 1 100 1 11 12 1 10 100 1 11 12 1 100 1 10 12 1 11 12 1 9 100 12 1 1 1 11 12 1 1 11 100 12 1 1 1 10 12 1 1 9 12 1 11 12 1 9 12 1 9 12 1 9 12 1 11 12 1 1 9 12 1 9 12 1 9 12 1 9 12 1 9 12 1 9 12 1 9 12 1 8 1 10 12 1 10 12 1 8 1 10 12 1 10 12 1 10 12 1 1 10 10 10 7 12 1 1 10 12 1 1 100 1 100 1 8 1 8 1 10 10 12 1 1 10 12 1 10 12 1 100 1 10 100 12 1 1 1 10 9 7 12 1 1 1 10 12 1 1 10 12 1 1 8 1 8 1 10 100 12 1 1 9 12 1 9 12 1 1 9 12 1 1 10 12 1 7 1 10 12 1 10 12 1 1 9 12 1 1 9 12 1 1 10 7 12 1 1 1 11 7 12 1 1 9 12 1 10 12 1 1 9 12 1 10 12 1 8 10 12 1 1 8 1 1 1 1 1 1 1 1 100 1 1 1 1 1 1 1 1 1 1 1 1 1 1 1 1 1 1 1 1 1 1 1 1 1 1 1 1 1 1 100 1 1 1 1 1 1 1 1 1 1 1 1 1 1 1 1 1 1 1 1 1 1 1 1 1 1 1 1 1 1 1 1 1 1 1 1 1 1 1 1 1 1 1 1 1 1 1 1 1 1 1 1 1 1 1 1 1 1 1 1 1 1 1 1 1 1 1 1 1 1 1 1 1 1 1 1 1 1 1 1 1 1 1 1 1 1 100 1 1 100 1 100 1 100 1 1 100 1 1 100 1 1 1 1
staticfield java/lang/invoke/MethodHandle FORM_OFFSET J 20
staticfield java/lang/invoke/MethodHandle UPDATE_OFFSET J 13
staticfield java/lang/invoke/MethodHandle $assertionsDisabled Z 1
instanceKlass java/lang/invoke/DirectMethodHandle$Special
instanceKlass java/lang/invoke/DirectMethodHandle$Interface
instanceKlass java/lang/invoke/DirectMethodHandle$Accessor
instanceKlass java/lang/invoke/DirectMethodHandle$Constructor
ciInstanceKlass java/lang/invoke/DirectMethodHandle 1 1 923 7 1 7 1 100 1 7 1 7 1 10 7 12 1 1 1 10 7 12 1 1 1 100 1 10 12 1 10 12 1 1 10 7 12 1 1 10 12 1 1 10 12 1 10 12 1 7 1 10 12 1 1 10 12 1 1 10 12 1 10 12 1 1 10 7 12 1 1 1 10 12 1 9 12 1 1 100 1 10 9 12 1 1 9 12 1 10 12 1 10 12 1 10 12 1 1 10 12 1 10 12 1 10 12 1 10 7 12 1 1 1 10 12 1 10 12 1 1 8 1 10 12 1 1 7 1 10 12 1 7 1 10 10 12 1 10 12 1 10 12 1 10 7 12 1 1 1 10 12 1 1 100 1 10 12 1 10 12 1 7 1 10 12 1 10 12 1 1 10 12 1 1 10 12 1 8 10 100 12 1 1 1 10 12 1 10 12 1 10 12 1 1 10 12 1 9 7 12 1 1 1 7 1 10 12 1 10 7 12 1 1 1 10 12 1 10 12 1 1 9 12 1 1 100 1 10 8 1 10 12 1 1 10 12 1 1 8 1 10 12 1 10 12 1 10 10 12 1 10 12 1 10 12 1 10 12 1 10 12 1 1 10 12 1 10 12 1 1 10 12 1 10 12 1 1 10 10 7 12 1 1 1 10 12 1 10 12 1 1 10 12 1 10 12 1 1 8 1 9 7 12 1 1 1 8 1 9 12 1 9 12 1 8 1 9 12 1 9 12 1 8 1 9 12 1 9 12 1 8 1 10 12 1 10 12 1 1 9 12 1 1 7 1 10 12 1 1 100 1 10 7 12 1 1 1 10 12 1 1 10 12 1 10 12 1 1 7 1 10 12 1 1 10 12 1 10 12 1 1 7 1 10 12 1 1 10 12 1 10 7 12 1 1 1 10 12 1 10 12 1 1 10 12 1 9 12 1 1 10 7 1 9 12 9 12 1 10 7 12 1 1 1 10 12 1 7 1 7 1 7 1 9 12 1 1 10 7 12 1 1 1 10 12 10 12 1 100 1 10 12 1 10 12 1 1 8 1 9 12 1 9 12 1 10 12 1 1 9 12 1 1 10 7 12 1 1 1 9 12 1 1 9 12 1 1 10 12 1 10 12 1 10 12 1 10 12 1 1 10 12 1 9 12 1 10 12 1 10 12 1 10 12 1 10 12 1 1 10 12 1 1 9 12 1 1 10 12 1 1 9 7 12 1 1 1 9 12 1 9 12 1 9 12 1 9 12 1 9 12 1 9 12 1 9 12 1 9 12 1 9 12 1 9 12 1 9 12 1 9 12 1 9 12 1 9 12 1 9 12 1 9 12 1 9 12 1 9 12 1 9 12 1 9 12 1 9 12 1 9 12 1 9 12 1 9 12 1 9 12 1 9 12 1 9 12 1 9 12 1 9 12 1 9 12 1 9 12 1 9 12 1 9 12 1 9 12 1 9 12 1 9 12 1 8 1 9 12 1 1 9 12 1 1 10 12 1 10 12 1 1 9 7 1 10 12 1 9 12 1 1 10 12 10 12 1 10 12 1 10 12 1 10 12 1 10 8 1 8 1 8 1 8 1 10 12 1 1 9 12 1 1 10 12 1 10 100 12 1 1 1 8 9 12 1 1 10 12 1 1 8 1 8 8 9 12 1 8 1 8 8 8 8 8 1 8 10 12 1 7 1 10 12 1 8 1 8 1 10 12 1 10 12 1 10 12 1 10 12 1 1 7 1 1 1 1 3 1 3 1 3 1 3 1 3 1 3 1 3 1 3 1 3 1 3 1 1 1 1 1 1 1 1 1 1 3 1 3 1 1 1 1 3 1 1 1 1 1 1 1 1 1 1 1 1 1 1 1 1 1 1 1 1 1 1 1 1 1 1 1 1 1 1 1 1 1 1 1 1 1 1 1 1 1 1 1 1 1 1 1 1 1 1 1 1 1 1 1 1 1 100 1 1 1 1 1 1 1 1 1 100 1 1 1 1 1 1 1 1 1 1 1 1 1 1 1 1 1 1 1 1 1 1 1 1 1 1 1 1 1 1 1 1 1 1 1 1 1 1 1 1 1 1 1 1 1 1 1 1 1 1 1 1
staticfield java/lang/invoke/DirectMethodHandle IMPL_NAMES Ljava/lang/invoke/MemberName$Factory; java/lang/invoke/MemberName$Factory
staticfield java/lang/invoke/DirectMethodHandle FT_UNCHECKED_REF I 8
staticfield java/lang/invoke/DirectMethodHandle ACCESSOR_FORMS [Ljava/lang/invoke/LambdaForm; 132 [Ljava/lang/invoke/LambdaForm;
staticfield java/lang/invoke/DirectMethodHandle ALL_WRAPPERS [Lsun/invoke/util/Wrapper; 10 [Lsun/invoke/util/Wrapper;
staticfield java/lang/invoke/DirectMethodHandle NFS [Ljava/lang/invoke/LambdaForm$NamedFunction; 12 [Ljava/lang/invoke/LambdaForm$NamedFunction;
staticfield java/lang/invoke/DirectMethodHandle OBJ_OBJ_TYPE Ljava/lang/invoke/MethodType; java/lang/invoke/MethodType
staticfield java/lang/invoke/DirectMethodHandle LONG_OBJ_TYPE Ljava/lang/invoke/MethodType; java/lang/invoke/MethodType
staticfield java/lang/invoke/DirectMethodHandle $assertionsDisabled Z 1
instanceKlass java/lang/invoke/VarHandleByteArrayAsDoubles$ByteArrayViewVarHandle
instanceKlass java/lang/invoke/VarHandleByteArrayAsFloats$ByteArrayViewVarHandle
instanceKlass java/lang/invoke/VarHandleByteArrayAsChars$ByteArrayViewVarHandle
instanceKlass java/lang/invoke/VarHandleByteArrayAsShorts$ByteArrayViewVarHandle
instanceKlass java/lang/invoke/VarHandleReferences$Array
instanceKlass java/lang/invoke/VarHandleInts$FieldInstanceReadOnly
instanceKlass java/lang/invoke/VarHandleReferences$FieldInstanceReadOnly
instanceKlass java/lang/invoke/VarHandleBooleans$FieldInstanceReadOnly
instanceKlass java/lang/invoke/VarHandleByteArrayAsLongs$ByteArrayViewVarHandle
instanceKlass java/lang/invoke/VarHandleByteArrayAsInts$ByteArrayViewVarHandle
instanceKlass java/lang/invoke/VarHandleReferences$FieldStaticReadOnly
ciInstanceKlass java/lang/invoke/VarHandle 1 1 474 10 7 12 1 1 1 10 7 12 1 1 9 12 1 1 9 12 1 1 100 1 10 8 1 10 12 1 1 10 7 12 1 1 1 10 12 1 1 10 100 12 1 1 1 9 100 12 1 1 1 10 12 1 1 10 7 12 1 1 1 10 12 1 1 9 12 1 10 12 1 9 12 1 1 10 7 12 1 1 10 12 1 9 7 12 1 1 1 9 12 1 1 10 12 1 1 100 1 100 1 10 8 1 10 12 1 1 10 12 1 8 1 10 12 1 10 12 1 9 12 1 1 9 12 1 10 12 1 10 12 1 1 10 12 1 10 10 100 12 1 1 1 10 12 1 1 10 12 1 1 10 100 12 1 1 1 10 100 12 1 1 1 10 100 12 1 1 1 9 12 1 1 9 10 12 1 10 12 1 1 10 12 1 1 10 12 1 10 100 12 1 1 1 9 12 1 1 10 12 1 1 9 12 1 10 12 1 10 12 1 10 100 12 1 1 100 1 10 9 7 12 1 1 1 9 12 1 1 10 7 12 1 1 1 10 12 1 10 12 1 10 12 1 10 12 1 10 12 1 10 12 1 1 8 10 12 1 1 7 1 10 12 1 1 100 1 1 1 1 1 1 1 1 1 1 1 1 1 1 1 1 1 1 1 1 1 1 1 1 1 1 1 1 1 1 1 1 1 1 1 1 1 1 1 1 1 1 1 1 1 1 1 1 1 1 1 1 1 1 1 1 1 1 1 1 1 1 1 1 1 1 1 1 100 1 1 1 1 1 1 1 1 100 1 1 1 1 1 1 1 1 1 1 1 1 100 1 100 1 1 100 1 100 1 100 1 100 1 100 1 100 1 100 1 100 1 100 1 100 1 100 1 100 1 100 1 100 1 100 1 100 1 100 1 100 1 100 1 100 1 100 1 100 1 100 1 100 1 100 1 100 1 100 1 100 1 100 1 100 1 100 1 100 1 100 1 100 1 100 1 1 1 1 1 1 100 1 1 1 100 1 1 100 1 100 1 100 1 100 1 100 1 100 1 1 1 1 100 1 100 1 100 1 100 1 100 1 100 1 100 1 100 1
staticfield java/lang/invoke/VarHandle VFORM_OFFSET J 16
staticfield java/lang/invoke/VarHandle $assertionsDisabled Z 1
ciInstanceKlass java/lang/invoke/MemberName 1 1 724 7 1 7 1 100 1 9 12 1 1 10 7 12 1 1 1 9 12 1 1 10 12 1 1 10 12 1 1 10 12 1 1 10 12 1 10 12 1 1 10 7 12 1 1 1 10 12 1 9 7 12 1 1 10 12 1 100 1 100 1 10 12 1 8 1 10 12 1 1 10 12 1 10 12 1 1 10 12 1 9 12 1 1 8 1 10 100 12 1 1 1 7 1 10 10 12 1 1 100 1 100 1 10 12 1 9 12 1 1 100 1 8 1 10 12 1 10 12 1 10 12 1 10 12 1 10 12 1 1 10 12 1 10 12 1 10 12 1 1 8 1 8 1 10 12 1 8 1 9 12 1 1 3 10 12 1 10 12 1 10 12 1 10 10 7 12 1 1 1 10 12 1 10 12 1 10 12 1 10 12 1 7 1 8 10 12 1 1 10 12 1 1 8 1 9 100 1 8 9 100 1 10 12 1 1 10 12 1 10 12 1 8 1 10 12 1 1 10 12 1 10 12 1 10 12 1 10 12 1 1 100 1 10 12 1 1 10 12 1 8 1 10 12 1 10 12 1 8 1 10 12 1 1 10 12 1 1 100 1 10 12 1 1 10 12 8 1 8 1 100 1 10 12 1 10 100 12 1 1 1 100 1 10 12 10 12 1 10 12 1 10 12 1 10 12 1 10 10 12 1 10 12 1 10 12 1 3 10 12 1 3 10 12 1 3 3 3 3 3 3 10 12 1 3 9 12 1 10 12 1 1 3 10 12 1 10 10 7 12 1 1 1 10 12 1 1 10 100 12 1 1 10 10 12 1 10 12 1 1 10 12 1 10 10 12 1 1 10 12 1 10 12 1 10 12 1 100 1 10 10 10 12 100 1 10 10 10 12 1 1 10 12 1 1 10 10 12 1 8 10 7 1 10 12 1 10 7 1 10 12 1 10 12 1 10 12 1 10 10 12 1 10 12 1 1 10 12 1 1 10 12 1 10 12 1 10 12 1 100 1 10 12 1 1 100 1 8 1 10 7 1 10 12 1 10 12 10 12 1 1 10 12 1 10 12 1 8 1 8 1 8 1 8 1 10 12 1 10 12 1 10 7 12 1 1 1 8 1 8 1 10 12 1 8 1 10 10 10 12 1 10 12 1 8 1 8 1 10 10 12 1 8 1 10 100 12 1 1 1 8 1 100 1 10 12 1 10 12 1 1 10 12 1 8 1 8 1 8 1 8 1 100 1 10 8 1 8 1 8 1 8 1 10 12 1 100 1 100 1 100 1 10 100 1 10 100 1 10 100 12 1 1 1 9 7 12 1 1 1 100 1 100 1 1 1 1 1 1 1 3 1 3 1 3 1 3 1 3 1 3 1 1 1 1 1 1 1 1 3 1 3 1 1 1 1 1 1 1 1 1 1 1 1 1 1 1 1 1 1 1 1 1 1 1 1 1 1 1 1 1 1 1 1 1 1 1 1 1 1 1 1 1 1 1 1 1 1 1 1 1 1 1 1 1 1 1 1 1 1 1 1 1 1 1 1 1 1 1 1 1 1 1 1 1 1 1 1 1 1 1 1 1 1 1 1 1 1 1 1 1 1 1 1 1 1 1 1 100 1 1 1 1 1 1 1 1 1 1 1 1 1 1 1
staticfield java/lang/invoke/MemberName $assertionsDisabled Z 1
ciInstanceKlass java/lang/invoke/ResolvedMethodName 1 1 16 10 100 12 1 1 1 100 1 1 1 1 1 1 1 1
ciInstanceKlass java/lang/invoke/MethodHandleNatives 1 1 685 100 1 10 7 12 1 1 1 9 7 12 1 1 1 10 12 1 1 100 1 10 10 12 1 1 10 12 1 10 12 1 8 1 8 1 8 1 8 1 8 1 8 1 8 1 8 1 8 1 8 1 10 12 1 1 7 1 10 7 12 1 1 1 10 100 12 1 1 1 7 1 10 10 12 1 1 8 1 10 12 1 8 1 10 12 1 1 8 1 10 12 1 1 9 100 12 1 1 1 8 1 10 100 12 1 1 1 100 1 10 12 100 1 100 1 8 1 7 1 10 10 12 1 7 1 9 7 12 1 1 10 12 1 1 10 12 1 10 7 12 1 1 1 10 12 1 1 9 12 1 8 1 10 12 1 1 10 12 1 8 1 10 12 1 1 7 1 10 12 1 10 7 12 1 1 1 10 12 1 10 12 1 1 10 12 1 1 8 1 10 12 1 1 8 1 10 12 1 8 1 8 1 8 1 100 1 10 12 1 8 1 10 100 12 1 1 1 10 12 1 1 10 100 12 1 1 10 10 12 1 1 10 12 1 10 100 12 1 1 1 100 1 8 1 10 100 12 1 1 1 7 1 8 1 10 12 1 8 1 8 1 8 1 8 1 8 1 10 12 1 1 10 12 1 1 10 12 1 10 12 1 1 10 12 1 1 7 1 10 12 1 100 1 100 1 10 12 1 10 12 1 8 1 8 1 10 10 12 1 1 10 12 1 1 8 1 10 100 12 1 1 8 1 8 1 10 12 1 1 10 7 12 1 1 1 100 1 10 12 1 1 7 1 9 12 1 1 10 7 12 1 1 1 10 10 12 1 9 12 1 10 12 1 9 12 1 9 12 1 10 12 1 1 10 12 1 10 12 1 1 7 1 7 1 10 12 1 1 10 12 1 10 12 1 1 10 7 12 1 1 1 10 12 1 8 1 10 12 1 10 12 1 10 12 1 1 10 12 1 10 7 12 1 1 1 10 12 1 1 100 1 8 1 10 9 7 12 1 1 1 10 12 1 1 10 12 1 1 100 1 10 12 1 1 10 12 1 1 100 1 100 1 10 10 100 1 100 1 10 100 1 10 10 12 1 1 10 100 1 10 12 1 10 12 1 1 10 12 1 1 10 12 1 1 10 12 1 10 12 1 1 10 8 1 10 12 1 10 12 1 10 12 1 10 12 1 10 12 1 1 10 12 1 10 12 1 10 12 1 10 10 7 12 1 1 10 12 1 1 1 1 1 1 1 1 1 1 1 1 1 100 1 1 1 1 1 1 1 1 1 1 1 1 1 1 1 1 1 1 1 1 1 1 1 1 1 1 1 1 1 1 1 1 1 1 1 1 1 1 1 1 1 1 1 1 1 1 1 1 1 1 1 1 1 1 1 1 1 1 1 1 1 1 1 100 1 1 1 1 1 1 1 1 1 1 1 1 1 1 1 1 1 1 1 1 1 1 1 1 1 1 1 1 1 1 1 1 1 100 1 1 1 1 1 1 1 1 1 1 1 1 1 1 1 1 1 1 1 1 1 1 1 1 1 1 1 1 1 1 1 1 100 1 1
staticfield java/lang/invoke/MethodHandleNatives $assertionsDisabled Z 1
ciInstanceKlass java/lang/invoke/LambdaForm 1 1 1059 7 1 100 1 10 7 12 1 1 1 9 12 1 1 9 12 1 9 12 1 9 12 1 1 9 12 1 1 9 12 1 1 9 12 1 1 9 12 1 1 9 12 1 10 7 12 1 1 9 12 1 10 12 1 1 100 1 10 10 12 1 1 10 12 1 10 12 1 10 12 1 1 10 12 1 9 12 1 9 12 1 10 12 1 1 10 7 12 1 1 1 10 12 1 1 9 100 12 1 1 1 10 12 1 1 9 7 12 1 1 10 12 1 10 12 1 1 10 12 1 1 10 12 1 1 7 1 10 7 12 1 1 1 10 12 1 1 10 12 1 10 12 1 1 9 12 1 1 9 12 1 9 12 1 1 10 12 1 9 12 1 10 100 12 1 1 1 10 12 1 1 100 1 10 12 1 9 12 1 1 10 100 12 1 1 1 10 12 1 10 12 1 7 1 10 12 1 10 12 1 10 12 1 1 10 12 1 1 10 12 1 10 12 1 10 12 1 10 12 1 1 8 1 10 12 1 10 12 1 10 10 12 1 8 1 8 1 9 12 1 9 12 1 1 10 12 1 1 10 12 1 9 12 1 10 12 1 1 10 7 12 1 1 1 10 12 1 1 10 12 1 10 12 1 10 100 12 1 1 1 9 12 1 10 12 1 8 1 8 1 8 1 8 1 8 1 8 1 8 1 8 1 10 12 1 9 12 1 7 1 10 12 1 1 9 12 1 10 12 1 10 12 1 1 10 12 10 12 1 10 12 1 1 10 12 1 1 10 10 12 1 1 10 12 1 1 7 1 8 1 10 12 1 1 10 12 1 10 12 1 1 10 8 1 10 12 1 1 8 1 8 1 8 1 10 12 1 10 12 1 10 12 1 1 100 1 10 12 1 1 10 12 1 1 10 7 12 1 1 1 10 12 1 1 9 12 1 1 8 1 10 100 12 1 1 1 10 7 12 1 1 10 12 10 12 1 1 10 12 1 1 9 12 1 8 10 12 1 1 100 1 10 12 1 1 10 12 1 9 7 12 1 1 9 100 12 1 1 1 8 1 10 100 12 1 1 10 12 1 1 100 1 100 1 10 10 12 1 1 10 12 1 1 8 1 8 1 100 1 8 1 10 12 10 12 1 10 12 1 10 12 1 1 8 1 8 1 10 12 1 10 12 1 1 8 1 8 1 8 1 100 1 8 1 100 1 8 1 100 1 8 1 10 12 1 8 1 9 10 7 12 1 1 1 10 12 1 9 12 1 1 10 12 1 10 10 12 1 10 12 1 10 12 1 10 12 1 1 10 12 1 10 12 1 1 10 12 1 1 10 12 1 1 10 12 1 1 8 1 100 10 12 1 10 12 1 9 12 1 1 10 7 12 1 1 8 1 8 1 100 1 8 1 8 1 8 1 8 1 8 1 8 1 8 1 8 1 10 12 1 1 10 12 1 1 10 12 1 10 12 1 10 12 1 10 12 1 8 1 8 1 8 1 10 12 1 8 1 10 12 1 8 1 8 1 8 1 8 1 8 1 10 12 1 10 12 1 10 12 1 1 10 7 12 1 1 1 10 12 1 10 12 1 10 12 1 10 12 1 10 12 1 10 12 1 10 12 1 9 12 1 1 8 1 10 12 1 1 9 12 1 1 10 12 1 1 9 12 1 9 12 1 1 9 12 1 9 12 1 1 7 1 10 7 12 1 1 1 9 12 1 10 12 1 10 12 1 8 1 10 12 1 9 12 1 1 7 1 10 7 12 1 1 1 8 1 100 1 10 12 1 9 12 1 9 12 1 10 12 1 10 12 1 10 7 12 1 1 1 10 12 1 9 7 12 1 1 10 12 1 1 10 12 1 10 12 1 10 12 1 9 12 10 12 1 10 10 12 1 9 12 1 9 9 12 1 7 9 12 1 1 10 12 1 1 9 12 1 10 12 1 10 7 1 9 1 1 1 1 3 1 3 1 1 3 1 3 1 1 1 1 1 1 1 1 1 1 1 1 1 1 1 1 1 1 1 1 1 1 1 1 1 1 1 1 1 1 1 1 1 1 1 1 1 1 1 1 1 1 1 1 1 1 1 1 1 1 1 100 1 1 1 1 1 1 1 1 1 1 1 1 1 1 1 1 1 1 1 1 1 1 1 1 1 1 1 1 1 1 1 1 1 1 1 1 1 1 1 1 1 1 1 1 1 1 1 1 1 1 1 1 1 1 1 1 1 1 1 1 1 1 100 1 1 1 1 1 1 1 1 1 1 1 1 1 1 1 1 1 1 1 1 1 1 1 1 1 1 1 1 1 1 1 1 1 1 100 1 1 1 1 1 1 1 1 1 1 1 1 1 1 1 1 1 1 1 1 1 1 100 1 1 1 100 1 1 100 1 1 1 1 1 1 1 1 1 1 1
staticfield java/lang/invoke/LambdaForm DEFAULT_CUSTOMIZED Ljava/lang/invoke/MethodHandle; 
staticfield java/lang/invoke/LambdaForm DEFAULT_KIND Ljava/lang/invoke/LambdaForm$Kind; java/lang/invoke/LambdaForm$Kind
staticfield java/lang/invoke/LambdaForm COMPILE_THRESHOLD I 0
staticfield java/lang/invoke/LambdaForm INTERNED_ARGUMENTS [[Ljava/lang/invoke/LambdaForm$Name; 5 [[Ljava/lang/invoke/LambdaForm$Name;
staticfield java/lang/invoke/LambdaForm IMPL_NAMES Ljava/lang/invoke/MemberName$Factory; java/lang/invoke/MemberName$Factory
staticfield java/lang/invoke/LambdaForm LF_identity [Ljava/lang/invoke/LambdaForm; 6 [Ljava/lang/invoke/LambdaForm;
staticfield java/lang/invoke/LambdaForm LF_zero [Ljava/lang/invoke/LambdaForm; 6 [Ljava/lang/invoke/LambdaForm;
staticfield java/lang/invoke/LambdaForm NF_identity [Ljava/lang/invoke/LambdaForm$NamedFunction; 6 [Ljava/lang/invoke/LambdaForm$NamedFunction;
staticfield java/lang/invoke/LambdaForm NF_zero [Ljava/lang/invoke/LambdaForm$NamedFunction; 6 [Ljava/lang/invoke/LambdaForm$NamedFunction;
staticfield java/lang/invoke/LambdaForm createFormsLock Ljava/lang/Object; java/lang/Object
staticfield java/lang/invoke/LambdaForm DEBUG_NAME_COUNTERS Ljava/util/HashMap; 
staticfield java/lang/invoke/LambdaForm DEBUG_NAMES Ljava/util/HashMap; 
staticfield java/lang/invoke/LambdaForm TRACE_INTERPRETER Z 0
staticfield java/lang/invoke/LambdaForm $assertionsDisabled Z 1
ciInstanceKlass java/lang/invoke/TypeDescriptor$OfMethod 1 0 43 100 1 100 1 100 1 1 1 1 1 1 1 1 1 1 1 1 1 1 1 1 1 1 1 1 1 1 1 1 1 1 1 1 1 1 1 1 1 1 100 1 1
ciInstanceKlass java/lang/invoke/MethodType 1 1 780 7 1 10 7 12 1 1 1 9 12 1 1 9 12 1 1 9 12 1 1 10 7 12 1 1 1 9 7 12 1 1 8 1 10 100 12 1 1 1 9 7 1 9 7 1 10 12 1 1 100 1 10 8 1 10 12 1 1 10 12 1 10 12 1 1 100 1 8 1 10 12 1 100 1 10 10 12 1 10 12 1 1 10 12 1 1 11 7 12 1 1 1 9 12 1 11 12 1 1 7 10 12 1 1 10 12 1 1 7 1 7 1 10 7 12 1 1 1 10 12 1 10 12 1 9 12 1 1 10 7 12 1 1 10 12 1 1 10 7 12 1 1 1 10 7 12 1 1 1 10 12 1 9 12 1 1 10 12 1 1 10 12 1 1 10 12 1 1 10 12 1 1 10 12 1 1 10 12 1 10 12 1 10 12 1 1 10 12 1 8 1 8 1 10 12 1 1 9 12 1 1 100 1 10 10 12 1 1 10 12 1 10 12 1 1 10 12 1 1 10 12 1 10 12 1 10 12 1 8 1 10 12 1 1 10 100 12 1 1 1 10 12 1 10 12 1 1 10 12 1 10 12 1 10 12 1 1 10 12 1 10 12 1 9 12 1 10 12 1 10 10 12 1 1 10 12 1 9 12 1 1 10 12 1 1 11 12 1 1 10 12 1 1 10 12 1 10 12 1 100 1 8 1 8 1 8 1 10 12 1 10 12 1 10 12 1 1 10 10 12 1 11 12 1 1 11 12 1 10 100 12 1 1 1 9 12 1 10 12 1 10 12 1 1 10 12 1 1 10 12 1 10 12 1 10 100 12 1 1 1 10 12 1 1 10 12 1 10 12 1 10 12 1 10 9 12 1 1 7 1 10 12 1 10 12 1 1 9 100 12 1 1 1 10 100 12 1 1 1 10 100 12 1 1 1 10 12 1 1 10 100 12 1 1 1 10 12 1 1 8 1 10 7 12 1 1 1 11 12 1 1 9 12 1 1 10 12 1 1 10 12 1 10 12 1 1 10 12 1 1 10 100 12 1 1 100 1 10 12 1 1 11 100 12 1 1 18 12 1 1 11 12 1 1 18 12 1 11 12 1 100 1 11 100 12 1 1 10 12 1 100 1 10 12 1 10 100 12 1 1 10 12 1 1 9 12 1 1 9 100 12 1 1 1 10 100 12 1 1 1 9 12 1 10 100 12 1 1 10 12 1 100 10 12 1 1 10 12 1 7 1 10 10 12 1 1 7 1 7 1 9 12 1 1 100 1 100 1 100 1 1 1 5 0 1 1 1 1 1 1 1 3 1 3 1 3 1 1 1 1 1 1 1 1 1 1 1 1 1 1 1 1 1 1 1 1 1 1 1 1 1 1 1 1 1 1 1 1 1 1 1 1 1 1 1 1 1 1 1 1 1 1 1 1 1 1 1 1 1 1 1 1 1 1 1 1 1 1 1 1 1 1 1 1 1 1 1 1 1 1 1 1 1 1 1 1 1 1 1 1 1 1 1 1 1 1 1 1 1 1 1 1 1 1 1 1 1 1 1 1 1 1 1 1 1 1 1 1 1 1 1 1 1 1 1 1 1 1 1 1 1 1 1 1 1 1 100 1 100 1 1 1 1 1 1 1 1 1 1 1 1 1 100 1 1 1 100 1 1 1 1 1 1 1 1 1 1 1 1 1 1 1 1 1 1 1 1 1 1 16 15 10 12 16 16 15 10 12 16 15 10 100 12 1 1 1 1 1 100 1 1 100 1 1 100 1 100 1 1
staticfield java/lang/invoke/MethodType internTable Ljdk/internal/util/ReferencedKeySet; jdk/internal/util/ReferencedKeySet
staticfield java/lang/invoke/MethodType NO_PTYPES [Ljava/lang/Class; 0 [Ljava/lang/Class;
staticfield java/lang/invoke/MethodType objectOnlyTypes [Ljava/lang/invoke/MethodType; 20 [Ljava/lang/invoke/MethodType;
staticfield java/lang/invoke/MethodType METHOD_HANDLE_ARRAY [Ljava/lang/Class; 1 [Ljava/lang/Class;
staticfield java/lang/invoke/MethodType serialPersistentFields [Ljava/io/ObjectStreamField; 0 [Ljava/io/ObjectStreamField;
staticfield java/lang/invoke/MethodType $assertionsDisabled Z 1
ciInstanceKlass java/lang/BootstrapMethodError 0 0 45 10 100 12 1 1 1 10 12 1 10 12 1 10 100 12 1 1 1 10 100 12 1 1 1 1 1 1 5 0 1 1 1 1 1 1 1 1 1 1 1 100 1 1 1
instanceKlass java/lang/invoke/VolatileCallSite
instanceKlass java/lang/invoke/MutableCallSite
instanceKlass java/lang/invoke/ConstantCallSite
ciInstanceKlass java/lang/invoke/CallSite 1 1 296 10 7 12 1 1 1 10 7 12 1 1 1 9 12 1 1 10 7 12 1 1 1 10 12 1 100 1 10 12 1 1 10 12 1 1 9 100 12 1 1 1 10 100 12 1 1 10 12 1 1 100 1 100 1 10 10 100 12 1 1 1 10 12 1 1 8 1 10 12 1 10 12 1 1 10 12 1 10 12 1 1 10 12 1 1 10 10 100 12 1 1 10 12 1 1 9 12 1 9 100 12 1 1 1 8 1 10 7 12 1 1 1 10 12 1 1 100 1 10 12 1 1 9 12 1 8 1 100 1 10 12 1 10 12 1 100 1 8 1 10 10 12 1 10 12 1 1 100 1 10 12 1 1 10 12 1 10 12 1 10 12 1 1 10 12 1 1 9 12 1 1 8 10 12 1 1 9 12 1 1 100 1 10 10 12 1 10 100 12 1 1 1 10 12 1 1 10 12 1 1 10 12 1 10 7 12 1 1 1 100 1 8 1 10 10 12 10 12 1 1 100 1 100 1 100 1 8 1 10 12 1 10 7 12 1 1 1 1 1 1 1 1 1 1 1 1 1 1 1 1 1 1 1 1 1 1 1 1 1 1 1 1 1 1 1 1 1 1 1 1 1 1 1 1 1 1 1 1 1 1 1 1 1 1 1 1 1 1 1 100 1 100 1 1 1
staticfield java/lang/invoke/CallSite $assertionsDisabled Z 1
ciInstanceKlass jdk/internal/foreign/abi/NativeEntryPoint 0 0 194 10 100 12 1 1 1 9 100 12 1 1 1 9 12 1 1 100 1 8 1 10 12 1 10 12 1 1 100 1 10 100 12 1 1 1 10 12 1 9 12 1 1 18 12 1 1 10 100 12 1 1 1 10 100 12 1 1 1 9 100 12 1 1 1 100 1 10 8 1 10 12 1 1 10 12 1 10 12 1 1 8 1 10 12 1 1 100 1 8 1 10 12 1 10 12 1 1 10 12 1 9 12 1 1 18 12 1 1 10 100 12 1 1 1 10 12 1 1 10 12 1 10 100 12 1 1 1 10 1 1 1 1 1 1 1 1 1 1 1 1 1 1 1 1 1 1 1 1 1 1 1 1 1 1 1 1 1 1 1 1 1 1 1 1 1 16 1 15 10 12 16 1 16 15 10 12 15 10 100 12 1 1 1 1 1 100 1 1 100 1 100 1 1
ciInstanceKlass jdk/internal/foreign/abi/ABIDescriptor 0 0 55 10 100 12 1 1 1 9 100 12 1 1 1 9 12 1 1 9 12 1 9 12 1 9 12 1 1 9 12 1 9 12 1 1 9 12 1 9 12 1 9 12 1 9 12 1 1 1 1 1 1 1 1 1 1
ciInstanceKlass jdk/internal/foreign/abi/VMStorage 0 0 91 10 100 12 1 1 1 9 100 12 1 1 1 9 12 1 1 9 12 1 1 9 12 1 1 100 1 10 8 1 10 12 1 1 10 12 1 10 12 1 1 10 12 1 18 12 1 18 12 1 1 18 12 1 1 1 1 1 1 1 1 1 1 1 1 1 1 1 1 1 1 1 8 1 15 15 15 15 15 10 100 12 1 1 1 1 100 1 100 1 1
ciInstanceKlass jdk/internal/foreign/abi/UpcallLinker$CallRegs 0 0 66 10 100 12 1 1 1 9 100 12 1 1 1 9 12 1 18 12 1 1 18 12 1 1 18 12 1 1 1 1 1 1 1 1 1 1 1 1 1 1 1 1 1 1 100 1 1 1 8 1 15 15 15 10 100 12 1 1 1 1 1 100 1 100 1 1
ciInstanceKlass java/lang/invoke/ConstantCallSite 1 1 65 10 7 12 1 1 1 9 7 12 1 1 1 9 12 1 1 10 7 12 1 1 1 10 12 1 100 1 10 12 9 12 1 1 100 1 10 10 12 1 1 10 12 1 1 1 1 1 1 1 1 1 1 1 1 1 100 1 1 1 1 1 1 1 1
staticfield java/lang/invoke/ConstantCallSite UNSAFE Ljdk/internal/misc/Unsafe; jdk/internal/misc/Unsafe
ciInstanceKlass java/lang/invoke/MutableCallSite 0 0 63 10 100 12 1 1 1 10 12 1 9 100 12 1 1 1 10 12 1 10 12 1 1 9 12 1 1 10 100 12 1 1 1 10 100 12 1 1 1 10 12 1 1 1 1 1 1 1 1 1 1 1 1 1 1 1 1 1 1 100 1 1 1
ciInstanceKlass java/lang/invoke/VolatileCallSite 0 0 37 10 100 12 1 1 1 10 12 1 10 100 12 1 1 1 10 12 1 10 12 1 1 1 1 1 1 1 1 1 1 1 1 1 1 1 1
ciInstanceKlass java/lang/AssertionStatusDirectives 0 0 24 10 100 12 1 1 1 100 1 1 1 1 1 1 1 1 1 1 1 1 1 1 1 1
ciInstanceKlass java/lang/Appendable 1 0 14 100 1 100 1 1 1 1 100 1 1 1 1 1
instanceKlass java/lang/StringBuilder
instanceKlass java/lang/StringBuffer
ciInstanceKlass java/lang/AbstractStringBuilder 1 1 607 7 1 10 7 12 1 1 1 9 7 12 1 1 1 9 12 1 9 12 1 1 9 12 1 1 10 7 12 1 1 1 10 12 1 1 7 1 3 3 10 12 1 10 12 1 1 11 7 1 100 1 100 1 10 8 1 10 12 1 10 12 1 10 12 1 1 10 12 1 10 12 1 9 12 1 10 12 1 9 12 1 1 10 12 1 1 10 7 12 1 1 1 10 10 12 1 10 12 1 10 12 1 1 10 12 1 1 10 7 12 1 1 1 10 7 12 1 1 1 100 1 8 1 10 10 12 1 1 100 1 10 12 10 12 1 1 10 10 12 1 1 10 12 1 1 10 12 1 1 10 12 1 1 10 10 7 12 1 1 1 10 12 1 100 1 10 10 100 12 1 1 1 9 12 1 1 9 12 1 10 12 1 1 10 10 12 1 1 10 12 10 12 1 10 12 1 1 10 12 1 1 10 12 1 1 10 12 1 10 12 1 1 10 12 1 1 10 12 1 10 12 1 1 8 1 10 12 1 1 10 12 1 10 12 1 10 12 1 10 12 1 10 12 1 10 12 1 10 7 12 1 1 10 12 1 10 12 1 10 100 12 1 1 1 100 1 100 1 10 12 1 10 100 12 1 1 10 12 1 10 12 1 1 10 12 1 10 12 1 1 10 12 1 10 12 1 1 10 12 1 1 10 10 7 12 1 1 1 10 12 1 10 12 1 10 12 1 1 10 12 1 10 12 1 10 12 1 10 12 1 10 12 1 10 12 1 10 12 1 10 12 1 1 10 12 1 10 12 1 10 12 10 12 1 1 18 12 1 1 100 1 10 100 12 1 1 1 18 10 12 1 1 10 12 1 1 10 12 1 10 12 1 1 11 12 1 1 10 12 1 10 12 1 10 12 10 10 10 12 1 10 5 0 10 10 12 1 1 100 1 8 1 10 10 12 1 1 10 100 12 1 1 1 10 12 1 10 12 1 1 100 1 10 12 100 1 10 100 1 10 100 1 1 1 1 1 1 1 1 1 1 1 100 1 1 1 1 1 1 1 1 1 1 1 1 1 1 1 1 1 1 1 1 1 1 1 1 1 1 1 1 1 1 1 1 1 1 1 1 1 1 1 1 1 1 1 1 1 1 1 1 1 1 1 1 1 1 1 1 1 1 1 1 1 1 1 1 1 1 1 1 1 1 1 1 1 1 1 1 1 1 1 1 1 1 1 1 1 1 1 1 1 1 1 1 1 1 1 1 1 1 1 1 100 1 1 1 1 1 1 1 1 1 1 1 1 1 1 1 1 1 100 1 1 1 1 1 1 100 1 1 16 1 15 10 12 16 15 10 12 15 10 100 12 1 1 1 1 1 1 1 100 1 100 1 1
staticfield java/lang/AbstractStringBuilder EMPTYVALUE [B 0
ciInstanceKlass java/lang/StringBuffer 1 1 483 10 7 12 1 1 1 10 12 1 10 12 1 10 12 1 1 9 7 12 1 1 1 10 12 1 1 10 12 1 10 12 1 1 9 12 1 1 10 12 1 10 12 1 1 10 12 1 1 10 12 1 10 12 1 1 10 12 1 10 12 1 1 10 12 1 1 10 7 12 1 1 1 10 12 1 1 10 12 1 10 12 1 10 12 1 10 12 1 10 12 1 10 12 1 10 12 1 10 12 1 10 12 1 10 12 1 10 12 1 10 12 1 10 12 1 10 12 1 1 10 12 1 10 12 1 1 10 12 1 1 10 10 12 1 1 10 12 1 10 12 1 10 12 1 10 12 1 10 12 1 10 12 1 10 12 10 12 1 10 12 1 10 12 1 10 12 1 1 10 12 1 10 12 1 10 10 12 1 1 10 12 1 10 12 1 10 12 1 10 10 100 12 1 1 1 10 10 12 1 1 9 12 1 1 10 100 12 1 1 10 100 1 8 10 100 12 1 1 1 8 10 12 1 8 1 10 12 1 10 12 1 10 100 12 1 1 1 10 100 12 1 1 1 7 1 10 12 100 1 8 1 10 10 12 1 1 10 12 1 1 10 12 1 10 12 1 10 12 1 1 10 12 1 10 12 1 10 12 1 10 12 1 10 12 1 10 12 10 12 1 10 12 1 10 12 1 10 12 1 10 12 1 10 12 1 10 12 1 10 12 1 10 12 1 10 12 1 10 12 10 12 10 12 1 10 12 1 10 12 1 10 12 10 12 1 10 12 1 10 12 1 10 12 1 10 12 1 10 12 1 10 12 1 10 12 1 10 12 1 10 12 1 10 12 1 7 1 10 12 1 9 7 12 1 1 1 9 7 1 9 12 1 1 100 1 100 1 100 1 100 1 1 1 1 5 0 1 1 1 1 1 1 1 1 1 1 1 1 1 1 1 1 1 1 1 1 1 1 1 1 1 1 1 1 1 1 1 1 1 1 1 1 1 1 1 1 1 1 1 1 1 1 1 1 1 1 1 1 1 1 1 1 1 1 1 1 1 100 1 1 1 1 1 100 1 1 1 1 1 1 1 1 1 1 1 1 1 1 1 1 1 1
staticfield java/lang/StringBuffer serialPersistentFields [Ljava/io/ObjectStreamField; 3 [Ljava/io/ObjectStreamField;
ciInstanceKlass java/lang/StringBuilder 1 1 422 10 7 12 1 1 1 10 12 1 10 12 1 10 12 1 1 10 7 12 1 1 1 10 7 12 1 1 1 10 12 1 10 12 1 10 12 1 10 12 1 10 12 1 10 12 1 10 12 1 10 12 1 10 12 1 10 12 1 10 12 1 10 12 1 10 12 1 10 12 1 1 10 12 1 10 12 1 1 10 12 1 1 10 12 1 10 12 1 10 12 1 10 12 1 10 12 1 10 12 1 10 12 1 10 12 10 12 1 10 12 1 10 12 1 10 12 1 1 10 12 1 10 12 1 10 12 10 12 1 1 10 12 1 10 12 1 10 12 1 10 100 12 1 1 1 9 12 1 1 10 12 1 10 12 1 1 10 12 1 1 9 12 1 1 10 100 12 1 1 1 10 100 1 10 12 1 1 10 100 12 1 1 10 12 1 10 12 1 1 100 1 100 1 8 1 10 10 12 1 1 10 12 1 10 12 1 10 12 1 1 10 12 1 10 12 1 10 12 1 10 12 1 10 12 1 10 12 10 12 1 10 12 1 10 12 1 10 12 1 10 12 1 10 12 1 10 12 1 10 12 1 10 12 1 1 10 12 1 1 10 12 1 10 12 1 10 12 1 10 12 10 12 10 12 1 10 12 1 10 12 1 10 12 10 12 1 10 12 1 10 12 1 10 12 1 10 12 1 10 12 1 10 12 1 10 12 1 10 12 1 1 10 12 1 10 12 1 1 10 12 1 10 12 1 1 10 12 1 10 12 1 1 10 12 1 10 12 1 10 12 1 10 10 12 1 10 12 1 100 1 100 1 100 1 100 1 1 1 1 5 0 1 1 1 1 1 1 1 1 1 1 1 1 1 1 1 1 1 1 1 1 1 1 1 1 1 1 1 1 1 1 1 1 1 1 1 1 1 1 1 1 1 1 1 1 100 1 1 1 100 1 1 1 1 1 1 1 1 1 1 1
ciInstanceKlass jdk/internal/misc/UnsafeConstants 1 1 34 10 100 12 1 1 1 9 7 12 1 1 1 9 12 1 9 12 1 1 9 12 1 9 12 1 1 1 1 1 1 1 1 1
staticfield jdk/internal/misc/UnsafeConstants ADDRESS_SIZE0 I 8
staticfield jdk/internal/misc/UnsafeConstants PAGE_SIZE I 4096
staticfield jdk/internal/misc/UnsafeConstants BIG_ENDIAN Z 0
staticfield jdk/internal/misc/UnsafeConstants UNALIGNED_ACCESS Z 1
staticfield jdk/internal/misc/UnsafeConstants DATA_CACHE_LINE_FLUSH_SIZE I 0
ciInstanceKlass jdk/internal/misc/Unsafe 1 1 1287 10 7 12 1 1 1 9 7 12 1 1 1 9 12 1 1 10 12 1 1 10 7 12 1 1 1 10 12 1 1 10 12 1 1 10 12 1 1 10 12 1 1 10 12 1 1 10 12 1 1 10 12 1 1 10 12 1 1 10 12 1 1 10 12 1 1 10 12 1 1 10 12 1 1 10 12 1 1 10 12 1 10 12 1 100 1 10 10 12 1 1 10 12 1 1 5 0 10 12 1 1 10 12 1 1 10 7 12 1 1 1 10 12 1 1 10 12 1 10 12 1 10 12 1 1 10 12 1 1 10 12 1 10 12 1 100 1 100 1 10 8 1 10 12 1 1 10 12 1 8 1 10 12 1 1 10 12 1 10 12 1 10 12 1 1 10 12 1 10 12 1 1 10 12 1 1 10 12 1 10 12 1 10 12 1 10 12 1 1 10 12 1 10 12 1 10 12 1 1 10 12 1 5 0 5 0 5 0 10 12 1 10 12 1 10 12 1 10 12 1 10 12 1 10 12 1 10 12 1 10 12 1 10 12 1 1 10 12 1 10 12 1 100 1 8 1 10 100 1 10 10 12 1 1 10 12 1 1 10 12 1 10 12 1 1 10 12 1 1 10 12 1 10 12 1 1 10 12 1 9 7 12 1 1 9 12 1 100 1 10 10 12 1 1 8 1 10 8 1 8 1 10 12 1 1 9 7 12 1 1 1 9 100 1 9 7 1 9 100 1 9 9 100 1 9 7 1 9 100 1 10 12 1 1 10 12 1 1 10 12 1 1 10 12 1 1 5 0 5 0 9 12 1 1 10 12 1 10 12 1 10 12 1 1 10 12 1 1 10 12 1 8 1 3 10 12 1 1 10 12 1 1 10 12 1 10 12 1 1 10 12 1 1 10 12 1 10 12 1 10 12 1 10 12 1 10 12 1 10 12 1 1 10 12 1 1 10 12 1 10 12 1 10 12 1 10 12 1 10 12 1 10 12 1 1 10 12 1 1 10 12 1 10 12 1 10 12 1 10 12 1 10 12 1 10 12 1 1 10 12 1 1 10 12 1 1 10 12 1 1 10 12 1 10 12 1 10 12 1 10 12 1 10 12 1 10 12 1 10 12 1 1 10 12 1 1 10 12 1 10 12 1 10 12 1 10 12 1 10 12 1 10 12 1 10 12 1 1 10 12 1 1 10 12 1 10 12 1 10 12 1 10 12 1 10 12 1 10 12 1 10 12 1 10 12 1 1 10 12 1 10 12 1 10 12 1 10 12 1 10 12 1 1 10 12 1 10 12 1 10 12 1 10 12 1 10 12 1 10 12 1 10 12 1 10 12 1 1 10 12 1 10 12 1 10 12 1 10 12 1 10 12 1 10 12 1 1 10 12 1 10 12 1 10 12 1 1 10 12 1 10 12 1 10 12 1 10 12 1 10 12 1 10 12 1 10 12 1 10 12 1 10 12 1 10 12 1 10 12 1 10 12 1 10 12 1 10 12 1 10 12 1 10 12 1 10 12 1 10 12 1 10 12 1 10 12 1 10 12 1 10 12 1 10 12 1 100 1 10 100 1 10 9 12 1 5 0 10 12 1 1 5 0 10 12 1 5 0 10 12 1 10 12 1 10 12 1 1 10 12 1 1 10 12 1 10 12 1 10 12 1 10 12 1 1 10 12 1 10 12 1 10 12 1 10 12 1 10 12 1 1 10 12 1 10 12 1 10 12 1 10 12 1 1 10 12 1 10 12 1 10 12 1 1 10 12 1 10 12 1 10 12 1 10 12 1 1 10 12 1 10 10 12 1 1 10 12 1 10 12 1 1 10 12 1 10 12 5 0 5 0 5 0 10 12 1 1 10 12 1 10 12 1 10 12 10 100 12 1 1 8 1 100 1 11 12 1 1 8 1 11 12 1 1 10 100 12 1 1 10 12 1 10 12 1 10 12 1 10 12 1 10 12 1 1 10 12 1 10 12 1 10 12 1 10 12 1 10 12 1 10 12 1 10 7 1 10 12 1 9 12 1 7 1 9 12 1 7 1 9 12 1 7 1 9 12 1 7 1 9 12 1 7 1 9 12 1 7 1 9 12 1 7 1 9 12 1 7 1 9 12 1 10 12 1 9 12 1 9 12 1 9 12 1 9 12 1 9 12 1 9 12 1 9 12 1 9 12 1 9 12 1 9 12 1 1 1 3 1 1 1 1 1 1 1 1 1 1 1 1 1 1 1 1 1 1 1 1 1 1 1 1 1 1 1 1 1 1 1 1 1 1 1 1 1 1 1 1 1 1 1 1 1 1 1 1 1 1 1 1 1 1 1 1 1 1 1 1 1 1 1 1 1 1 1 1 1 1 1 1 1 1 1 1 1 1 1 1 1 1 1 1 1 1 1 1 1 100 1 1 1 1 1 1 1 1 1 1 1 1 1 1 1 1 1 1 1 1 1 1 1 1 1 1 1 1 1 1 1 1 1 1 1 1 1 1 1 1 1 1 1 1 1 1 1 1 1 1 1 1 1 1 1 1 1 1 1 1 1 1 1 1 1 1 1 1 1 1 1 1 1 1 1 1 1 1 1 1 1 1 1 1 1 1 1 1 1 1 1 1 1 1 1 1 1 1 1 1 1 1 1 1 1 1 1 1 1 1 1 1 1 1 1 1 1 1 1 1 1 1 1 1 1 1 1 1 1 1 1 1 1 1 1 1 1 1 1 1 1 1 1 1 1 1 1 1 1 1 1 1 1 1 1 1 1 1 1 1 1 1 1 1 1 1 1 1 1 1 1 1 1 1 1 1 1 1 1 1 1 1 1 1 1 1 1 1 1 1 1 1 1 1 1 1 1 1 1 1 1 1 1 1 1 1 3 1 1 1 1 1 1 1 1 1 1 1 1 1 1 1 1 1 1 1 1 1
staticfield jdk/internal/misc/Unsafe theUnsafe Ljdk/internal/misc/Unsafe; jdk/internal/misc/Unsafe
staticfield jdk/internal/misc/Unsafe ARRAY_BOOLEAN_BASE_OFFSET I 16
staticfield jdk/internal/misc/Unsafe ARRAY_BYTE_BASE_OFFSET I 16
staticfield jdk/internal/misc/Unsafe ARRAY_SHORT_BASE_OFFSET I 16
staticfield jdk/internal/misc/Unsafe ARRAY_CHAR_BASE_OFFSET I 16
staticfield jdk/internal/misc/Unsafe ARRAY_INT_BASE_OFFSET I 16
staticfield jdk/internal/misc/Unsafe ARRAY_LONG_BASE_OFFSET I 16
staticfield jdk/internal/misc/Unsafe ARRAY_FLOAT_BASE_OFFSET I 16
staticfield jdk/internal/misc/Unsafe ARRAY_DOUBLE_BASE_OFFSET I 16
staticfield jdk/internal/misc/Unsafe ARRAY_OBJECT_BASE_OFFSET I 16
staticfield jdk/internal/misc/Unsafe ARRAY_BOOLEAN_INDEX_SCALE I 1
staticfield jdk/internal/misc/Unsafe ARRAY_BYTE_INDEX_SCALE I 1
staticfield jdk/internal/misc/Unsafe ARRAY_SHORT_INDEX_SCALE I 2
staticfield jdk/internal/misc/Unsafe ARRAY_CHAR_INDEX_SCALE I 2
staticfield jdk/internal/misc/Unsafe ARRAY_INT_INDEX_SCALE I 4
staticfield jdk/internal/misc/Unsafe ARRAY_LONG_INDEX_SCALE I 8
staticfield jdk/internal/misc/Unsafe ARRAY_FLOAT_INDEX_SCALE I 4
staticfield jdk/internal/misc/Unsafe ARRAY_DOUBLE_INDEX_SCALE I 8
staticfield jdk/internal/misc/Unsafe ARRAY_OBJECT_INDEX_SCALE I 4
staticfield jdk/internal/misc/Unsafe ADDRESS_SIZE I 8
ciInstanceKlass jdk/internal/module/Modules 1 1 504 10 100 12 1 1 1 9 7 12 1 1 1 11 7 12 1 1 1 11 12 1 1 11 12 1 1 11 12 1 1 11 12 1 11 12 1 11 12 1 11 12 1 11 12 1 1 10 100 12 1 1 1 10 100 12 1 1 1 18 12 1 1 10 100 12 1 1 1 100 1 10 100 12 1 1 1 10 100 12 1 1 1 10 100 12 1 1 10 12 1 1 11 12 1 9 12 1 1 11 100 12 1 1 1 10 12 1 1 10 10 12 1 10 9 12 1 1 10 100 12 1 1 10 12 1 1 10 100 12 1 1 100 1 11 100 12 1 1 1 10 100 12 1 1 1 11 100 12 1 1 10 12 1 1 10 100 12 1 1 10 100 12 1 1 1 10 12 1 1 10 12 1 1 11 12 1 1 18 12 1 1 11 100 12 1 1 10 100 12 1 1 1 11 100 12 1 1 1 100 1 11 12 1 1 11 100 12 1 1 1 11 12 1 1 10 12 1 1 10 100 12 1 1 18 12 1 1 11 12 1 1 18 12 1 1 11 12 1 1 10 12 1 18 18 10 12 1 1 9 12 1 1 11 100 12 1 1 1 100 1 10 11 12 1 11 12 1 1 11 12 1 1 10 100 1 10 12 1 1 10 100 12 1 1 10 12 1 1 11 12 10 12 1 1 100 1 10 18 12 1 10 12 1 1 100 1 8 1 10 12 1 10 100 12 1 1 18 12 1 11 11 12 10 12 1 10 10 100 1 18 12 1 10 10 10 7 12 1 1 10 7 12 1 1 1 10 12 1 1 1 1 1 1 1 1 1 1 1 1 1 1 1 1 1 1 1 1 1 1 1 1 1 1 1 1 1 1 1 1 1 100 1 1 1 1 1 1 1 1 1 1 1 1 1 1 1 1 1 1 1 1 1 1 1 1 1 1 1 1 1 1 1 1 1 1 1 100 1 1 1 1 1 1 1 1 1 1 1 1 1 1 1 1 1 1 1 1 1 1 1 16 15 10 12 1 16 16 15 10 12 1 16 1 16 1 15 10 12 1 16 1 16 1 15 10 12 16 1 15 10 16 1 15 10 12 16 1 15 10 12 16 15 10 12 16 15 10 12 15 10 100 12 1 1 1 1 1 1 100 1 100 1 1
staticfield jdk/internal/module/Modules JLA Ljdk/internal/access/JavaLangAccess; java/lang/System$2
staticfield jdk/internal/module/Modules JLMA Ljdk/internal/access/JavaLangModuleAccess; java/lang/module/ModuleDescriptor$1
staticfield jdk/internal/module/Modules $assertionsDisabled Z 1
ciInstanceKlass java/lang/AutoCloseable 1 0 12 100 1 100 1 1 1 1 100 1 1 1
ciInstanceKlass java/io/Closeable 1 0 14 100 1 100 1 100 1 1 1 1 100 1 1 1
instanceKlass java/io/SequenceInputStream
instanceKlass com/sun/org/apache/xerces/internal/impl/XMLEntityManager$RewindableInputStream
instanceKlass java/util/jar/JarVerifier$VerifierStream
instanceKlass java/io/ObjectInputStream
instanceKlass java/util/zip/ZipFile$ZipFileInputStream
instanceKlass java/io/FilterInputStream
instanceKlass java/io/FileInputStream
instanceKlass java/io/ByteArrayInputStream
ciInstanceKlass java/io/InputStream 1 1 195 100 1 10 7 12 1 1 1 100 1 10 10 7 12 1 1 1 10 7 12 1 1 1 10 12 1 100 1 3 10 12 1 1 100 1 8 1 10 12 1 10 7 12 1 1 1 3 100 1 8 1 10 10 100 12 1 1 1 100 1 10 11 100 12 1 1 1 10 12 1 1 11 12 1 1 11 100 12 1 1 1 11 12 1 1 100 1 10 100 12 1 1 1 5 0 10 12 1 10 12 1 1 100 1 10 8 1 10 8 1 8 1 10 12 1 1 10 7 12 1 1 1 100 1 5 0 10 12 1 100 1 100 1 1 1 1 3 1 3 1 1 1 1 1 1 1 1 1 1 1 1 1 1 1 1 1 1 1 1 1 1 1 1 1 1 1 1 1 1 1 1 1 1 1 1 1 1 1 1 1 1 1 1 1 1 1 1 1 1 1 1 1 1 1
ciInstanceKlass java/io/ByteArrayInputStream 1 1 117 10 7 12 1 1 1 9 7 12 1 1 1 9 12 1 1 9 12 1 9 12 1 10 100 12 1 1 1 10 7 12 1 1 1 10 7 12 1 1 1 10 7 12 1 1 1 10 12 1 1 3 10 100 1 10 100 12 1 1 1 9 12 1 1 100 1 10 10 7 12 1 1 1 1 1 1 1 1 1 1 1 1 1 1 1 1 1 1 1 1 1 1 1 1 1 1 1 1 1 1 1 100 1 1 1 1 1 1 1 1 1 1 1 1 1 1
staticfield java/io/ByteArrayInputStream $assertionsDisabled Z 1
ciInstanceKlass java/net/URL 1 1 771 10 7 12 1 1 1 10 12 1 10 7 12 1 1 9 12 1 1 9 12 1 10 7 12 1 1 1 10 12 1 1 10 12 1 1 9 12 1 1 10 7 12 1 1 1 8 1 10 12 1 1 7 1 10 10 12 1 1 8 1 10 12 1 1 9 12 1 100 1 8 1 10 12 1 10 12 1 8 1 9 12 1 10 12 1 1 9 12 1 10 12 1 10 12 1 9 12 1 9 12 1 8 1 9 12 1 10 12 1 1 8 1 9 12 1 1 10 12 1 1 10 7 12 1 1 1 8 1 10 12 1 7 1 10 12 1 10 12 1 10 12 1 10 12 1 1 10 12 1 1 8 1 10 12 1 1 10 12 1 8 1 9 12 1 8 1 10 12 1 10 7 12 1 1 1 100 1 10 12 1 10 12 1 1 10 7 12 1 1 1 100 1 8 1 10 10 12 1 8 1 10 12 1 1 10 12 1 10 12 1 10 12 1 10 12 1 10 12 1 10 12 1 8 1 10 12 1 8 1 10 10 100 1 10 10 12 1 8 1 10 7 12 1 1 1 10 12 1 9 100 12 1 1 1 10 100 12 1 1 1 9 12 1 1 10 12 1 10 100 12 1 1 1 100 1 100 1 10 12 1 10 12 1 10 12 1 10 12 1 10 12 1 10 12 10 10 12 1 10 12 1 10 12 1 1 8 1 9 100 12 1 1 1 10 100 12 1 1 1 10 12 1 1 9 100 12 1 1 1 10 12 1 1 100 1 10 12 1 10 12 1 10 10 12 1 1 10 12 1 1 10 12 1 10 12 1 10 12 1 10 7 12 1 1 1 10 12 1 1 10 12 1 9 12 1 1 9 12 1 1 100 1 8 1 10 10 12 1 9 12 1 1 10 7 12 1 1 8 1 10 7 12 1 1 8 1 10 12 1 1 10 12 1 8 1 8 1 10 7 12 1 1 1 100 1 10 100 12 1 1 1 10 12 1 10 12 1 7 1 10 9 7 12 1 1 1 10 7 12 1 1 10 12 1 1 10 12 1 8 1 7 1 10 10 7 12 1 1 1 10 12 1 8 9 100 12 1 1 1 10 12 1 1 10 12 1 10 12 1 1 10 7 12 1 1 11 7 12 1 1 10 12 1 10 12 1 9 12 1 10 12 1 1 10 100 12 1 1 10 100 12 1 1 1 8 10 100 12 1 1 100 1 10 8 8 10 12 1 8 8 8 100 1 10 12 1 9 12 1 1 10 12 1 10 12 1 1 10 12 1 10 12 10 12 1 1 10 12 1 1 10 10 10 12 1 10 12 1 10 12 1 10 12 1 10 12 1 10 10 12 1 100 1 8 1 10 10 10 12 1 1 10 12 1 10 12 1 1 8 1 7 1 10 10 7 1 10 12 1 9 7 12 1 1 1 9 12 1 1 7 1 10 10 7 12 1 1 1 100 1 1 1 1 1 5 0 1 1 1 1 1 1 1 1 1 1 1 1 1 1 1 1 1 1 1 1 1 1 1 1 1 1 1 1 1 1 1 1 1 1 1 1 1 1 1 1 1 1 1 1 1 1 1 1 100 1 1 1 1 1 1 1 1 1 1 1 1 1 1 1 1 1 1 1 1 1 1 1 1 1 1 1 1 1 1 1 1 1 1 1 1 1 100 1 1 1 1 1 1 1 1 1 1 1 1 1 1 1 1 1 100 1 1 1 1 1 1 1 1 1 1 1 1 1 1 1 1 1 1 1
staticfield java/net/URL defaultFactory Ljava/net/URLStreamHandlerFactory; java/net/URL$DefaultFactory
staticfield java/net/URL streamHandlerLock Ljava/lang/Object; java/lang/Object
staticfield java/net/URL serialPersistentFields [Ljava/io/ObjectStreamField; 7 [Ljava/io/ObjectStreamField;
instanceKlass com/vladsch/flexmark/util/sequence/PositionAnchor
instanceKlass com/vladsch/flexmark/util/sequence/builder/ISegmentBuilder$Options
instanceKlass com/vladsch/flexmark/util/ast/TextContainer$Flags
instanceKlass com/vladsch/flexmark/util/sequence/BasedOptionsHolder$Options
instanceKlass com/vladsch/flexmark/parser/block/ParserPhase
instanceKlass org/bsplines/ltexls/parsing/markdown/MarkdownNodeSignature$Action
instanceKlass com/vladsch/flexmark/util/format/options/TableCaptionHandling
instanceKlass com/vladsch/flexmark/util/format/options/DiscretionaryText
instanceKlass com/vladsch/flexmark/util/sequence/LineAppendable$Options
instanceKlass com/vladsch/flexmark/util/format/options/DefinitionMarker
instanceKlass com/vladsch/flexmark/parser/ParserEmulationProfile
instanceKlass com/vladsch/flexmark/util/ast/KeepType
instanceKlass org/eclipse/lsp4j/jsonrpc/messages/ResponseErrorCode
instanceKlass org/eclipse/lsp4j/InsertTextFormat
instanceKlass org/eclipse/lsp4j/CompletionTriggerKind
instanceKlass io/opentelemetry/api/trace/StatusCode
instanceKlass io/opentelemetry/context/ThreadLocalContextStorage
instanceKlass io/opentelemetry/api/common/AttributeType
instanceKlass org/languagetool/tools/TelemetryProvider
instanceKlass org/languagetool/rules/en/AvsAnRule$Determiner
instanceKlass com/carrotsearch/hppc/HashOrderMixing$Strategy
instanceKlass morfologik/fsa/builders/FSABuilder$InfoEntry
instanceKlass org/languagetool/rules/AbstractSimpleReplaceRule2$CaseSensitivy
instanceKlass org/languagetool/rules/GenericUnpairedBracketsRule$Symbol$Type
instanceKlass org/languagetool/rules/SuggestedReplacement$SuggestionType
instanceKlass org/languagetool/ToneTag
instanceKlass org/languagetool/rules/RuleMatch$Type
instanceKlass org/languagetool/chunking/EnglishChunkFilter$ChunkType
instanceKlass opennlp/tools/ml/model/AbstractModel$ModelType
instanceKlass org/languagetool/markup/AnnotatedText$MetaDataKey
instanceKlass org/languagetool/JLanguageTool$Mode
instanceKlass org/languagetool/JLanguageTool$ParagraphHandling
instanceKlass org/languagetool/JLanguageTool$Level
instanceKlass org/apache/commons/text/translate/NumericEntityUnescaper$OPTION
instanceKlass org/apache/commons/lang3/Range$ComparableComparator
instanceKlass org/languagetool/markup/TextPart$Type
instanceKlass org/bsplines/ltexls/parsing/latex/LatexAnnotatedTextBuilder$Mode
instanceKlass org/bsplines/ltexls/parsing/latex/LatexAnnotatedTextBuilder$MathVowelState
instanceKlass org/bsplines/ltexls/parsing/CharacterBasedCodeAnnotatedTextBuilder$BracketType
instanceKlass org/bsplines/ltexls/parsing/latex/LatexCommandSignature$ArgumentType
instanceKlass org/bsplines/ltexls/parsing/latex/LatexCommandSignature$Action
instanceKlass kotlin/text/RegexOption
instanceKlass org/eclipse/lsp4j/WorkDoneProgressKind
instanceKlass org/eclipse/lsp4j/CodeActionTriggerKind
instanceKlass org/bsplines/ltexls/settings/Settings$CheckFrequency
instanceKlass org/eclipse/lsp4j/TextDocumentSyncKind
instanceKlass java/lang/StackStreamFactory$WalkerState
instanceKlass java/lang/StackWalker$ExtendedOption
instanceKlass java/lang/StackWalker$Option
instanceKlass java/time/zone/ZoneOffsetTransitionRule$TimeDefinition
instanceKlass org/eclipse/lsp4j/DiagnosticTag
instanceKlass org/eclipse/lsp4j/PrepareSupportDefaultBehavior
instanceKlass org/eclipse/lsp4j/CompletionItemKind
instanceKlass org/eclipse/lsp4j/CompletionItemTag
instanceKlass org/eclipse/lsp4j/InsertTextMode
instanceKlass org/eclipse/lsp4j/SymbolTag
instanceKlass org/eclipse/lsp4j/SymbolKind
instanceKlass com/google/gson/ReflectionAccessFilter$FilterResult
instanceKlass com/google/gson/stream/JsonToken
instanceKlass com/google/gson/Strictness
instanceKlass com/google/gson/LongSerializationPolicy
instanceKlass com/google/gson/ToNumberPolicy
instanceKlass com/google/gson/FieldNamingPolicy
instanceKlass sun/util/logging/PlatformLogger$Level
instanceKlass morfologik/stemming/EncoderType
instanceKlass morfologik/fsa/FSAFlags
instanceKlass morfologik/stemming/DictionaryAttribute
instanceKlass java/util/stream/MatchOps$MatchKind
instanceKlass java/lang/Character$UnicodeScript
instanceKlass org/languagetool/rules/patterns/Match$IncludeRange
instanceKlass org/languagetool/rules/patterns/Match$CaseConversion
instanceKlass org/languagetool/rules/patterns/XMLRuleHandler$RegexpMode
instanceKlass org/languagetool/tagging/disambiguation/rules/DisambiguationPatternRule$DisambiguatorAction
instanceKlass com/google/common/collect/MapMaker$Dummy
instanceKlass com/google/common/collect/MapMakerInternalMap$Strength
instanceKlass com/google/common/cache/LocalCache$NullEntry
instanceKlass com/google/common/util/concurrent/AbstractFutureState$VarHandleAtomicHelperMaker
instanceKlass org/languagetool/Tag
instanceKlass org/languagetool/rules/ITSIssueType
instanceKlass org/languagetool/rules/Category$Location
instanceKlass org/languagetool/UserConfig$TokenType
instanceKlass java/util/stream/Collector$Characteristics
instanceKlass com/google/common/cache/LocalCache$EntryFactory
instanceKlass com/google/common/cache/CacheBuilder$NullListener
instanceKlass com/google/common/cache/CacheBuilder$OneWeigher
instanceKlass com/google/common/cache/LocalCache$Strength
instanceKlass jdk/internal/logger/BootstrapLogger$LoggingBackend
instanceKlass java/util/stream/StreamShape
instanceKlass java/math/RoundingMode
instanceKlass sun/util/locale/provider/LocaleProviderAdapter$Type
instanceKlass javax/xml/catalog/CatalogFeatures$State
instanceKlass com/sun/org/apache/xerces/internal/impl/XMLScanner$NameType
instanceKlass jdk/xml/internal/JdkProperty$ImplPropMap
instanceKlass jdk/xml/internal/JdkXmlFeatures$XmlFeature
instanceKlass com/sun/org/apache/xerces/internal/utils/XMLSecurityPropertyManager$Property
instanceKlass com/sun/org/apache/xerces/internal/utils/XMLSecurityPropertyManager$State
instanceKlass com/sun/org/apache/xerces/internal/util/Status
instanceKlass com/sun/org/apache/xerces/internal/utils/XMLSecurityManager$NameMap
instanceKlass jdk/xml/internal/JdkProperty$State
instanceKlass com/sun/org/apache/xerces/internal/utils/XMLSecurityManager$Limit
instanceKlass javax/xml/catalog/CatalogFeatures$Feature
instanceKlass org/languagetool/LtBuildInfo
instanceKlass org/slf4j/helpers/Reporter$Level
instanceKlass org/slf4j/helpers/Reporter$TargetChoice
instanceKlass java/util/stream/StreamOpFlag$Type
instanceKlass java/util/stream/StreamOpFlag
instanceKlass org/eclipse/lsp4j/DiagnosticSeverity
instanceKlass jdk/internal/icu/util/CodePointTrie$ValueWidth
instanceKlass jdk/internal/icu/util/CodePointTrie$Type
instanceKlass java/text/Normalizer$Form
instanceKlass sun/security/util/DisabledAlgorithmConstraints$Constraint$Operator
instanceKlass java/lang/System$Logger$Level
instanceKlass sun/security/rsa/RSAUtil$KeyType
instanceKlass sun/security/util/KnownOIDs
instanceKlass picocli/CommandLine$ParseResult$GroupValidationResult$Type
instanceKlass java/util/Comparators$NaturalOrderComparator
instanceKlass picocli/CommandLine$Model$InitialValueState
instanceKlass picocli/CommandLine$Help$Visibility
instanceKlass picocli/CommandLine$ScopeType
instanceKlass java/lang/reflect/ProxyGenerator$PrimitiveTypeInfo
instanceKlass java/lang/annotation/RetentionPolicy
instanceKlass java/time/format/TextStyle
instanceKlass java/time/format/DateTimeFormatterBuilder$SettingsParser
instanceKlass java/time/format/ResolverStyle
instanceKlass java/time/format/SignStyle
instanceKlass java/time/temporal/JulianFields$Field
instanceKlass java/time/temporal/IsoFields$Unit
instanceKlass java/time/temporal/IsoFields$Field
instanceKlass java/time/chrono/IsoEra
instanceKlass java/time/DayOfWeek
instanceKlass java/time/Month
instanceKlass java/time/temporal/ChronoUnit
instanceKlass java/time/temporal/ChronoField
instanceKlass picocli/CommandLine$Help$Ansi$Style
instanceKlass picocli/CommandLine$Help$Ansi
instanceKlass org/bsplines/ltexls/LtexLanguageServerLauncher$ServerType
instanceKlass picocli/CommandLine$TraceLevel
instanceKlass org/fusesource/jansi/AnsiColors
instanceKlass org/fusesource/jansi/AnsiMode
instanceKlass org/fusesource/jansi/AnsiType
instanceKlass java/nio/file/StandardCopyOption
instanceKlass java/util/Locale$Category
instanceKlass java/util/regex/Pattern$Qtype
instanceKlass java/lang/invoke/MethodHandles$Lookup$ClassOption
instanceKlass java/lang/invoke/VarHandle$AccessType
instanceKlass java/lang/invoke/VarHandle$AccessMode
instanceKlass java/lang/invoke/MethodHandleImpl$Intrinsic
instanceKlass java/lang/invoke/LambdaForm$BasicType
instanceKlass java/lang/invoke/LambdaForm$Kind
instanceKlass sun/invoke/util/Wrapper
instanceKlass java/util/zip/ZipCoder$Comparison
instanceKlass java/nio/file/LinkOption
instanceKlass sun/nio/fs/WindowsPathType
instanceKlass java/nio/file/StandardOpenOption
instanceKlass java/util/concurrent/TimeUnit
instanceKlass java/io/File$PathStatus
instanceKlass java/lang/module/ModuleDescriptor$Requires$Modifier
instanceKlass java/lang/reflect/AccessFlag$Location
instanceKlass java/lang/reflect/AccessFlag
instanceKlass java/lang/module/ModuleDescriptor$Modifier
instanceKlass java/lang/reflect/ClassFileFormatVersion
instanceKlass java/lang/Thread$State
ciInstanceKlass java/lang/Enum 1 1 204 9 7 12 1 1 1 9 12 1 1 10 7 12 1 1 1 9 12 1 10 7 12 1 1 1 100 1 10 10 12 1 1 10 12 1 100 1 10 10 7 12 1 1 10 12 1 1 18 12 1 1 10 100 12 1 1 1 10 12 1 1 11 7 12 1 1 1 100 1 8 1 10 12 1 100 1 100 1 10 8 1 10 12 1 1 10 12 1 1 8 1 10 12 1 10 100 1 8 1 10 10 12 1 1 10 100 12 1 1 1 100 1 100 1 100 1 1 1 1 1 1 1 1 1 1 1 1 1 1 1 1 1 1 1 1 1 1 1 1 1 1 1 1 1 1 1 1 1 1 1 1 1 1 1 1 1 1 1 1 1 1 1 3 1 1 1 1 100 1 100 1 1 100 1 1 1 1 1 1 1 1 1 1 1 16 15 10 12 16 15 10 100 12 1 1 1 1 1 100 1 100 1 1
ciInstanceKlass java/util/jar/Manifest 1 1 339 10 7 12 1 1 1 7 1 10 9 7 12 1 1 1 7 1 10 9 12 1 1 9 12 1 1 10 12 1 10 12 1 1 10 12 1 1 10 12 1 1 10 12 1 1 11 7 1 11 12 1 1 10 12 1 1 10 100 12 1 1 1 100 1 100 1 10 8 1 10 12 1 1 10 12 1 1 10 12 1 10 12 1 11 100 1 10 12 1 10 12 1 1 11 12 1 1 10 12 1 11 12 1 1 11 100 12 1 1 1 11 100 12 1 1 11 12 1 1 100 1 10 12 1 8 1 11 12 1 7 1 10 12 1 1 11 12 1 10 12 1 10 12 1 10 100 12 1 1 1 8 1 10 12 1 1 10 9 7 12 1 1 1 10 12 1 1 10 100 12 1 10 12 1 10 12 1 9 100 12 1 1 1 8 1 10 12 1 8 1 8 1 7 1 10 12 1 10 12 1 10 12 1 1 100 1 8 1 10 12 1 1 8 1 10 10 12 1 1 8 1 10 12 1 1 10 7 12 1 1 1 10 12 1 10 11 12 1 1 10 12 1 10 7 12 1 1 1 10 12 1 1 10 12 1 10 12 1 1 11 10 12 1 11 10 12 1 100 1 1 1 1 1 1 1 1 1 1 1 1 1 1 1 1 1 1 1 1 1 1 1 1 1 1 1 1 1 1 1 1 1 1 1 1 1 1 1 1 1 1 1 100 1 1 1 1 1 1 1 1 1 1 1 1 1 1 100 1 1 1 1 1 1 1 1 1 1 1
instanceKlass jdk/internal/loader/ClassLoaders$BootClassLoader
instanceKlass jdk/internal/loader/ClassLoaders$PlatformClassLoader
instanceKlass jdk/internal/loader/ClassLoaders$AppClassLoader
ciInstanceKlass jdk/internal/loader/BuiltinClassLoader 1 1 737 9 7 12 1 1 1 10 7 12 1 1 1 10 7 12 1 1 1 9 12 1 1 9 12 1 1 7 1 10 12 1 9 12 1 10 12 1 9 12 1 10 7 12 1 1 1 10 7 12 1 1 1 10 7 12 1 1 1 11 7 12 1 1 1 100 1 100 1 10 10 12 1 1 8 1 10 12 1 10 12 7 1 10 12 1 10 12 1 1 11 7 12 1 1 1 11 7 12 1 1 1 11 12 1 1 7 1 8 1 8 1 10 9 12 1 1 10 7 12 1 1 11 12 1 1 10 12 1 1 10 12 1 1 10 12 1 1 10 7 12 1 1 1 10 12 1 10 100 12 1 1 1 10 12 1 1 11 7 12 1 1 1 10 7 12 1 1 7 1 10 7 12 1 1 1 10 12 1 100 1 8 1 10 12 1 1 10 8 1 10 12 1 1 10 12 1 1 10 12 1 1 11 7 12 1 1 11 12 1 7 1 10 11 12 1 1 11 10 12 1 1 7 1 10 12 1 10 7 12 1 10 12 1 7 1 10 12 1 10 7 12 1 1 1 100 1 10 12 1 1 11 12 1 100 1 100 1 10 12 1 10 12 1 1 100 1 100 1 10 12 1 10 12 1 18 12 1 1 10 12 1 10 12 1 1 18 100 1 10 7 12 1 1 1 7 1 10 10 12 1 1 10 12 1 1 10 12 1 1 10 12 1 9 12 1 1 100 1 10 10 12 1 1 10 12 1 1 10 12 1 10 12 10 12 1 1 10 12 1 1 10 12 1 1 10 12 1 10 12 1 1 18 12 1 7 1 10 12 1 1 10 12 1 10 12 1 1 10 12 1 100 1 10 12 1 7 1 10 12 1 10 7 12 1 1 1 10 12 1 11 12 1 7 1 10 12 1 7 1 100 1 10 12 1 10 12 1 11 12 1 1 10 12 1 1 10 12 1 1 10 12 1 1 10 12 1 1 10 12 1 10 12 1 10 12 1 10 12 1 8 1 10 12 1 1 10 7 12 1 1 10 12 1 100 1 8 1 8 1 10 10 12 1 8 1 8 1 10 7 12 1 1 1 11 7 12 1 1 1 9 7 12 1 1 1 10 7 12 1 1 1 9 12 1 9 12 1 9 12 1 9 12 1 9 12 1 9 12 1 10 7 12 1 1 1 8 1 10 12 1 7 1 10 12 1 1 10 12 1 7 1 10 11 12 1 1 10 12 10 12 1 10 12 1 100 1 10 12 1 10 12 1 10 10 12 1 10 7 12 1 1 8 1 10 7 12 1 1 10 12 1 1 1 1 1 1 1 1 1 1 1 1 1 1 1 1 1 1 1 1 1 1 1 1 1 1 1 1 1 1 1 1 1 1 1 1 1 1 1 1 1 1 1 1 1 1 1 1 1 1 1 1 1 1 1 1 100 1 1 1 1 1 1 1 1 1 1 1 1 1 1 1 1 1 1 100 1 100 1 1 1 1 1 1 1 1 1 1 1 1 1 1 1 1 1 1 1 1 1 1 1 1 1 1 1 1 1 1 1 1 1 1 1 1 1 1 1 1 1 1 1 1 1 1 1 1 1 1 1 100 1 1 16 15 10 12 16 15 10 12 16 15 10 12 16 1 15 10 100 12 1 1 1 1 1 100 1 1 1 1 1 100 1 100 1 1
staticfield jdk/internal/loader/BuiltinClassLoader packageToModule Ljava/util/Map; java/util/concurrent/ConcurrentHashMap
staticfield jdk/internal/loader/BuiltinClassLoader $assertionsDisabled Z 1
ciInstanceKlass jdk/internal/loader/ClassLoaders 1 1 183 10 100 12 1 1 1 10 7 12 1 1 1 10 12 1 1 10 100 12 1 1 1 9 7 12 1 1 1 9 12 1 1 9 12 1 1 7 1 11 100 12 1 1 1 100 1 11 12 1 1 11 12 1 1 10 100 12 1 1 1 10 100 12 1 1 1 100 1 100 1 10 7 12 1 1 1 9 12 1 1 10 12 1 1 7 1 10 12 1 1 10 12 1 7 1 8 1 10 7 12 1 1 1 10 12 1 1 7 1 10 12 1 10 12 1 10 12 1 8 1 10 7 12 1 1 8 1 8 1 10 12 1 7 1 10 12 1 10 12 1 10 12 1 1 1 1 1 1 1 1 1 1 1 1 1 1 1 1 1 1 1 1 100 1 1 1 1 1 1 1 1 1 1 1 1 1 1 1 1 1 1 1
staticfield jdk/internal/loader/ClassLoaders JLA Ljdk/internal/access/JavaLangAccess; java/lang/System$2
staticfield jdk/internal/loader/ClassLoaders BOOT_LOADER Ljdk/internal/loader/ClassLoaders$BootClassLoader; jdk/internal/loader/ClassLoaders$BootClassLoader
staticfield jdk/internal/loader/ClassLoaders PLATFORM_LOADER Ljdk/internal/loader/ClassLoaders$PlatformClassLoader; jdk/internal/loader/ClassLoaders$PlatformClassLoader
staticfield jdk/internal/loader/ClassLoaders APP_LOADER Ljdk/internal/loader/ClassLoaders$AppClassLoader; jdk/internal/loader/ClassLoaders$AppClassLoader
ciInstanceKlass jdk/internal/loader/ClassLoaders$AppClassLoader 1 1 119 8 1 10 7 12 1 1 1 10 7 12 1 1 1 10 100 12 1 1 1 10 12 1 1 10 100 12 1 1 1 10 12 1 1 10 12 1 1 7 1 8 1 10 12 10 7 12 1 1 1 10 100 12 1 1 10 12 1 1 10 12 1 1 10 7 12 1 1 1 100 1 10 12 1 1 1 1 1 1 1 1 1 1 1 1 1 1 1 1 1 1 1 1 1 100 1 1 1 1 1 1 1 1 1 1 1 1 1 1 1 1 1 1 1 100 1 1 1
ciInstanceKlass jdk/internal/loader/ClassLoaders$PlatformClassLoader 1 1 42 8 1 10 7 12 1 1 1 10 7 12 1 1 1 100 1 10 12 1 100 1 1 1 1 1 1 1 1 1 1 1 1 1 1 100 1 1 1 100 1 1
ciInstanceKlass java/security/CodeSource 1 1 398 10 7 12 1 1 1 9 7 12 1 1 1 9 12 1 1 9 12 1 1 9 12 1 1 10 7 12 1 1 1 9 12 1 1 10 7 12 1 1 10 7 10 100 12 1 1 1 10 100 12 1 1 1 10 12 1 1 7 1 10 10 7 12 1 1 1 10 7 12 1 1 1 10 12 1 1 100 1 10 12 1 1 10 12 1 1 10 12 1 1 10 12 1 10 10 10 12 1 1 10 100 12 1 1 1 10 12 1 10 12 1 10 12 1 8 1 10 12 1 10 12 1 10 12 1 1 10 12 1 8 1 10 12 1 1 10 100 1 10 10 12 1 1 8 1 10 12 1 10 12 1 10 12 1 8 1 8 1 9 12 1 1 100 1 8 1 10 12 1 10 12 1 1 8 1 10 12 1 8 1 8 1 8 1 10 100 12 1 1 10 12 1 1 10 12 1 10 12 1 1 10 12 1 1 10 12 1 1 100 1 100 1 10 12 1 10 12 10 12 1 1 10 100 12 1 1 10 12 1 100 1 10 12 10 100 12 1 1 1 10 8 1 10 12 1 10 12 1 10 12 1 1 100 1 10 12 1 1 100 1 100 1 8 1 8 1 10 10 12 1 1 10 100 12 1 1 1 100 1 10 12 10 12 1 1 11 100 12 1 1 10 10 12 1 11 10 12 1 8 1 100 1 10 12 1 10 12 1 1 10 12 1 11 12 1 1 100 1 1 1 1 5 0 1 1 1 1 1 1 1 1 1 1 1 1 1 1 1 1 1 1 1 1 1 1 1 1 1 1 1 1 1 1 1 1 1 1 1 1 1 1 1 1 1 1 1 1 1 1 1 1 1 1 1 1 1 1 1 1 1 1 1 1 1 1 1 1 1 1 100 1 1 1 1 1 1 1
ciInstanceKlass java/util/concurrent/ConcurrentMap 1 1 208 11 100 12 1 1 1 10 100 12 1 1 11 12 1 1 11 100 12 1 1 1 11 100 12 1 1 1 11 12 1 1 100 1 11 12 1 11 12 1 100 1 11 100 12 1 1 1 18 12 1 11 12 1 1 11 100 12 1 1 11 12 1 1 11 100 12 1 11 12 1 1 11 12 1 1 100 1 100 1 1 1 1 1 1 1 1 1 1 1 1 1 1 1 1 1 1 1 1 1 1 1 1 1 1 1 1 1 1 1 1 1 1 1 1 1 1 1 1 1 1 1 1 1 1 1 1 1 1 1 1 1 1 1 1 1 1 1 1 16 15 11 12 15 10 100 12 1 1 1 1 1 100 1 100 1 1 1 100 1 8 1 1 12 10 1 1 1 8 1 1 1 8 1 1 8 1 1 1 8 1 1 1 8 1 1 1 8 1 1 1 8 1 1 1 8 1 1 1 8 1 1 1 8 1 1 8 1
instanceKlass com/google/gson/internal/LinkedTreeMap
instanceKlass com/google/common/collect/MapMakerInternalMap
instanceKlass com/google/common/cache/LocalCache
instanceKlass java/util/EnumMap
instanceKlass picocli/CommandLine$Model$CaseAwareLinkedMap
instanceKlass java/util/Collections$SingletonMap
instanceKlass java/util/TreeMap
instanceKlass java/util/IdentityHashMap
instanceKlass java/util/WeakHashMap
instanceKlass java/util/Collections$EmptyMap
instanceKlass sun/util/PreHashedMap
instanceKlass java/util/HashMap
instanceKlass java/util/ImmutableCollections$AbstractImmutableMap
instanceKlass java/util/concurrent/ConcurrentHashMap
ciInstanceKlass java/util/AbstractMap 1 1 196 10 7 12 1 1 1 10 7 12 1 1 1 11 7 12 1 1 1 10 11 12 1 1 11 7 12 1 1 1 11 12 1 1 7 1 11 12 1 10 12 1 1 11 12 1 100 1 10 11 12 1 11 7 1 10 12 1 1 11 12 1 9 12 1 1 7 1 10 12 1 9 12 1 1 100 1 10 11 11 12 1 1 11 12 1 100 1 100 1 11 12 1 8 1 100 1 10 10 12 1 1 8 1 10 12 1 10 12 1 1 10 12 1 1 1 1 1 1 1 1 1 1 1 1 1 1 1 1 1 1 1 1 1 1 1 1 1 1 1 1 1 1 1 1 1 1 1 1 1 1 1 1 100 1 1 1 1 1 1 1 100 1 1 1 1 1 1 1 1 1 100 1 1 1 1 1 1 1 1 1 100 1 100 1 100 1 100 1 100 1 1 1 1 1 1
ciInstanceKlass java/util/concurrent/ConcurrentHashMap 1 1 1210 7 1 7 1 3 10 12 1 1 3 100 1 10 7 12 1 1 1 100 1 10 100 12 1 1 1 100 1 11 12 1 1 11 12 1 11 12 1 1 9 12 1 1 9 12 1 1 9 12 1 10 7 12 1 1 1 7 1 10 12 1 1 10 12 1 1 10 7 12 1 1 1 4 10 12 1 9 12 1 10 12 1 1 100 1 10 5 0 10 12 1 10 12 1 1 5 0 10 12 1 1 10 12 1 9 12 1 1 10 12 1 1 9 12 1 9 12 1 1 10 12 1 1 9 12 1 10 12 1 1 9 12 1 1 10 12 1 1 100 1 10 7 1 10 12 1 10 12 1 1 10 12 1 1 10 12 1 1 10 12 1 10 12 1 1 10 12 1 1 100 1 10 12 1 1 7 1 100 1 8 1 10 12 1 10 12 1 1 10 12 1 1 11 7 12 1 1 10 12 1 1 11 12 1 1 11 7 12 1 1 1 11 7 12 1 1 1 11 12 1 7 1 11 12 1 11 12 1 10 12 1 1 10 12 1 1 9 12 1 1 10 100 12 1 1 1 9 10 12 1 1 9 12 1 10 12 1 1 5 0 9 12 1 1 7 1 10 12 1 9 12 1 1 7 1 10 12 1 9 12 1 7 1 10 100 1 10 10 12 1 1 8 1 10 12 1 10 12 1 1 11 100 1 10 12 1 10 100 12 1 1 1 8 1 10 100 12 1 1 1 8 1 10 12 1 8 1 10 12 1 10 12 1 1 10 100 12 1 1 10 12 1 10 12 1 10 12 1 9 12 1 9 10 12 1 9 12 1 1 11 100 12 1 1 1 11 7 12 1 1 1 7 1 10 12 11 7 12 1 1 10 11 7 12 1 10 12 1 100 1 10 12 1 100 1 10 10 9 7 12 1 1 1 10 12 3 10 7 12 1 1 9 12 1 10 12 1 1 9 12 1 1 9 12 1 10 12 1 1 10 100 12 1 1 9 12 1 9 7 12 1 1 10 12 1 1 10 12 1 3 9 12 1 9 12 1 10 12 1 1 7 1 9 3 9 12 1 100 1 10 12 1 9 12 1 10 12 1 9 12 1 10 12 1 9 12 1 10 100 12 1 1 1 100 10 12 1 100 1 5 0 10 100 12 1 1 100 1 10 12 1 1 10 12 1 10 12 1 100 1 10 12 1 10 100 1 100 1 10 10 12 1 10 100 1 10 12 1 10 100 1 10 12 1 10 100 1 10 12 1 1 100 1 10 12 1 10 10 12 1 100 1 10 12 1 10 10 12 1 100 1 10 12 1 10 100 1 10 12 1 10 100 1 10 12 1 10 100 1 10 12 1 10 100 1 10 12 1 10 100 1 10 12 1 10 100 1 10 12 1 10 100 1 10 12 1 10 100 1 10 10 100 1 10 10 100 1 10 10 100 1 10 12 1 10 100 1 10 12 1 10 100 1 10 12 1 10 100 1 10 12 1 10 100 1 10 12 1 10 100 1 10 10 100 1 10 10 100 1 10 10 100 1 10 12 1 10 100 1 10 12 1 10 100 1 10 12 1 10 100 1 10 12 1 10 100 1 10 12 1 10 10 12 1 10 7 12 1 1 1 10 12 1 7 1 7 1 10 12 1 9 12 1 1 9 12 1 1 10 12 1 1 8 10 12 1 1 8 8 8 8 7 10 12 1 1 10 12 1 100 1 8 1 10 7 1 100 1 100 1 1 1 5 0 1 1 3 1 3 1 1 1 1 3 1 3 1 3 1 1 1 1 1 3 1 3 1 3 1 1 1 1 1 1 1 1 1 1 1 1 1 1 1 1 1 1 1 1 1 1 1 1 1 100 1 1 1 1 1 1 1 1 1 1 1 1 1 1 1 1 1 1 1 1 1 1 1 1 1 1 1 1 1 1 1 1 1 1 1 1 1 1 1 1 1 1 1 1 1 1 1 1 1 1 1 1 1 1 1 1 1 1 1 1 1 1 1 1 1 1 1 1 1 1 1 1 1 1 1 1 1 1 1 1 1 1 1 1 100 1 1 1 1 1 1 1 1 1 1 1 100 1 1 1 1 1 1 1 1 1 1 1 1 1 1 1 1 1 1 1 1 1 1 1 1 1 1 1 1 1 1 1 1 1 1 1 1 1 1 1 1 1 1 1 1 1 1 1 1 1 1 1 1 1 1 1 1 1 1 1 1 1 1 1 1 1 1 1 1 1 1 1 1 1 1 1 1 1 1 1 1 1 1 1 1 1 1 1 1 1 1 1 1 1 1 1 1 1 1 1 1 1 1 1 1 1 1 1 1 1 1 1 1 1 1 1 1 1 1 1 1 1 1 1 1 1 1 1 1 1 1 1 1 1 1 1 1 1 1 1 1 1 1 1 1 1 1 1 1 1 1 1 1 1 1 1 1 1 1 1 1 1 1 1 1 1 1 1 1 1 1 1 1 1 1 1 1 1 1 1 1 1 1 1 1 1 1 1 1 1 1 1 1 1 1 1 1 1 1 1 1 1 1 1 1 1 1 1 1 1 1 1 1 1 1 1 1 1 1 1 1 1 1 1 100 1 100 1 100 1 100 1 100 1 100 1 100 1 100 1 100 1 1 1 1 1 1 1 1 1 1 1 1 1 1 1 1 1 1 1 1 1 1 1 1 1 1 1 1 1 1 1 1 1 1 1 1 1 1 1 1 1 1 1 1 1 1 1 1 1 1 1 1 1 1 1 1 1 1
staticfield java/util/concurrent/ConcurrentHashMap NCPU I 12
staticfield java/util/concurrent/ConcurrentHashMap serialPersistentFields [Ljava/io/ObjectStreamField; 3 [Ljava/io/ObjectStreamField;
staticfield java/util/concurrent/ConcurrentHashMap U Ljdk/internal/misc/Unsafe; jdk/internal/misc/Unsafe
staticfield java/util/concurrent/ConcurrentHashMap SIZECTL J 20
staticfield java/util/concurrent/ConcurrentHashMap TRANSFERINDEX J 32
staticfield java/util/concurrent/ConcurrentHashMap BASECOUNT J 24
staticfield java/util/concurrent/ConcurrentHashMap CELLSBUSY J 36
staticfield java/util/concurrent/ConcurrentHashMap CELLVALUE J 144
staticfield java/util/concurrent/ConcurrentHashMap ABASE I 16
staticfield java/util/concurrent/ConcurrentHashMap ASHIFT I 2
ciInstanceKlass java/lang/Iterable 1 1 62 10 7 12 1 1 1 11 7 12 1 1 1 11 7 12 1 1 1 11 12 1 1 11 7 12 1 1 1 10 100 12 1 1 1 100 1 1 1 1 1 1 1 1 1 1 1 1 1 1 1 1 1 1 1 1 1 1 1 1 1 1
ciInstanceKlass java/util/Collection 1 1 115 11 100 12 1 1 1 100 1 11 7 12 1 1 1 10 7 12 1 1 1 11 12 1 1 11 7 12 1 1 1 11 12 1 1 11 7 12 1 1 1 11 12 1 1 10 100 12 1 1 1 11 12 1 10 7 12 1 1 1 100 1 100 1 1 1 1 1 1 1 1 1 1 1 1 1 1 1 1 1 1 1 1 1 1 1 1 1 1 1 1 1 1 1 1 1 1 1 1 1 1 1 1 1 1 1 1 1 1 1 1 1 1 1 1
ciInstanceKlass java/util/SequencedCollection 1 1 109 100 1 10 12 1 1 11 100 12 1 1 1 11 100 12 1 1 1 11 12 1 1 11 12 1 100 1 100 1 1 1 1 1 1 1 1 1 1 1 1 1 1 1 1 1 1 1 1 1 1 1 1 1 1 1 1 1 100 1 8 1 1 12 10 1 1 1 8 1 1 1 8 1 1 1 8 1 1 1 8 1 1 8 1 1 1 8 1 1 8 1 1 1 8 1 1 8 1 1 1 8 1 1 8 1 1 8 1
ciInstanceKlass java/util/List 1 1 251 10 100 12 1 1 1 11 100 12 1 1 1 11 100 12 1 1 1 11 12 1 1 11 100 12 1 1 11 12 1 1 11 12 1 1 10 100 12 1 1 1 7 1 7 1 10 12 1 1 100 1 10 100 12 1 1 1 11 12 1 1 11 12 1 11 12 1 100 1 10 12 1 11 12 1 1 11 12 1 1 11 12 1 10 100 12 1 1 1 9 7 12 1 1 1 7 1 10 12 10 12 1 7 1 10 12 1 1 10 12 1 10 12 1 1 11 12 1 1 100 1 1 1 1 1 1 1 1 1 1 1 1 1 1 1 1 1 1 1 1 1 1 1 1 1 1 1 1 1 1 1 1 1 1 1 1 1 1 1 1 1 1 1 1 100 1 100 1 1 1 1 1 1 1 1 1 1 1 1 1 1 1 1 1 1 1 1 1 1 1 1 1 1 1 1 1 1 1 1 1 1 1 1 1 1 1 1 1 1 1 1 1 1 1 1 1 1 1 1 1 1 1 1 1 1 1 1 1 1 1 1 1 1 1 1 1 1 1 1 1 1 1 1 100 1 1 100 1 1 1
ciInstanceKlass java/util/RandomAccess 1 0 7 100 1 100 1 1 1
instanceKlass it/unimi/dsi/fastutil/objects/AbstractObjectCollection
instanceKlass com/google/common/collect/ImmutableCollection
instanceKlass java/util/IdentityHashMap$Values
instanceKlass java/util/AbstractQueue
instanceKlass java/util/LinkedHashMap$LinkedValues
instanceKlass java/util/HashMap$Values
instanceKlass java/util/ArrayDeque
instanceKlass java/util/AbstractSet
instanceKlass java/util/ImmutableCollections$AbstractImmutableCollection
instanceKlass java/util/AbstractList
ciInstanceKlass java/util/AbstractCollection 1 1 160 10 7 12 1 1 1 10 7 12 1 1 1 10 12 1 1 11 7 12 1 1 1 11 12 1 1 10 12 1 1 10 100 12 1 1 1 10 12 1 1 10 12 1 1 10 7 12 1 1 10 7 12 1 1 1 7 1 10 100 12 1 1 1 10 100 12 1 1 1 100 1 10 11 12 1 11 7 1 10 12 1 10 12 1 10 7 12 1 1 1 11 8 1 7 1 10 10 12 1 1 8 1 10 12 1 10 12 1 1 1 1 1 1 1 1 1 1 1 1 1 1 1 1 1 1 1 1 1 1 1 1 1 1 1 1 1 1 1 1 1 1 1 1 1 1 1 1 1 1 1 1 1 1 1 1 1 1 1 1
instanceKlass com/google/common/primitives/Ints$IntArrayAsList
instanceKlass java/util/AbstractList$SubList
instanceKlass kotlin/collections/AbstractMutableList
instanceKlass morfologik/stemming/ArrayViewList
instanceKlass com/sun/org/apache/xerces/internal/impl/xs/util/XSObjectListImpl
instanceKlass java/util/ArrayList$SubList
instanceKlass sun/security/jca/ProviderList$ServiceList
instanceKlass sun/security/jca/ProviderList$3
instanceKlass java/util/Collections$SingletonList
instanceKlass java/util/Vector
instanceKlass java/util/Arrays$ArrayList
instanceKlass java/util/AbstractSequentialList
instanceKlass java/util/Collections$EmptyList
instanceKlass java/util/ArrayList
ciInstanceKlass java/util/AbstractList 1 1 218 10 7 12 1 1 1 9 7 12 1 1 1 10 12 1 1 10 12 1 1 100 1 10 10 12 1 1 11 100 12 1 1 1 11 12 1 1 11 12 1 10 7 12 1 1 1 10 12 1 11 12 1 11 12 1 11 12 1 10 12 1 1 10 12 1 1 11 100 12 1 1 1 11 7 1 11 7 1 10 12 1 7 1 10 12 1 10 12 1 1 7 1 7 1 10 12 1 100 1 10 100 1 100 1 10 8 1 10 12 1 1 10 12 1 10 12 1 1 10 12 1 8 1 100 1 8 1 8 1 8 1 10 100 1 11 10 10 12 1 11 12 1 10 12 1 1 8 1 8 1 1 1 1 1 1 1 1 1 1 1 1 1 1 1 1 1 1 1 1 1 1 1 1 1 1 1 1 1 1 1 1 1 1 1 1 1 1 1 1 1 1 1 1 1 1 1 1 1 1 1 1 1 1 1 1 1 1 100 1 100 1 1 1 1 1 1 1
instanceKlass org/languagetool/rules/UnsyncStack
ciInstanceKlass java/util/ArrayList 1 1 509 10 7 12 1 1 1 7 1 9 7 12 1 1 1 9 12 1 100 1 100 1 10 8 1 10 12 1 1 10 12 1 10 12 1 1 10 12 1 9 12 1 11 7 12 1 1 1 9 12 1 1 11 12 1 1 7 10 7 12 1 1 1 9 12 1 10 12 1 10 12 1 1 10 7 12 1 1 1 10 7 12 1 1 1 10 12 1 1 10 12 1 1 10 12 1 1 10 12 1 10 12 1 1 100 1 100 1 10 12 1 10 10 7 12 1 1 1 10 7 12 1 1 10 12 1 100 1 10 10 12 10 12 1 1 10 12 1 1 10 12 1 10 12 10 12 1 1 7 1 10 12 1 1 10 12 1 1 10 12 1 100 1 10 11 12 1 1 11 100 12 1 1 1 11 12 1 10 12 1 10 12 1 10 12 1 1 100 1 10 12 1 1 10 10 12 1 1 10 12 1 8 1 8 1 8 1 8 1 10 12 1 1 10 12 1 1 11 12 1 100 1 10 100 12 1 1 10 12 1 10 12 1 1 10 100 12 1 1 10 12 1 10 100 12 1 1 1 11 100 12 1 1 1 10 12 1 100 1 8 1 10 100 1 10 12 1 7 1 10 12 1 10 12 1 1 7 1 10 12 1 10 12 1 1 11 7 12 1 1 7 1 10 12 1 10 12 1 1 11 7 12 1 1 10 12 1 1 10 12 1 1 10 12 1 1 10 12 1 1 11 100 12 1 1 10 12 1 1 100 1 100 1 100 1 1 1 1 5 0 1 3 1 1 1 1 1 1 1 1 1 1 1 1 1 1 1 1 1 1 1 1 1 1 1 1 1 1 1 1 1 1 1 1 1 1 1 1 1 1 1 1 1 1 1 1 1 1 1 1 1 1 1 1 1 1 1 1 1 1 1 1 1 1 1 1 1 1 1 1 1 1 1 1 1 1 1 1 1 1 1 1 1 1 1 1 1 1 1 1 1 1 1 1 1 1 1 1 1 1 1 1 1 1 1 1 100 1 1 1 1 100 1 1 1 1 1 1 1 1 1 1 1 1 1 1 1 1 1 1 1 1 1 1 1 1 1 1 1 1 1 100 1 1 1 1 1 1 1 1 1 1 1 1 1 1 1 1 1 1 100 1 100 1 1 1 1 1 1
staticfield java/util/ArrayList EMPTY_ELEMENTDATA [Ljava/lang/Object; 0 [Ljava/lang/Object;
staticfield java/util/ArrayList DEFAULTCAPACITY_EMPTY_ELEMENTDATA [Ljava/lang/Object; 0 [Ljava/lang/Object;
ciInstanceKlass java/lang/StackTraceElement 0 0 235 10 100 12 1 1 1 10 100 12 1 1 9 12 1 1 9 12 1 1 9 12 1 9 12 1 8 1 10 100 12 1 1 1 100 1 9 12 1 8 1 9 12 1 9 12 1 9 12 1 1 10 12 1 1 10 12 1 8 1 10 100 12 1 1 1 100 1 10 12 1 10 12 1 1 10 12 1 10 12 1 1 10 12 1 10 12 1 10 10 12 1 8 1 10 12 1 10 12 1 1 10 12 1 1 10 12 1 10 12 1 10 12 1 9 12 1 1 10 100 12 1 1 1 10 12 1 1 100 1 10 12 1 1 10 100 12 1 1 10 100 12 1 1 1 10 100 12 1 1 10 100 12 1 1 10 10 12 1 1 10 12 1 1 10 12 1 1 10 12 1 100 1 1 1 1 1 1 1 3 1 3 1 1 5 0 1 1 1 1 1 1 1 1 1 1 1 1 1 1 1 1 1 1 1 1 1 1 1 1 1 1 1 1 1 100 1 100 1 1 1 1 1 1 1 100 1 1 1 1 1 1 1 1 1
instanceKlass java/nio/CharBuffer
instanceKlass java/nio/IntBuffer
instanceKlass java/nio/LongBuffer
instanceKlass java/nio/ByteBuffer
ciInstanceKlass java/nio/Buffer 1 1 256 100 1 10 7 12 1 1 1 9 7 12 1 1 1 9 12 1 9 12 1 1 9 12 1 9 12 1 1 10 12 1 1 10 12 1 1 10 12 100 1 100 1 10 8 1 10 12 1 1 10 12 1 8 1 8 1 10 12 1 1 10 12 1 8 1 9 12 1 1 100 1 8 1 10 12 1 8 1 8 1 9 12 10 12 1 8 1 8 1 8 1 10 12 1 8 1 8 1 8 1 100 1 10 100 1 10 100 1 10 9 12 1 1 10 7 12 1 1 1 100 1 10 12 1 1 10 12 1 10 100 12 1 1 10 7 12 1 1 1 10 7 12 1 1 1 9 12 1 1 10 7 12 1 1 1 9 12 1 1 7 1 10 10 12 1 1 7 1 10 10 7 12 1 1 1 1 1 3 1 1 1 1 1 1 1 1 1 1 1 1 1 1 100 1 1 1 1 1 1 1 100 1 1 1 1 1 1 1 1 1 1 1 1 1 1 1 1 1 1 1 1 1 1 1 1 1 1 1 1 1 1 1 1 1 1 1 1 1 1 1 100 1 100 1 100 1 100 1 100 1 100 1 100 1 1
staticfield java/nio/Buffer UNSAFE Ljdk/internal/misc/Unsafe; jdk/internal/misc/Unsafe
staticfield java/nio/Buffer SCOPED_MEMORY_ACCESS Ljdk/internal/misc/ScopedMemoryAccess; jdk/internal/misc/ScopedMemoryAccess
staticfield java/nio/Buffer IOOBE_FORMATTER Ljava/util/function/BiFunction; jdk/internal/util/Preconditions$4
staticfield java/nio/Buffer $assertionsDisabled Z 1
ciInstanceKlass java/lang/StackWalker 1 1 271 9 7 12 1 1 1 7 1 10 7 12 1 1 1 10 12 1 1 10 7 12 1 1 1 10 12 1 1 10 12 1 11 7 12 1 1 1 10 12 1 1 10 12 1 1 10 12 1 1 100 1 8 1 10 12 1 10 12 1 10 12 1 10 7 12 1 1 9 12 1 1 9 12 1 1 9 12 1 1 9 12 1 1 10 12 1 1 9 12 1 1 9 12 1 1 9 12 1 1 10 7 12 1 1 1 11 12 1 1 100 1 8 1 10 10 100 12 1 1 9 12 1 1 10 12 1 1 10 7 12 1 1 1 10 7 12 1 1 1 18 12 1 1 100 1 8 1 10 8 1 10 12 1 1 10 100 12 1 1 1 10 12 1 1 9 7 12 1 1 11 100 12 1 1 1 10 12 1 1 1 1 1 1 1 1 1 1 1 1 1 1 1 1 1 1 1 1 1 1 1 1 1 1 1 1 1 1 1 1 1 1 1 1 1 1 1 1 1 1 1 1 1 1 1 1 1 1 1 1 1 1 1 1 1 1 1 1 1 1 1 1 1 1 100 1 1 16 15 10 12 16 1 15 10 100 12 1 1 1 1 1 1 1 1 1 100 1 100 1 1
staticfield java/lang/StackWalker DEFAULT_EMPTY_OPTION Ljava/util/EnumSet; java/util/RegularEnumSet
staticfield java/lang/StackWalker DEFAULT_WALKER Ljava/lang/StackWalker; java/lang/StackWalker
instanceKlass java/lang/StackStreamFactory$StackFrameTraverser
ciInstanceKlass java/lang/StackStreamFactory$AbstractStackWalker 1 1 375 7 1 100 1 3 10 7 12 1 1 1 10 7 12 1 1 10 7 12 1 1 1 9 12 1 1 10 12 1 1 9 12 1 1 9 12 1 1 9 12 1 1 9 12 1 10 7 12 1 1 1 10 12 1 1 10 100 12 1 1 9 12 1 1 9 12 1 1 10 12 1 1 9 7 12 1 1 1 10 12 1 1 10 12 1 9 12 1 1 10 7 12 1 1 1 10 12 1 1 9 12 1 1 9 100 12 1 1 1 100 1 10 8 1 10 12 1 1 10 12 1 8 1 10 12 1 1 10 100 12 1 1 1 100 1 8 1 10 12 1 8 1 10 12 10 7 12 1 1 9 12 1 8 1 5 0 8 1 8 1 9 12 1 1 10 12 1 1 18 12 1 1 10 100 12 1 1 1 10 12 1 1 10 12 1 10 12 1 9 12 1 10 12 1 10 12 1 10 12 1 10 12 1 10 12 1 10 12 1 1 8 1 10 12 1 10 12 1 10 12 1 10 12 1 1 8 1 10 12 1 1 10 12 1 1 10 12 1 1 10 12 1 10 12 1 10 7 12 1 1 1 10 12 1 10 12 1 9 12 1 8 1 10 12 1 10 12 1 10 12 1 1 10 12 1 10 12 1 10 12 1 1 10 12 1 10 12 1 10 12 1 10 12 1 10 12 1 10 12 1 1 10 12 1 1 10 12 1 8 1 1 1 1 1 1 1 1 1 1 1 1 1 100 1 1 1 1 1 1 1 100 1 1 1 1 100 1 1 1 1 1 1 1 1 1 1 1 1 1 1 1 1 1 1 1 16 15 15 10 100 12 1 1 1 1 1 1 1 1 100 1 100 1 1
ciInstanceKlass java/lang/StackWalker$StackFrame 1 1 41 100 1 10 12 1 1 100 1 100 1 1 1 1 1 1 1 1 1 1 1 1 1 1 1 1 1 1 1 1 1 1 1 1 1 1 1 100 1 1 1
instanceKlass java/lang/LiveStackFrameInfo
ciInstanceKlass java/lang/StackFrameInfo 1 1 142 10 7 12 1 1 1 9 7 12 1 1 1 9 7 1 9 12 1 1 11 7 12 1 1 1 9 12 1 1 11 12 1 1 10 12 1 1 10 7 12 1 1 1 10 12 1 11 12 1 11 12 1 1 11 12 1 10 12 1 1 9 12 1 1 10 12 1 1 10 100 12 1 1 10 12 1 1 11 12 1 1 9 12 1 1 10 100 1 10 12 1 9 12 1 1 10 12 1 1 100 1 8 1 10 12 1 10 7 12 1 1 1 100 1 1 1 1 1 1 1 1 1 1 1 1 1 1 1 1 1 1 100 1 1 100 1 1 1 1 1 1
staticfield java/lang/StackFrameInfo JLIA Ljdk/internal/access/JavaLangInvokeAccess; java/lang/invoke/MethodHandleImpl$1
ciInstanceKlass java/lang/LiveStackFrame 0 0 135 100 1 10 100 12 1 1 1 11 100 12 1 1 1 11 12 1 10 100 12 1 1 1 100 1 8 1 10 12 1 1 10 100 12 1 1 1 9 100 12 1 1 1 10 100 12 1 1 1 10 100 12 1 1 1 11 12 1 10 12 1 100 1 100 1 1 1 1 1 1 1 1 1 1 1 1 1 1 1 1 1 1 1 1 1 1 1 1 1 1 1 1 100 1 1 1 1 1 1 1 100 1 8 1 1 12 10 1 1 1 8 1 1 1 8 1 1 1 8 1 1 1 8 1 1 8 1 1 1 8 1 1 8 1
ciInstanceKlass java/lang/LiveStackFrameInfo 0 0 97 10 100 12 1 1 1 9 100 12 1 1 1 9 12 1 9 12 1 9 12 1 9 12 1 1 100 1 10 12 1 1 10 12 1 8 1 10 12 1 1 8 1 8 1 8 1 10 100 1 10 12 1 100 1 10 12 1 100 1 100 1 1 1 3 1 3 1 1 1 1 1 1 1 1 1 1 1 1 1 1 1 1 1 1 1 1 1 1 1 1 1 1 1 100 1 1
instanceKlass java/util/concurrent/locks/AbstractQueuedSynchronizer
ciInstanceKlass java/util/concurrent/locks/AbstractOwnableSynchronizer 1 1 32 10 7 12 1 1 1 9 7 12 1 1 1 100 1 1 1 1 5 0 1 1 1 1 1 1 1 1 1 1 1 1
ciInstanceKlass java/lang/Boolean 1 1 152 10 7 12 1 1 1 9 7 12 1 1 1 10 12 1 1 10 12 1 8 1 10 7 12 1 1 9 12 1 1 9 12 1 10 12 1 1 10 12 1 1 10 12 1 1 10 7 12 1 1 1 100 1 100 1 10 12 1 1 9 100 12 1 1 9 12 10 100 12 1 1 1 10 12 1 1 8 1 10 7 12 1 1 1 9 12 1 1 100 1 100 1 100 1 1 1 1 1 1 5 0 1 1 1 1 1 1 1 1 1 1 3 1 1 1 1 1 1 1 1 1 1 1 1 1 1 1 1 1 1 100 1 1 1 1 1 1 1 1 1 1 100 1 1 1 1 1 1 1 1 1
staticfield java/lang/Boolean TRUE Ljava/lang/Boolean; java/lang/Boolean
staticfield java/lang/Boolean FALSE Ljava/lang/Boolean; java/lang/Boolean
staticfield java/lang/Boolean TYPE Ljava/lang/Class; java/lang/Class
ciInstanceKlass java/lang/Character 1 1 604 7 1 100 1 100 1 9 12 1 1 8 1 9 12 1 1 100 1 9 12 1 1 10 100 12 1 1 1 10 100 12 1 1 1 10 100 12 1 1 1 10 7 12 1 1 1 9 7 12 1 1 1 10 12 1 10 12 1 1 10 12 1 1 10 7 12 1 1 10 12 1 1 3 3 3 3 3 10 12 1 1 10 12 1 3 11 7 12 1 1 1 11 12 1 1 10 12 1 1 10 12 1 1 100 1 10 10 12 1 3 10 12 1 1 10 12 1 10 12 1 1 100 1 8 1 10 12 1 1 10 12 1 10 12 1 10 12 1 10 7 12 1 1 1 10 12 1 10 12 1 10 12 1 1 10 12 1 10 7 12 1 1 10 10 12 1 10 10 12 1 10 12 1 1 10 12 1 10 10 12 1 10 12 1 10 12 1 10 12 1 10 12 1 10 12 1 10 12 1 10 12 10 10 12 10 10 12 1 10 10 12 1 10 10 12 1 10 10 12 1 10 12 1 10 12 1 10 12 1 10 12 1 10 12 1 10 12 1 10 10 12 1 10 10 12 1 10 10 12 1 1 10 10 12 1 10 5 0 10 12 1 10 12 1 10 10 12 1 10 10 12 1 1 10 10 12 1 10 10 12 1 9 12 1 1 100 1 10 10 12 1 10 12 1 1 3 10 100 12 1 1 1 10 12 1 10 100 12 1 1 100 1 10 10 12 1 1 10 12 1 1 10 12 1 1 8 1 10 12 1 9 100 12 1 1 1 10 12 1 10 10 12 1 10 12 1 1 10 12 1 10 10 12 1 1 10 10 12 1 1 100 1 8 1 10 12 1 1 10 7 12 1 1 1 8 1 10 12 1 1 9 12 1 1 100 1 100 1 100 1 1 1 1 3 1 3 1 3 1 3 1 1 1 1 1 3 1 1 3 1 3 1 3 1 3 1 3 1 3 1 3 1 3 1 3 1 3 1 3 1 3 1 3 1 3 1 3 1 3 1 3 1 3 1 3 1 3 1 3 1 3 1 3 1 3 1 3 1 3 1 3 1 3 1 1 1 1 1 1 1 1 1 1 1 1 1 1 1 1 1 1 1 3 1 1 1 1 1 1 1 3 1 1 3 1 1 1 1 1 3 1 1 5 0 1 1 1 1 1 1 1 1 1 1 1 1 1 1 1 1 1 1 1 1 1 1 1 1 1 1 1 1 1 1 1 1 1 1 1 1 1 1 1 1 1 1 1 1 1 1 1 1 1 1 1 1 1 1 1 1 1 1 1 1 1 1 1 1 1 1 1 1 1 1 1 1 1 1 1 1 1 1 1 1 1 1 1 1 1 1 1 1 1 1 100 1 100 1 1 1 1 1 1
staticfield java/lang/Character TYPE Ljava/lang/Class; java/lang/Class
staticfield java/lang/Character $assertionsDisabled Z 1
instanceKlass com/google/gson/internal/LazilyParsedNumber
instanceKlass java/math/BigInteger
instanceKlass java/math/BigDecimal
instanceKlass java/util/concurrent/atomic/AtomicLong
instanceKlass java/util/concurrent/atomic/AtomicInteger
instanceKlass java/lang/Long
instanceKlass java/lang/Integer
instanceKlass java/lang/Short
instanceKlass java/lang/Byte
instanceKlass java/lang/Double
instanceKlass java/lang/Float
ciInstanceKlass java/lang/Number 1 1 37 10 7 12 1 1 1 10 100 12 1 1 1 100 1 1 1 1 5 0 1 1 1 1 1 1 1 1 1 1 1 1 1 1 1 1 1
ciInstanceKlass java/lang/Float 1 1 279 7 1 100 1 10 7 12 1 1 1 10 100 12 1 1 1 4 100 1 10 12 1 1 10 12 1 1 8 1 8 1 10 100 12 1 1 1 10 12 1 1 10 12 1 1 10 100 1 4 10 7 12 1 1 9 12 1 1 10 12 1 1 10 12 1 10 10 12 1 1 10 12 1 10 12 1 3 3 100 1 4 4 4 3 10 12 1 1 9 12 1 1 100 1 10 3 3 4 4 10 12 1 3 3 3 10 12 1 1 10 12 1 1 10 12 1 10 100 12 1 1 1 10 12 1 1 10 12 1 1 10 7 12 1 1 1 8 1 10 12 1 1 9 12 1 1 100 1 100 1 100 1 1 1 1 4 1 4 1 1 1 4 1 1 3 1 3 1 3 1 3 1 3 1 1 1 1 5 0 1 1 1 1 1 1 1 1 1 1 100 1 1 1 1 1 1 1 1 1 1 1 1 1 3 1 1 1 1 1 1 1 1 1 1 1 1 1 1 1 1 1 1 1 1 1 1 1 1 1 1 1 1 1 1 1 1 1 1 1 1 1 1 1 1 1 1 1 1 1 1 1 1 1 1 1 1 1 1 1 1 1 1 1 1 1 100 1 1 1 1 1 1 1 100 1 100 1 1
staticfield java/lang/Float TYPE Ljava/lang/Class; java/lang/Class
staticfield java/lang/Float $assertionsDisabled Z 1
ciInstanceKlass java/lang/Double 1 1 290 7 1 100 1 10 100 12 1 1 1 10 12 1 1 10 100 1 10 12 1 1 10 100 12 1 1 1 6 0 8 1 10 12 1 1 8 1 10 12 1 1 8 1 6 0 10 12 1 1 100 1 5 0 5 0 8 1 8 1 10 7 12 1 1 1 10 100 12 1 1 1 8 1 10 12 1 1 8 1 8 1 8 1 10 12 1 1 10 12 1 10 12 1 1 10 12 1 10 12 1 10 12 1 1 10 12 1 10 7 1 6 0 10 7 12 1 1 9 12 1 1 10 12 1 10 12 1 10 12 1 10 12 1 10 12 1 5 0 10 12 1 1 10 12 1 10 12 1 10 100 12 1 1 1 10 12 1 1 10 12 1 1 8 1 10 7 12 1 1 1 9 12 1 1 100 1 100 1 100 1 1 1 6 0 1 6 0 1 6 0 1 1 1 6 0 1 1 3 1 3 1 3 1 3 1 3 1 1 1 1 5 0 1 1 1 1 1 1 1 1 1 1 1 1 1 1 1 1 100 1 1 1 1 1 1 1 1 1 1 1 1 3 1 1 1 1 1 1 1 1 1 1 1 1 1 1 1 1 1 1 1 1 1 1 1 1 1 1 1 1 1 1 1 1 1 1 100 1 1 1 1 1 1 1 100 1 100 1 1
staticfield java/lang/Double TYPE Ljava/lang/Class; java/lang/Class
ciInstanceKlass java/lang/Byte 1 1 213 7 1 100 1 10 100 12 1 1 1 9 12 1 1 8 1 9 12 1 1 100 1 10 12 1 1 10 12 1 1 10 100 12 1 1 1 10 100 12 1 1 1 9 7 12 1 1 1 10 12 1 1 100 1 100 1 10 12 1 1 8 1 10 12 1 1 8 1 10 12 1 10 12 1 10 12 1 10 12 1 1 10 12 1 10 12 1 10 12 1 1 10 8 1 8 1 10 7 1 9 12 1 1 10 12 1 1 10 12 1 1 10 12 1 1 10 12 1 5 0 10 12 1 1 8 1 10 7 12 1 1 1 9 12 1 1 100 1 100 1 1 1 3 1 3 1 1 1 1 3 1 3 1 1 5 0 1 1 1 1 1 1 1 1 1 1 1 1 1 1 1 1 1 1 1 1 1 1 1 1 1 1 1 1 1 1 1 1 1 1 1 1 1 1 1 1 1 1 1 1 1 1 1 1 1 1 1 1 1 1 1 1
staticfield java/lang/Byte TYPE Ljava/lang/Class; java/lang/Class
ciInstanceKlass java/lang/Short 1 1 222 7 1 100 1 100 1 10 100 12 1 1 1 10 12 1 1 100 1 100 1 10 12 1 1 8 1 10 12 1 1 8 1 10 12 1 10 12 1 10 12 1 10 12 1 1 10 12 1 1 10 12 1 9 12 1 1 8 1 9 12 1 1 100 1 10 12 1 1 10 12 1 10 100 12 1 1 1 10 100 12 1 1 1 9 100 12 1 1 1 10 12 1 10 12 1 1 10 8 1 8 1 10 100 1 9 12 1 1 10 12 1 1 10 12 1 1 10 12 1 1 10 12 1 3 3 5 0 10 12 1 1 8 1 10 7 12 1 1 1 9 12 1 1 100 1 100 1 1 1 3 1 3 1 1 1 1 3 1 3 1 1 5 0 1 1 1 1 1 1 1 1 1 1 1 1 1 1 1 1 1 1 1 1 1 1 1 1 1 1 1 3 1 1 1 1 1 1 1 1 1 1 1 1 1 1 1 1 1 1 1 1 1 1 1 1 1 1 1 1 1 1
staticfield java/lang/Short TYPE Ljava/lang/Class; java/lang/Class
ciInstanceKlass java/lang/Integer 1 1 453 7 1 100 1 7 1 7 1 10 12 1 1 9 12 1 1 9 12 1 1 10 100 12 1 1 1 10 12 1 1 10 100 12 1 1 1 10 10 12 1 1 10 100 12 1 1 1 10 12 1 10 12 1 1 10 7 12 1 1 1 10 12 1 1 10 12 1 1 10 12 1 10 12 1 10 12 1 1 10 10 12 1 9 12 1 1 9 12 1 7 1 8 1 10 12 1 100 1 10 12 1 8 1 10 12 1 1 10 12 1 8 1 10 12 1 8 1 10 12 1 1 3 10 12 1 1 3 10 12 1 1 10 12 1 1 10 7 12 1 1 1 11 7 1 10 12 1 1 11 10 12 1 1 8 1 10 12 1 1 8 1 100 1 10 12 1 1 10 12 1 1 5 0 8 1 10 12 1 10 12 1 10 12 1 10 12 1 1 7 1 9 12 1 1 9 12 1 1 10 12 1 10 7 1 9 12 1 10 12 1 10 12 1 10 12 1 1 10 7 12 1 1 1 100 1 100 1 10 12 1 1 10 12 1 1 8 1 8 1 10 12 1 1 8 1 8 1 8 1 8 1 8 1 8 1 10 12 1 10 12 1 5 0 3 3 3 3 10 12 1 10 12 1 3 10 12 1 10 100 12 1 1 1 10 12 1 1 10 12 1 1 8 1 10 7 12 1 1 1 9 12 1 1 100 1 100 1 100 1 1 1 1 3 1 1 1 3 1 3 1 1 5 0 1 1 1 1 1 1 1 1 1 100 1 1 1 1 1 1 1 1 1 1 1 1 1 1 1 1 1 1 1 1 1 1 1 1 1 1 1 1 1 1 1 1 1 1 1 1 1 1 1 1 3 1 1 1 1 1 1 1 1 1 1 1 1 1 1 1 1 100 1 1 1 1 1 1 1 1 1 1 1 1 1 1 1 1 1 1 1 1 1 1 1 1 1 1 1 1 1 1 1 1 1 1 1 1 1 1 1 1 1 1 1 1 1 1 100 1 1 1 1 1 1 1 1 1 100 1 100 1 1
staticfield java/lang/Integer TYPE Ljava/lang/Class; java/lang/Class
staticfield java/lang/Integer digits [C 36
staticfield java/lang/Integer DigitTens [B 100
staticfield java/lang/Integer DigitOnes [B 100
ciInstanceKlass java/lang/Long 1 1 524 7 1 100 1 7 1 7 1 10 12 1 1 9 12 1 1 9 7 12 1 1 1 10 100 12 1 1 1 10 12 1 1 10 100 12 1 1 1 10 10 12 10 12 1 10 12 1 10 12 1 5 0 5 0 100 1 10 12 1 1 10 12 1 1 10 12 1 10 12 1 10 12 1 10 12 1 1 10 100 12 1 1 10 12 1 10 12 1 1 10 12 1 1 10 12 1 1 10 12 1 1 10 7 12 1 1 1 10 12 1 1 10 12 1 10 12 1 10 12 1 10 12 1 1 10 10 12 1 5 0 5 0 9 12 1 1 9 12 1 5 0 100 1 8 1 10 12 1 8 1 10 12 1 8 1 8 1 10 12 1 1 5 0 10 12 1 1 5 0 10 12 1 1 10 12 1 1 10 100 12 1 1 1 11 100 1 10 12 1 1 11 10 12 1 1 8 1 10 12 1 1 8 1 100 1 10 12 1 1 10 12 1 8 1 8 1 11 12 1 1 10 12 1 10 12 1 10 12 1 5 0 5 0 9 7 12 1 1 1 10 12 1 10 12 1 1 8 1 8 1 10 12 1 1 8 1 8 1 8 1 8 1 8 1 8 1 10 12 1 10 7 1 9 12 1 1 10 12 1 10 12 1 1 10 12 1 1 10 100 12 1 1 1 100 1 100 1 10 12 1 1 10 12 1 1 5 0 10 12 1 10 12 1 5 0 5 0 5 0 10 12 1 1 10 12 1 5 0 5 0 10 12 1 10 12 1 10 100 12 1 1 1 10 12 1 1 10 12 1 1 8 1 10 7 12 1 1 1 9 12 1 1 100 1 100 1 100 1 1 1 1 5 0 1 1 1 1 3 1 3 1 5 0 1 1 1 1 1 1 1 1 1 100 1 1 1 1 1 1 1 1 1 1 1 1 1 1 1 1 1 1 1 1 1 1 1 1 1 1 1 1 1 1 1 1 1 1 1 1 1 1 1 1 1 1 1 1 1 1 1 1 1 1 1 1 1 1 1 3 1 1 1 1 1 1 1 1 1 1 1 1 1 1 1 100 1 1 1 1 1 1 1 1 1 1 1 1 1 1 1 1 1 1 1 1 1 1 1 1 1 1 1 1 1 1 1 1 1 1 1 1 1 1 1 1 1 1 1 100 1 1 1 1 1 1 1 1 1 100 1 100 1 1
staticfield java/lang/Long TYPE Ljava/lang/Class; java/lang/Class
ciInstanceKlass java/util/Iterator 1 1 53 100 1 8 1 10 12 1 1 10 100 12 1 1 1 11 100 12 1 1 1 11 12 1 1 11 100 12 1 1 1 100 1 1 1 1 1 1 1 1 1 1 1 1 1 1 1 1 1 1 1 1 1
ciInstanceKlass java/lang/reflect/RecordComponent 1 1 196 10 100 12 1 1 1 9 100 12 1 1 1 9 12 1 1 9 12 1 10 12 1 1 10 12 1 1 10 100 12 1 1 1 10 12 1 1 9 12 1 1 10 12 1 1 10 12 1 1 10 12 1 10 100 12 1 1 10 100 12 1 1 9 12 1 1 10 100 12 1 1 1 11 100 12 1 1 1 10 9 100 12 1 1 1 10 100 12 1 1 1 9 12 1 1 10 100 12 1 1 1 10 12 1 1 11 100 12 1 1 10 100 12 1 1 100 1 9 12 1 9 12 1 1 9 12 1 10 100 12 1 1 1 10 12 1 1 10 12 1 1 100 1 10 10 12 1 10 12 1 1 8 1 10 12 1 10 12 1 9 12 1 100 1 1 1 1 1 1 1 1 1 1 1 1 1 1 1 1 1 1 1 1 1 1 100 1 1 1 1 1 1 100 1 1
ciInstanceKlass jdk/internal/vm/vector/VectorSupport 0 0 573 100 1 10 100 12 1 1 1 9 12 1 1 10 12 1 1 100 1 10 12 1 11 100 12 1 1 1 11 100 12 1 1 1 11 100 12 1 1 11 100 12 1 1 11 100 12 1 1 1 11 100 12 1 1 11 100 12 1 1 11 100 12 1 1 11 100 12 1 1 11 100 12 1 1 11 100 12 1 1 11 100 12 1 1 1 11 100 12 1 1 11 100 12 1 1 1 11 100 12 1 1 1 11 100 12 1 1 11 100 12 1 1 1 11 100 12 1 1 100 1 10 12 1 1 11 100 12 1 1 11 100 12 1 1 11 100 12 1 1 11 100 12 1 1 11 100 12 1 1 11 100 12 1 1 9 12 1 1 10 100 12 1 1 11 100 12 1 1 10 12 1 1 10 100 12 1 1 1 10 12 1 10 12 1 1 10 12 1 1 1 1 1 3 1 3 1 3 1 3 1 3 1 3 1 3 1 3 1 3 1 3 1 3 1 3 1 3 1 3 1 3 1 3 1 3 1 3 1 3 1 3 1 3 1 3 1 3 1 3 1 3 1 3 1 3 1 3 1 3 1 3 1 3 1 3 1 3 1 3 1 3 1 3 1 3 1 3 1 3 1 3 1 3 1 3 1 3 1 3 1 3 1 3 1 3 1 3 1 3 1 3 1 3 1 3 1 3 1 1 1 1 1 1 1 1 1 1 1 1 1 1 1 1 1 1 1 1 1 1 1 1 1 1 1 1 1 1 1 1 1 1 1 1 1 1 1 1 1 1 1 1 1 1 1 1 1 1 1 1 1 1 1 1 1 1 1 1 1 1 1 1 1 1 1 1 1 1 1 1 1 1 1 1 1 1 1 1 1 1 1 1 1 1 1 1 1 1 1 1 1 1 1 1 1 1 1 1 1 1 1 1 1 1 1 1 1 1 1 1 1 1 1 1 1 1 1 1 1 1 1 1 1 1 1 1 1 1 1 1 1 1 1 1 1 1 1 1 1 1 1 1 1 1 1 1 1 1 1 1 1 1 1 1 1 1 1 1 1 1 1 1 1 1 1 1 1 1 1 1 1 1 1 1 1 1 1 1 1 1 1 1 1 1 1 1 1 1 1 1 1 1 1 1 1 1 1 1 1 1 1 1 1 1 1 1 1 1 1 1 1 1 1 1 1 1 1 1 1 1 1 1 1 1 1 1 1 1 1 1 1 1 1 100 1 100 1 100 1 100 1 100 1 1 1 1 1 1 1 1 1 1 1 1 1 1 1 1 1 1 1 1 1 1 1 1 1 1 1 1 1 1 1
instanceKlass jdk/internal/vm/vector/VectorSupport$VectorShuffle
instanceKlass jdk/internal/vm/vector/VectorSupport$VectorMask
instanceKlass jdk/internal/vm/vector/VectorSupport$Vector
ciInstanceKlass jdk/internal/vm/vector/VectorSupport$VectorPayload 0 0 32 10 100 12 1 1 1 9 100 12 1 1 1 10 100 12 1 1 1 1 1 1 1 1 1 1 1 1 1 1 1 1
ciInstanceKlass jdk/internal/vm/vector/VectorSupport$Vector 0 0 28 10 100 12 1 1 1 100 1 1 1 1 1 1 1 1 1 1 1 1 1 1 1 100 1 1 1 1
ciInstanceKlass jdk/internal/vm/vector/VectorSupport$VectorMask 0 0 28 10 100 12 1 1 1 100 1 1 1 1 1 1 1 1 1 1 1 1 1 1 1 100 1 1 1 1
ciInstanceKlass jdk/internal/vm/vector/VectorSupport$VectorShuffle 0 0 28 10 100 12 1 1 1 100 1 1 1 1 1 1 1 1 1 1 1 1 1 1 1 100 1 1 1 1
ciInstanceKlass jdk/internal/vm/FillerObject 0 0 16 10 100 12 1 1 1 100 1 1 1 1 1 1 1 1
instanceKlass kotlin/KotlinNullPointerException
ciInstanceKlass java/lang/NullPointerException 1 1 52 10 7 12 1 1 1 10 12 1 9 7 12 1 1 1 10 12 1 1 9 12 1 1 10 12 1 1 10 12 1 1 1 1 5 0 1 1 1 1 1 1 1 1 100 1 100 1 100 1 1 1
ciInstanceKlass java/lang/ArithmeticException 1 1 26 10 100 12 1 1 1 10 12 1 100 1 1 1 1 5 0 1 1 1 1 1 1 1 1 1
ciInstanceKlass java/util/Objects 1 1 184 10 7 12 1 1 1 100 1 8 1 10 12 1 10 12 1 1 10 7 12 1 1 1 10 12 1 1 10 12 1 10 100 12 1 1 1 10 12 1 1 10 7 12 1 1 1 7 1 10 10 12 1 1 10 7 12 1 1 10 12 1 1 8 1 10 7 12 1 1 1 10 7 12 1 1 1 10 11 100 12 1 1 1 100 1 10 10 12 1 8 1 10 12 1 8 1 100 1 11 12 1 1 8 1 10 7 12 1 1 1 10 12 1 1 10 12 1 10 12 1 10 12 1 10 12 1 1 1 1 1 1 1 1 1 1 1 1 1 1 1 1 1 1 1 1 1 1 1 1 1 1 1 1 1 1 1 1 1 1 1 1 1 1 1 1 1 1 1 1 1 1 1 1 1 1 1 1 1 1 1 1 1 1
ciInstanceKlass java/lang/StringLatin1 1 1 395 7 1 10 100 12 1 1 1 10 12 1 1 10 7 12 1 1 1 10 7 12 1 1 1 10 12 1 10 7 12 1 1 1 10 12 1 1 10 7 12 1 1 1 10 7 12 1 1 1 10 12 1 1 10 12 1 1 10 10 12 1 10 12 1 10 9 7 12 1 1 1 10 12 1 1 10 7 12 1 1 1 10 12 10 12 1 1 10 12 1 1 10 12 1 10 12 1 1 10 12 1 1 10 12 1 10 7 12 1 1 1 10 12 1 10 12 1 1 9 12 1 1 100 1 10 10 12 1 1 10 7 12 1 1 1 10 12 1 10 12 1 100 1 100 1 8 1 10 12 1 8 1 10 12 1 1 100 1 10 10 12 10 7 12 1 1 1 8 1 8 1 8 1 10 12 1 1 10 100 12 1 1 10 12 1 10 12 1 1 10 12 1 1 10 12 1 1 10 12 1 10 12 10 12 10 12 1 10 12 10 10 12 1 10 12 1 10 12 1 10 100 12 1 1 1 10 100 12 1 1 1 10 12 1 1 10 12 1 1 10 10 7 12 1 1 1 1 1 1 1 1 1 1 1 1 1 1 1 1 1 1 1 1 1 1 1 1 1 1 1 1 1 1 1 1 1 1 1 1 1 1 1 1 1 1 1 1 1 1 1 1 1 1 1 1 100 1 1 1 1 1 1 1 1 1 1 1 1 1 1 1 1 1 1 1 1 1 1 1 1 1 1 1 1 1 1 1 1 1 1 1 1 1 1 1 1 1 1 100 1 1 1 1 1 1 1 1 1 1 1 1 1 1 1 1 1 1 1 1 1 1 1 100 1 1 1 1 1 1 1 1 1 1 1 1 1 1 1 1 1 1 1 1 1 1 1 1 1 1 100 1 1 1 1
staticfield java/lang/StringLatin1 $assertionsDisabled Z 1
ciInstanceKlass java/lang/Math 1 1 460 7 1 10 100 12 1 1 1 10 7 12 1 1 1 10 12 1 10 12 1 10 12 1 10 12 1 10 12 1 6 0 6 0 10 12 1 10 12 1 10 12 1 10 12 1 10 12 1 10 12 1 1 10 12 1 10 12 1 10 12 1 10 12 1 10 12 1 10 7 12 1 1 1 100 1 3 3 3 10 7 12 1 1 1 100 1 5 0 5 0 5 0 5 0 5 0 9 100 12 1 1 1 10 100 12 1 1 1 100 1 8 1 10 12 1 8 1 10 12 1 1 10 12 1 1 100 1 5 0 5 0 100 1 3 5 0 3 5 0 10 12 1 10 12 1 10 12 1 10 12 1 10 12 1 8 1 10 12 1 8 1 10 12 1 1 10 12 1 1 9 12 1 1 9 12 1 100 1 100 1 10 10 12 1 1 8 1 10 12 1 10 12 1 1 10 10 12 1 10 12 1 10 12 1 10 12 1 1 8 1 8 1 10 12 1 1 10 12 1 10 12 10 12 10 12 1 10 12 1 10 12 1 10 12 1 10 12 6 0 10 12 1 9 12 1 1 100 1 10 10 12 1 100 1 10 12 1 10 12 1 1 10 12 1 10 12 1 10 12 10 12 1 1 10 12 1 1 10 12 1 1 10 12 6 0 10 12 1 1 10 12 10 12 1 4 10 12 1 10 12 1 10 12 10 12 1 10 12 1 10 12 1 10 12 1 10 12 1 10 12 1 5 0 6 0 4 6 0 4 6 0 4 10 12 1 9 12 1 1 10 12 9 12 1 10 7 12 1 1 1 4 6 0 1 1 6 0 1 6 0 1 6 0 1 1 1 1 1 1 1 1 1 1 1 1 1 1 1 1 1 1 1 1 1 1 1 1 1 1 1 1 1 1 1 1 1 1 1 1 1 1 1 1 1 1 1 1 1 1 1 1 1 1 1 1 1 1 1 1 1 1 1 1 1 1 1 1 1 1 1 1 1 1 1 1 1 1 1 1 1 1 1 1 1 1 1 1 1 1 1 1 1 1 1 1 1 1 1 1
staticfield java/lang/Math negativeZeroFloatBits J -2147483648
staticfield java/lang/Math negativeZeroDoubleBits J -9223372036854775808
staticfield java/lang/Math $assertionsDisabled Z 1
instanceKlass org/languagetool/rules/en/AdverbFilter$1
instanceKlass java/lang/ProcessEnvironment
instanceKlass java/util/LinkedHashMap
ciInstanceKlass java/util/HashMap 1 1 629 10 7 12 1 1 1 100 1 10 12 1 1 100 1 10 7 12 1 1 1 100 1 11 12 1 1 11 12 1 11 12 1 1 10 7 12 1 1 1 7 1 3 10 7 12 1 1 1 100 1 100 1 10 8 1 10 12 1 1 10 12 1 10 12 1 1 10 12 1 10 7 12 1 1 1 8 1 10 12 1 9 12 1 1 10 12 1 9 12 1 1 4 10 12 1 10 12 1 1 11 7 12 1 1 9 12 1 1 10 7 12 1 1 1 6 0 10 12 1 1 11 12 1 1 11 7 12 1 1 1 11 7 12 1 1 1 11 12 1 1 7 1 11 12 1 11 12 1 10 12 1 10 12 1 1 9 12 10 12 1 1 9 7 12 1 1 1 9 12 9 12 1 10 12 1 1 9 12 1 7 1 10 12 1 1 10 12 1 1 10 12 1 1 10 12 1 1 10 12 1 1 9 12 1 10 12 1 1 3 4 10 12 1 1 10 12 1 1 9 12 1 1 9 10 12 1 1 10 12 1 1 10 12 1 1 10 12 1 9 12 1 1 7 1 10 12 1 10 12 1 10 7 12 1 1 1 7 1 9 12 1 1 7 1 10 9 12 7 1 10 100 1 10 11 7 12 1 1 1 100 1 10 11 7 12 1 1 11 100 12 1 1 1 10 12 1 100 1 100 1 10 12 1 10 12 1 10 12 1 10 100 12 1 1 10 12 1 1 10 12 1 1 10 100 12 1 1 1 8 10 100 12 1 1 1 100 1 10 4 4 10 12 1 1 10 100 12 1 1 1 10 12 1 8 1 6 0 10 100 12 1 1 1 100 1 11 100 12 1 1 1 10 12 1 10 12 1 10 10 12 1 1 6 0 8 1 10 12 1 10 12 100 1 100 1 1 1 1 5 0 1 3 1 1 1 3 1 3 1 3 1 1 1 1 1 1 1 1 1 1 1 1 1 1 1 1 1 1 1 1 1 1 100 1 1 1 1 1 1 1 1 1 1 1 1 1 1 1 1 1 1 1 1 1 1 1 1 1 1 1 1 1 1 1 1 1 100 1 1 1 1 1 1 1 1 1 1 1 1 1 1 1 1 1 1 1 1 1 1 1 1 1 1 1 1 1 1 1 1 1 1 1 1 1 1 1 1 1 1 1 1 1 1 1 1 1 1 1 100 1 1 1 1 1 1 1 1 1 1 1 1 1 1 1 1 1 1 1 1 1 1 1 1 1 1 1 1 1 1 1 1 1 1 1 1 1 1 1 1 1 1 1 1 1 1 1 1 100 1 1 1 1 1 1 1 1 100 1 1 1 1 1 1 1 1 1 1 1 1 1 1 1 1 1 1 100 1 100 1 100 1 100 1 100 1 100 1 100 1 100 1 1 1 1 1 1 1 1 1 1 1 1 1 1 1 1 1 1
ciInstanceKlass jdk/internal/util/ArraysSupport 1 1 378 7 1 100 1 8 1 10 12 1 1 10 12 1 1 10 100 12 1 1 9 7 12 1 1 1 9 12 1 1 10 7 12 1 1 1 9 12 1 1 10 7 12 1 1 1 9 12 1 10 12 9 12 1 10 12 1 1 10 12 7 1 10 12 1 1 10 12 1 100 1 10 12 1 1 10 12 100 1 10 12 1 100 1 10 12 1 100 1 100 1 10 8 1 10 12 1 1 10 12 1 10 12 1 1 10 9 12 1 1 11 7 12 1 1 1 9 12 1 9 12 1 10 12 1 1 9 12 1 9 12 1 9 12 1 9 12 1 9 12 1 9 12 1 9 12 1 10 12 1 1 10 100 12 1 1 1 9 12 1 9 12 1 10 12 1 1 10 12 1 9 12 1 10 12 1 10 100 12 1 1 1 9 12 1 9 12 1 10 12 1 10 12 1 10 7 12 1 1 1 3 10 12 1 100 1 8 1 8 1 8 1 10 10 100 12 1 1 1 11 100 12 1 1 1 10 12 1 10 100 12 1 1 1 10 12 1 1 10 12 1 1 9 12 1 10 12 1 9 12 1 9 12 1 9 12 1 9 12 1 9 12 1 9 12 1 9 12 1 100 1 10 7 12 1 1 1 1 1 3 1 3 1 3 1 3 1 3 1 3 1 3 1 3 1 1 1 1 1 1 1 1 1 1 1 1 1 1 1 1 1 1 1 1 1 1 1 1 1 1 1 1 1 1 1 1 1 1 1 1 1 1 1 1 1 1 1 1 1 1 1 1 1 1 1 1 1 1 1 1 1 1 1 1 1 1 1 1 1 1 1 1 1 1 1 1 1 1 1 1 1 1 1 100 1 1 1 1
staticfield jdk/internal/util/ArraysSupport U Ljdk/internal/misc/Unsafe; jdk/internal/misc/Unsafe
staticfield jdk/internal/util/ArraysSupport BIG_ENDIAN Z 0
staticfield jdk/internal/util/ArraysSupport LOG2_ARRAY_BOOLEAN_INDEX_SCALE I 0
staticfield jdk/internal/util/ArraysSupport LOG2_ARRAY_BYTE_INDEX_SCALE I 0
staticfield jdk/internal/util/ArraysSupport LOG2_ARRAY_CHAR_INDEX_SCALE I 1
staticfield jdk/internal/util/ArraysSupport LOG2_ARRAY_SHORT_INDEX_SCALE I 1
staticfield jdk/internal/util/ArraysSupport LOG2_ARRAY_INT_INDEX_SCALE I 2
staticfield jdk/internal/util/ArraysSupport LOG2_ARRAY_LONG_INDEX_SCALE I 3
staticfield jdk/internal/util/ArraysSupport LOG2_ARRAY_FLOAT_INDEX_SCALE I 2
staticfield jdk/internal/util/ArraysSupport LOG2_ARRAY_DOUBLE_INDEX_SCALE I 3
staticfield jdk/internal/util/ArraysSupport LOG2_BYTE_BIT_SIZE I 3
staticfield jdk/internal/util/ArraysSupport JLA Ljdk/internal/access/JavaLangAccess; java/lang/System$2
ciInstanceKlass java/lang/StringConcatHelper 1 1 313 7 1 10 7 12 1 1 1 10 7 12 1 1 1 7 1 5 0 100 1 8 1 10 12 1 10 12 1 1 10 12 1 1 10 7 12 1 1 1 10 100 12 1 1 10 12 1 1 10 12 1 11 100 12 1 1 10 7 12 1 1 1 10 12 1 1 10 12 1 10 12 1 10 12 1 1 10 10 12 1 10 12 1 10 10 12 1 10 12 1 1 11 12 1 100 1 100 1 100 1 8 1 10 12 1 10 12 1 10 12 1 100 1 100 1 10 8 1 10 12 1 1 10 12 1 8 1 10 12 1 1 10 10 12 1 1 10 12 1 1 10 10 12 1 1 10 12 1 10 12 1 1 10 12 1 1 10 8 1 9 12 1 1 9 7 12 1 1 1 10 7 12 1 1 1 7 1 9 12 1 1 10 12 1 1 9 100 12 1 1 1 9 12 1 9 12 1 9 12 1 10 7 12 1 1 1 10 7 12 1 1 1 100 1 100 1 10 12 1 10 12 1 1 1 1 1 5 0 1 1 1 1 1 1 1 1 1 1 1 1 1 1 1 1 1 1 1 1 1 1 1 1 1 1 1 1 1 1 1 1 1 1 1 1 1 1 1 1 1 1 1 1 1 1 1 1 1 1 1 1 1 1 1 1 1 1 1 1 100 1 1 1 1 1 1 1 1 1 100 1 1 1 1 1 1 1 1 100 1 100 1 1
staticfield java/lang/StringConcatHelper UNSAFE Ljdk/internal/misc/Unsafe; jdk/internal/misc/Unsafe
ciInstanceKlass jdk/internal/util/Preconditions 1 1 194 10 100 12 1 1 1 11 100 12 1 1 1 11 100 12 1 1 1 100 1 100 1 10 7 12 1 1 1 10 12 1 8 1 100 1 10 100 12 1 1 1 10 12 1 1 8 1 8 1 10 100 12 1 1 7 1 10 12 1 8 1 10 100 12 1 1 1 8 1 10 12 1 1 10 12 1 1 11 12 1 8 1 8 1 11 12 1 1 8 1 8 1 8 1 10 12 1 1 10 12 1 1 10 12 1 10 12 1 10 12 1 10 12 7 1 10 10 12 1 1 9 12 1 1 7 1 10 9 12 1 7 1 10 9 12 1 1 1 1 1 1 1 1 1 1 1 1 1 1 1 1 1 1 1 1 1 1 1 1 1 1 1 1 1 1 1 1 1 1 1 1 1 1 1 1 1 1 1 1 1 1 1 1 1 1 1 1 1 1 1 1 1 1
staticfield jdk/internal/util/Preconditions SIOOBE_FORMATTER Ljava/util/function/BiFunction; jdk/internal/util/Preconditions$4
staticfield jdk/internal/util/Preconditions AIOOBE_FORMATTER Ljava/util/function/BiFunction; jdk/internal/util/Preconditions$4
staticfield jdk/internal/util/Preconditions IOOBE_FORMATTER Ljava/util/function/BiFunction; jdk/internal/util/Preconditions$4
ciInstanceKlass java/util/function/Function 1 1 77 10 100 12 1 1 1 18 12 1 1 18 18 12 1 11 7 12 1 100 1 1 1 1 1 1 1 1 1 1 1 1 1 1 1 1 1 1 1 1 1 1 1 1 1 1 1 1 1 1 1 1 1 1 16 15 11 12 15 11 12 15 11 12 15 10 7 12 1 1 1 1 100 1 100 1 1
ciInstanceKlass java/util/function/BiFunction 1 1 65 10 100 12 1 1 1 18 12 1 1 11 100 12 1 1 11 100 12 1 100 1 1 1 1 1 1 1 1 1 1 1 1 1 1 1 1 1 1 1 1 1 1 1 1 1 1 1 16 15 11 12 15 10 100 12 1 1 1 1 100 1 100 1 1
ciInstanceKlass jdk/internal/util/Preconditions$4 1 1 61 9 7 12 1 1 1 10 7 12 1 1 1 10 100 12 1 1 1 11 100 12 1 1 1 100 1 100 1 100 1 10 12 1 100 1 1 1 1 1 1 1 1 1 1 1 1 1 1 1 1 1 1 1 1 1 12 1 1 1 1
ciInstanceKlass java/util/Arrays 1 1 1029 10 7 12 1 1 1 10 7 12 1 1 1 10 7 12 1 1 1 10 12 1 10 12 1 10 12 1 10 12 1 10 12 1 10 12 1 10 100 12 1 1 1 100 1 100 1 10 8 1 10 12 1 1 10 12 1 8 1 8 1 10 12 1 1 10 12 1 100 1 10 12 1 9 100 12 1 1 1 10 7 12 1 1 100 1 10 12 1 1 10 7 12 1 1 10 7 12 1 1 1 100 1 10 12 1 10 12 1 1 7 1 9 7 12 1 1 1 10 12 1 1 10 7 12 1 1 10 12 1 10 12 1 1 10 12 1 10 12 1 1 7 1 11 12 1 1 10 12 1 10 7 12 1 1 1 10 12 10 12 1 10 12 1 10 12 10 12 1 11 7 12 1 1 1 10 7 12 1 1 1 100 1 10 12 1 10 100 1 10 12 1 10 100 1 10 12 1 10 100 1 10 12 1 10 10 12 1 1 10 12 1 10 12 1 10 12 1 10 12 1 10 12 1 10 100 12 1 1 1 10 12 1 10 100 12 1 1 1 10 12 1 10 12 1 10 7 12 1 1 1 10 12 1 10 12 1 10 12 1 10 12 1 10 12 1 10 12 1 10 12 1 10 12 1 10 12 1 10 12 1 10 12 1 10 12 1 10 12 1 10 12 1 10 12 1 10 12 1 1 10 12 1 1 10 7 12 1 1 1 10 7 1 10 100 1 10 7 1 10 100 1 10 100 1 10 100 1 10 100 1 10 100 1 10 12 1 8 1 10 12 1 1 10 12 1 1 10 12 1 1 10 12 1 1 10 12 1 1 10 12 1 1 10 12 1 1 10 12 1 1 10 12 1 1 7 1 10 12 10 12 1 1 10 12 1 10 12 1 1 10 12 1 1 9 100 12 1 1 1 10 12 1 9 100 1 10 12 1 9 100 1 10 12 1 9 100 1 10 12 1 9 100 1 10 12 1 9 100 1 10 12 1 9 10 12 1 10 12 1 10 12 1 9 12 1 100 1 10 10 12 1 1 10 12 1 10 12 1 10 12 1 10 12 1 10 12 1 10 12 1 10 12 1 10 12 1 10 12 1 8 1 8 1 10 12 1 10 12 1 8 1 10 12 1 10 12 1 10 12 1 10 100 12 1 1 1 3 10 100 1 10 10 12 1 1 11 100 12 1 1 10 12 1 1 10 12 1 10 12 1 10 12 1 10 12 1 10 12 1 10 12 1 10 12 1 10 12 1 11 12 1 8 1 10 11 12 1 11 100 12 1 1 1 11 100 12 1 1 1 11 12 1 1 18 12 1 1 11 12 1 1 11 100 12 1 1 1 18 12 1 11 100 12 1 1 1 18 12 1 11 100 12 1 1 1 18 12 1 100 1 10 7 12 1 1 1 10 12 1 10 12 1 10 12 1 10 12 1 10 12 1 10 12 1 10 12 1 10 12 1 1 10 12 1 10 7 12 1 1 10 12 1 10 12 1 10 12 1 1 10 12 1 10 12 1 10 12 1 1 10 12 1 10 12 1 10 12 1 1 10 12 1 10 12 1 10 12 1 10 12 1 10 12 10 12 1 10 12 10 12 10 12 1 10 12 10 12 1 10 12 1 10 12 1 1 1 1 3 1 3 1 1 1 1 1 1 1 1 1 1 1 1 1 1 1 1 1 1 1 1 1 1 1 1 1 1 1 1 1 1 1 1 1 1 1 1 1 1 1 1 1 1 1 1 1 1 1 1 1 1 1 1 1 1 1 1 1 1 1 1 1 1 1 1 1 1 1 1 1 1 1 1 1 1 1 1 1 1 1 1 1 1 1 1 1 1 1 1 1 1 1 1 1 1 1 1 1 1 1 1 1 1 1 1 1 1 1 1 1 1 1 1 1 1 1 1 1 1 1 1 1 1 1 1 1 1 1 1 1 1 1 1 1 1 1 1 1 1 1 1 1 1 1 1 1 1 1 1 1 1 1 1 1 1 1 1 1 1 1 1 1 1 1 1 1 1 1 1 1 1 1 1 1 1 1 1 1 1 1 1 1 1 1 1 1 1 1 1 1 1 1 1 1 1 1 1 1 1 1 1 1 1 1 1 1 1 1 1 1 1 1 1 1 1 1 1 1 1 1 1 1 1 1 1 1 1 1 1 1 1 1 1 1 1 1 1 1 1 1 1 1 1 1 1 1 1 1 1 1 1 1 1 1 1 100 1 1 16 15 10 12 15 10 12 15 10 12 15 10 12 15 10 100 12 1 1 1 1 1 100 1 100 1 1 1 1 100 1 1 1 1 1 1 100 1 1 100 1 1 100 1 1 1 100 1 100 1 1
staticfield java/util/Arrays $assertionsDisabled Z 1
ciInstanceKlass java/lang/StringUTF16 1 1 635 100 1 7 1 10 100 12 1 1 1 10 7 12 1 1 1 100 1 10 3 100 1 100 1 10 8 1 10 12 1 1 10 12 1 8 1 10 12 1 1 10 12 1 9 12 1 1 10 12 1 1 100 1 8 1 10 12 1 9 12 1 1 9 12 1 10 10 12 1 1 10 12 1 1 10 7 12 1 1 1 10 12 1 10 12 1 1 10 12 1 1 10 12 1 1 10 12 1 1 10 12 1 10 12 1 1 10 12 1 1 10 12 1 1 10 12 1 1 10 12 1 1 10 12 1 10 7 12 1 1 1 10 12 1 1 10 7 12 1 1 1 10 12 1 1 10 12 1 10 12 1 1 10 12 1 1 10 12 1 1 10 12 1 10 12 1 100 1 10 12 1 10 10 12 1 10 12 1 1 10 12 1 10 7 12 1 1 1 10 12 1 1 10 12 10 12 1 1 10 12 1 10 12 1 1 10 12 1 10 12 1 10 12 1 10 12 1 7 1 10 12 1 1 10 12 1 3 10 12 1 1 10 12 1 10 12 1 10 12 1 10 12 1 10 12 1 10 12 1 1 9 12 1 10 12 1 10 12 10 12 1 1 10 12 1 10 12 1 10 12 1 10 10 12 10 12 10 10 12 1 1 10 12 1 10 12 1 10 12 1 100 1 8 1 8 1 10 12 1 1 100 1 10 10 7 12 1 1 1 10 7 12 1 1 8 1 8 1 8 1 10 12 1 1 10 12 1 1 10 12 10 7 12 1 1 10 12 1 1 10 12 1 1 10 12 1 10 12 10 12 10 12 1 10 12 10 12 1 10 12 1 10 12 1 10 12 1 10 100 12 1 1 1 10 100 12 1 1 1 10 12 1 1 10 12 1 1 11 7 12 1 1 10 12 1 10 12 1 10 12 1 1 9 12 1 1 9 12 1 5 0 5 0 10 12 1 10 12 10 12 10 7 12 1 1 1 10 12 1 1 1 1 1 1 1 1 1 1 1 1 1 1 1 1 1 1 1 1 1 1 1 1 1 1 1 1 1 100 1 1 1 1 1 1 1 1 1 1 1 1 1 1 1 1 1 1 1 1 1 1 1 1 1 1 1 1 1 1 1 1 1 1 1 1 1 1 1 1 1 1 1 1 1 1 1 1 1 1 1 1 1 1 1 1 1 1 1 1 1 1 1 1 1 1 1 1 1 1 1 1 1 1 1 1 1 1 1 1 1 1 1 1 1 1 1 1 1 1 100 1 1 1 1 1 1 1 1 1 1 1 1 1 1 1 1 1 100 1 1 1 1 1 1 1 1 1 1 1 1 1 1 1 1 1 1 1 1 1 1 1 1 1 1 1 1 1 1 1 1 1 1 1 1 1 1 1 1 1 1 1 1 1 1 1 1 1 1 1 1 1 1 1 1 1 1 1 100 1 100 1 1 1 1 1
staticfield java/lang/StringUTF16 HI_BYTE_SHIFT I 0
staticfield java/lang/StringUTF16 LO_BYTE_SHIFT I 8
staticfield java/lang/StringUTF16 $assertionsDisabled Z 1
ciInstanceKlass java/lang/Integer$IntegerCache 1 1 100 10 100 12 1 1 1 7 1 10 7 12 1 1 1 9 7 12 1 1 1 8 1 10 7 12 1 1 1 10 12 1 1 10 100 12 1 1 1 3 10 12 1 100 1 9 12 1 1 10 7 12 1 1 1 9 12 1 1 10 12 1 1 100 1 10 10 12 1 9 12 1 1 1 3 1 1 1 1 1 1 1 1 1 1 1 1 1 1 1 1 1 100 1 100 1 1 1 1 1
staticfield java/lang/Integer$IntegerCache high I 127
staticfield java/lang/Integer$IntegerCache cache [Ljava/lang/Integer; 256 [Ljava/lang/Integer;
staticfield java/lang/Integer$IntegerCache $assertionsDisabled Z 1
ciInstanceKlass java/util/Collections 1 1 933 10 7 12 1 1 1 11 7 12 1 1 1 7 1 11 12 1 1 7 1 10 12 1 1 10 12 1 11 12 1 1 100 1 11 12 1 1 11 12 1 1 10 12 1 11 100 12 1 1 11 12 1 1 11 12 1 10 12 1 10 12 1 10 12 11 100 12 1 1 1 10 12 1 1 11 12 1 11 12 1 1 9 12 1 1 100 1 10 10 12 1 1 10 12 1 11 100 12 1 1 1 11 12 1 1 10 12 1 11 12 1 100 1 8 1 10 12 1 11 7 12 1 1 1 11 100 1 11 12 1 1 10 12 1 1 10 12 1 10 12 1 1 10 12 1 11 12 1 1 10 12 1 1 10 12 1 1 10 12 1 1 11 12 1 1 7 1 10 12 1 11 100 1 100 1 10 12 1 11 7 1 7 1 10 12 1 11 100 1 100 1 10 12 1 11 100 1 100 1 10 12 1 11 100 1 100 1 10 12 1 11 7 1 11 7 1 10 12 10 11 7 1 7 1 10 12 1 11 100 1 100 1 10 11 7 1 7 1 10 12 1 11 100 1 7 1 10 12 1 100 1 10 10 12 1 7 1 10 10 12 1 100 1 10 100 1 10 100 1 10 7 1 10 10 12 1 10 7 1 10 100 1 10 100 1 10 100 1 10 12 1 10 100 12 1 1 1 100 1 100 1 10 12 1 100 1 10 12 1 100 1 10 12 1 100 1 10 12 1 100 1 10 12 1 100 1 10 100 1 10 12 1 100 1 10 12 1 100 1 10 12 1 9 7 12 1 1 1 9 100 12 1 1 9 7 12 1 1 1 9 12 1 1 9 12 1 1 9 12 1 1 9 12 1 1 9 12 1 1 7 1 10 12 7 1 10 7 1 10 7 1 10 7 1 10 12 1 100 1 100 1 10 8 1 10 12 1 1 10 12 1 10 12 1 1 10 100 1 10 12 1 9 7 12 1 1 1 9 7 12 1 1 1 7 1 9 12 1 1 10 12 7 1 10 7 1 10 11 7 12 1 1 11 12 1 10 12 1 11 11 12 1 11 11 12 1 8 1 7 1 10 11 100 1 10 12 1 100 1 10 100 12 1 1 1 100 1 10 12 1 7 1 10 7 1 10 7 1 10 1 1 1 3 1 3 1 3 1 3 1 3 1 3 1 3 1 3 1 1 1 1 1 1 1 1 1 1 1 1 1 1 1 1 1 1 1 1 1 1 1 1 1 1 1 1 1 1 1 1 1 1 1 1 1 1 1 1 1 1 1 1 1 1 1 1 1 1 1 1 1 1 1 1 1 1 1 1 1 1 1 1 1 1 1 1 1 1 1 1 1 1 1 1 1 1 1 1 1 1 1 1 1 1 1 1 1 1 1 1 1 1 1 1 1 1 1 1 1 1 1 1 1 1 1 1 1 1 1 1 1 1 1 1 1 1 1 1 1 1 1 1 1 1 1 1 1 1 1 1 1 1 1 1 1 1 1 1 1 1 1 1 1 1 1 1 1 1 1 1 1 1 1 1 1 1 1 1 1 1 1 1 1 1 1 1 1 1 1 1 1 1 1 1 1 1 1 1 1 1 1 1 1 1 1 1 1 1 1 1 1 1 1 1 1 1 1 1 1 1 1 1 1 1 1 1 1 1 1 1 1 1 1 1 1 1 1 1 1 1 1 1 1 1 1 1 1 1 1 1 1 1 1 1 1 1 1 1 1 1 1 1 1 1 1 1 1 1 1 1 1 1 1 1 1 1 1 1 1 1 1 1 1 1 1 1 1 1 1 1 1 1 1 1 1 1 1 1 1 1 1 1 1 1 1 1 1 1 1 1 1 1 1 1 1 1 1 1 1 1 1 1 1 1 1 1 1 1 1 1 1 1 1 1 1 1 1 1 1 1 1 1 1 1 1 1 1 1 1 1 100 1 100 1 100 1 100 1 100 1 100 1 100 1 100 1 100 1 100 1 100 1 100 1 100 1 1 1 1 1 1 1 1 1 1 1 1 1 1 1 1 1 1 1 1 1 1 1 1 1 1 1 1 1 1 1 1 1 1 1 1 1 1 1 1 1 1 100 1 1 1 1 1 1 1 1 1 1 1 1 1 1 1
staticfield java/util/Collections EMPTY_SET Ljava/util/Set; java/util/Collections$EmptySet
staticfield java/util/Collections EMPTY_LIST Ljava/util/List; java/util/Collections$EmptyList
staticfield java/util/Collections EMPTY_MAP Ljava/util/Map; java/util/Collections$EmptyMap
instanceKlass java/security/InvalidParameterException
instanceKlass java/util/regex/PatternSyntaxException
instanceKlass de/danielnaber/jwordsplitter/InputTooLongException
instanceKlass java/lang/NumberFormatException
instanceKlass java/util/IllegalFormatException
instanceKlass java/nio/charset/UnsupportedCharsetException
ciInstanceKlass java/lang/IllegalArgumentException 1 1 35 10 7 12 1 1 1 10 12 1 10 12 1 10 12 1 100 1 1 1 1 5 0 1 1 1 1 1 1 1 1 1 1 1 1
ciInstanceKlass java/lang/invoke/DirectMethodHandle$Constructor 1 1 91 10 7 12 1 1 1 9 7 12 1 1 1 9 12 1 1 9 12 1 1 10 100 12 1 1 1 100 1 10 12 1 9 12 1 9 12 1 10 12 1 10 12 1 1 9 12 1 1 10 12 1 1 10 7 12 1 1 1 1 1 1 1 1 1 1 1 1 1 1 100 1 100 1 1 1 1 1 1 1 1 1 1 1 1 1 1 1 1 1 1
staticfield java/lang/invoke/DirectMethodHandle$Constructor $assertionsDisabled Z 1
ciInstanceKlass java/util/ArrayList$Itr 1 1 104 9 7 12 1 1 1 10 7 12 1 1 1 9 12 1 1 9 7 12 1 1 9 12 1 9 12 1 9 12 1 10 12 1 100 1 10 9 12 1 1 100 1 10 100 1 10 10 12 1 1 100 1 10 7 12 1 1 1 10 12 1 1 11 7 12 1 1 1 100 1 1 1 1 1 1 1 1 1 1 1 1 1 1 1 1 100 1 1 1 1 1 1 1 1 1 1 1 1 1 1 1 1 1
ciInstanceKlass sun/net/www/protocol/jar/JarURLConnection$JarURLInputStream 1 1 61 9 7 12 1 1 1 10 7 12 1 1 1 10 12 1 1 10 7 12 1 1 1 9 12 1 1 10 7 1 10 12 1 1 7 1 10 12 1 1 1 1 1 1 1 1 1 1 1 1 1 100 1 1 100 1 1 1 1 1 1
ciInstanceKlass java/util/Collections$SingletonList 1 1 131 10 7 12 1 1 1 9 7 12 1 1 1 10 7 12 1 1 1 10 12 1 1 100 1 100 1 10 8 1 10 12 1 1 10 12 1 8 1 10 12 1 1 10 12 1 11 100 12 1 1 1 100 1 10 10 12 1 1 10 100 12 1 1 1 100 1 100 1 1 1 1 5 0 1 1 1 1 1 1 1 1 1 1 1 1 1 1 1 1 1 1 1 1 1 1 1 1 1 1 1 1 1 1 1 1 1 1 1 1 1 1 1 1 1 1 1 1 1 1 1 1 1 1 1 1 1 1 1 1 1
ciInstanceKlass java/lang/invoke/BoundMethodHandle$Species_LL 1 1 73 1 7 1 7 1 1 1 1 1 1 1 1 12 9 1 1 1 12 10 12 9 12 9 1 1 12 10 1 1 1 100 1 7 1 1 12 10 1 7 1 1 12 10 1 1 1 12 10 1 1 1 12 10 1 1 1 12 10 1 1 1 12 10 1 1 1 12 10 1 1 1 1
instanceKlass sun/util/resources/BreakIteratorResourceBundle
instanceKlass org/languagetool/ResourceBundleWithFallback
instanceKlass java/util/ListResourceBundle
instanceKlass sun/util/resources/Bundles$1
instanceKlass java/util/PropertyResourceBundle
instanceKlass java/util/ResourceBundle$2
instanceKlass picocli/CommandLine$Model$Messages$1
ciInstanceKlass java/util/ResourceBundle 1 1 821 9 7 12 1 1 1 10 7 12 1 1 1 9 12 1 1 9 12 1 1 10 12 1 1 7 1 7 1 10 12 1 100 1 7 1 10 8 1 10 12 1 1 10 12 1 1 10 7 12 1 1 1 8 1 10 12 1 10 12 1 10 7 12 1 1 1 18 12 1 1 10 7 12 1 1 1 7 1 10 12 1 1 10 12 1 1 9 12 1 1 9 12 1 100 1 10 10 7 12 1 1 10 7 12 1 1 1 10 12 1 1 10 12 1 1 10 12 1 1 10 12 1 10 12 1 1 100 1 10 10 12 1 10 12 1 1 10 7 12 1 1 1 9 7 12 1 1 1 10 7 12 1 1 1 100 1 8 1 10 12 1 10 12 1 1 10 12 1 10 12 1 10 12 1 10 100 1 10 7 12 1 1 1 9 100 12 1 1 1 10 100 12 1 1 1 7 1 10 12 1 9 12 1 1 11 7 12 1 1 7 1 10 12 1 10 12 1 1 10 12 1 100 1 10 12 1 1 10 12 1 1 100 1 8 1 10 10 12 1 1 8 1 10 12 1 1 9 12 1 10 12 1 1 11 7 12 1 1 1 11 12 1 10 12 1 1 10 12 1 1 10 12 1 1 10 7 12 1 1 1 11 12 1 9 12 1 1 10 7 12 1 1 1 100 1 11 12 1 1 11 12 1 10 12 1 1 10 12 1 1 9 12 1 10 12 1 11 12 1 8 1 10 7 12 1 1 1 10 12 1 1 10 12 1 1 10 12 1 10 12 1 1 10 12 1 1 10 10 12 1 10 12 1 10 12 1 1 10 12 1 1 10 12 1 1 10 12 1 1 10 12 1 1 8 1 10 12 1 10 12 1 11 12 1 1 11 7 12 1 1 11 12 1 10 12 1 8 1 10 8 1 10 7 12 1 1 1 10 12 1 100 1 8 1 10 100 1 100 1 10 12 1 1 10 100 12 1 1 1 100 1 10 12 1 1 10 12 1 10 12 1 1 8 1 8 1 7 1 10 12 1 100 1 10 12 1 10 8 1 10 12 1 8 1 10 12 1 10 12 1 1 10 12 1 1 9 12 1 1 9 12 1 1 8 1 8 1 8 1 10 12 1 10 10 12 1 9 12 1 10 12 1 1 10 12 1 1 5 0 10 12 1 10 12 1 11 12 1 1 10 12 1 11 12 1 10 12 1 1 5 0 8 1 10 12 1 11 12 1 1 18 12 1 1 11 7 12 1 1 1 18 12 1 10 12 1 11 12 1 100 1 10 11 12 1 1 9 12 1 10 12 1 1 11 100 12 1 1 11 12 1 11 12 1 100 1 8 1 10 9 12 1 9 12 1 1 10 100 12 1 1 1 10 12 10 12 1 7 1 10 10 7 12 1 1 1 7 1 10 7 1 10 12 1 10 8 1 8 1 10 7 12 1 1 1 10 7 12 1 1 1 1 1 1 3 1 1 1 1 1 1 1 1 1 1 1 1 1 1 1 1 1 1 1 1 1 1 1 1 1 1 1 1 1 1 1 1 1 1 1 1 1 1 1 1 1 1 1 1 1 1 1 1 1 1 1 1 1 1 1 1 1 1 1 1 1 1 1 1 1 1 1 1 1 1 1 1 1 1 1 1 1 1 100 1 1 1 1 1 1 1 1 1 1 1 1 1 1 1 1 1 1 1 1 1 1 1 1 1 1 1 1 1 1 1 1 1 1 1 1 1 1 1 1 1 1 1 1 1 1 1 100 1 100 1 100 1 100 1 100 1 1 16 15 10 12 1 16 16 15 10 12 16 1 15 10 12 15 10 7 12 1 1 1 1 1 1 1 1 1 1 1 1 1 1 100 1 100 1 1
staticfield java/util/ResourceBundle NONEXISTENT_BUNDLE Ljava/util/ResourceBundle; java/util/ResourceBundle$2
staticfield java/util/ResourceBundle cacheList Ljava/util/concurrent/ConcurrentMap; java/util/concurrent/ConcurrentHashMap
staticfield java/util/ResourceBundle referenceQueue Ljava/lang/ref/ReferenceQueue; java/lang/ref/ReferenceQueue
staticfield java/util/ResourceBundle TRACE_ON Z 0
staticfield java/util/ResourceBundle $assertionsDisabled Z 1
ciInstanceKlass org/bsplines/ltexls/languagetool/LanguageToolJavaInterface 1 1 511 1 7 1 7 1 1 1 1 1 8 1 7 1 1 12 10 1 8 1 8 1 12 10 1 100 5 0 1 100 1 1 12 9 1 12 10 1 1 12 9 1 7 1 1 12 10 1 1 12 10 1 8 1 12 10 1 7 1 1 12 11 1 7 1 7 1 7 1 1 12 10 1 12 10 1 7 1 12 10 1 1 12 9 1 100 1 1 12 9 1 1 12 10 1 100 1 12 9 1 8 1 100 1 1 12 10 1 100 1 1 12 10 1 1 1 1 1 1 1 1 1 1 1 1 100 1 7 1 100 1 1 1 1 1 1 7 1 8 1 8 1 12 10 1 1 12 10 1 12 10 1 7 1 1 12 10 1 7 1 1 12 10 1 7 1 12 10 1 7 1 1 12 9 1 12 9 1 1 12 10 1 7 1 12 10 16 1 1 12 10 15 1 7 1 1 12 10 15 1 1 12 18 1 1 12 10 1 7 1 1 12 9 8 1 7 1 7 10 1 7 1 8 1 12 10 1 1 12 10 1 1 12 10 1 7 1 1 12 9 1 7 1 1 12 9 1 1 12 10 1 1 12 10 1 100 1 12 9 1 100 1 1 12 10 1 8 1 100 1 12 10 1 7 10 1 7 1 1 12 11 1 7 1 12 11 1 1 12 11 1 7 1 7 1 1 12 9 1 7 1 1 12 10 1 1 12 10 1 1 1 1 1 1 1 1 1 1 1 1 1 1 100 1 1 12 9 1 1 12 10 1 1 12 10 1 100 1 1 12 11 1 8 1 100 1 1 12 10 15 1 12 18 1 12 10 1 12 10 1 8 18 1 12 10 1 8 18 1 12 9 1 12 9 1 1 12 11 1 100 1 7 1 1 12 10 1 8 1 12 18 1 12 10 1 8 18 1 8 18 1 1 100 1 100 1 1 12 10 1 100 1 1 12 11 1 8 18 1 1 12 10 1 8 1 100 1 1 12 10 1 8 1 1 1 1 1 1 1 1 1 1 8 1 100 12 10 1 12 10 1 8 1 1 1 1 8 11 1 12 10 1 1 1 100 10 1 100 10 1 1 1 12 10 1 1 1 1 3 3 3 1 3 1 3 1 1 1 1 1 1 1 1 100 1 1 1 1 1 1 1 1 1 1 1 1 1 1 1 1 1
staticfield org/bsplines/ltexls/languagetool/LanguageToolJavaInterface Companion Lorg/bsplines/ltexls/languagetool/LanguageToolJavaInterface$Companion; org/bsplines/ltexls/languagetool/LanguageToolJavaInterface$Companion
ciInstanceKlass org/languagetool/tagging/disambiguation/Disambiguator 1 1 33 11 100 12 1 1 1 100 1 1 1 100 1 1 1 1 1 1 1 1 1 1 1 1 1 1 1 1 100 1 100 1 1
instanceKlass org/languagetool/tagging/disambiguation/rules/XmlRuleDisambiguator
instanceKlass org/languagetool/tagging/disambiguation/MultiWordChunker
instanceKlass org/languagetool/tagging/en/EnglishHybridDisambiguator
instanceKlass org/languagetool/tagging/disambiguation/xx/DemoDisambiguator
ciInstanceKlass org/languagetool/tagging/disambiguation/AbstractDisambiguator 1 1 32 10 7 12 1 1 1 100 1 100 1 1 1 1 1 1 1 1 1 1 1 1 1 100 1 8 1 1 12 10 1 1
ciInstanceKlass org/languagetool/JLanguageTool 1 1 2370 10 7 12 1 1 1 10 12 1 10 12 1 10 12 1 10 12 1 10 7 12 1 1 7 1 10 9 12 1 1 7 1 10 9 12 1 1 9 12 1 9 12 1 9 12 1 9 12 1 7 1 10 9 12 1 9 12 1 7 1 10 9 12 1 1 8 1 10 7 12 1 1 1 7 1 9 12 1 1 8 1 7 1 9 12 1 9 12 1 18 12 1 1 10 12 1 1 7 1 9 12 1 1 9 12 1 1 9 12 1 1 10 7 12 1 1 1 10 12 1 9 12 1 10 12 1 1 10 12 1 10 12 1 1 10 12 1 10 12 1 1 7 1 7 1 8 1 10 12 1 9 12 1 1 7 1 10 9 12 1 1 9 12 1 10 7 12 1 1 1 10 12 1 9 12 1 1 7 1 10 9 12 1 1 7 1 10 9 12 1 9 12 1 9 12 1 1 9 12 1 1 10 12 1 10 12 1 1 10 12 1 1 11 12 1 1 7 1 10 7 12 1 1 1 18 12 1 1 9 12 1 1 10 100 12 1 1 1 100 1 10 10 12 1 1 11 7 12 1 1 1 8 1 10 12 1 1 10 100 12 1 1 100 1 10 12 1 10 12 1 1 10 12 1 7 1 10 12 1 1 100 1 10 12 1 10 12 1 10 12 1 10 10 12 1 1 18 12 1 1 11 12 1 1 11 7 12 1 1 11 12 1 1 18 12 1 1 11 7 12 1 1 1 10 12 1 18 12 1 1 11 12 1 1 8 1 11 7 1 10 12 1 1 10 12 1 1 11 12 1 1 11 12 1 7 1 11 100 12 1 11 12 1 1 10 100 12 1 1 1 10 12 1 1 8 1 10 100 1 10 12 1 1 18 10 12 1 18 12 1 11 12 1 1 11 12 1 10 12 1 1 11 12 1 1 11 7 12 1 1 11 12 1 1 10 12 1 9 100 12 1 1 1 10 12 1 10 12 1 1 11 12 1 11 12 1 10 12 1 10 12 1 10 12 1 18 12 1 10 7 12 1 1 11 12 1 1 10 12 1 1 10 12 1 1 10 12 1 1 10 12 1 10 12 1 10 12 1 11 12 1 100 1 10 12 1 10 12 1 10 12 1 10 12 1 1 7 1 7 1 10 7 1 10 10 7 12 1 1 1 11 7 1 10 12 1 10 12 1 11 12 1 18 10 12 1 1 100 1 11 11 12 1 11 11 12 1 11 11 10 12 1 1 11 7 12 1 1 9 7 12 1 1 1 10 12 1 1 7 1 10 10 12 1 1 10 12 1 1 10 12 1 10 12 1 10 12 1 10 12 1 9 7 12 1 1 1 9 12 1 9 7 12 1 1 1 9 12 1 9 12 1 9 12 1 10 12 1 10 12 1 10 12 1 1 10 12 1 1 10 12 1 1 10 12 1 1 10 7 12 1 1 10 12 1 1 10 12 1 1 10 12 1 10 100 12 1 1 1 10 12 1 10 7 12 1 1 10 12 1 10 12 1 1 18 12 1 11 12 1 10 12 1 18 10 12 1 7 1 10 12 1 1 9 7 12 1 1 1 8 1 9 12 1 1 10 12 1 10 7 12 1 1 1 10 12 1 10 12 1 10 12 1 10 12 1 1 10 12 1 1 10 7 12 1 1 18 12 1 10 12 1 7 1 18 12 1 18 12 1 10 7 12 1 1 1 7 1 10 100 1 8 1 10 12 1 1 10 100 12 1 1 100 1 10 12 1 1 10 12 1 1 9 7 12 1 1 8 1 11 7 12 1 1 1 8 1 11 7 12 1 1 1 11 12 1 18 12 1 1 10 12 1 1 10 12 9 100 12 1 1 1 10 12 1 1 9 12 1 1 8 1 10 100 12 1 1 11 100 12 1 1 1 10 12 1 10 100 12 1 1 1 10 12 1 1 10 7 12 1 1 8 1 8 1 18 12 1 10 12 1 10 12 1 10 12 1 18 18 12 1 18 12 1 7 1 10 10 12 7 1 10 12 1 10 12 1 7 1 10 12 1 10 12 1 10 10 12 1 10 12 1 8 1 8 1 8 1 8 1 8 1 8 1 8 1 8 1 8 1 8 1 8 1 8 1 8 1 8 1 11 12 100 1 10 12 1 10 10 12 1 8 1 10 12 1 1 8 1 9 7 12 1 1 1 10 12 1 1 9 7 12 1 1 1 9 12 1 9 12 1 11 9 12 1 10 12 1 10 12 1 10 12 1 1 7 1 10 12 1 18 12 1 11 12 1 1 11 100 12 1 1 1 18 12 1 1 11 12 1 11 12 1 1 10 100 12 1 1 9 12 1 10 12 1 100 1 10 100 1 10 12 1 9 100 12 1 1 1 10 12 1 1 10 12 1 1 18 12 1 10 12 1 1 100 1 11 12 1 11 12 1 11 7 1 10 12 1 10 12 1 1 10 12 1 10 12 1 10 12 1 18 18 12 1 10 12 1 10 12 10 100 12 1 1 8 1 11 12 1 10 12 1 9 12 1 9 12 1 10 12 1 7 1 10 12 1 1 10 12 1 100 1 10 12 1 10 100 12 1 1 1 18 12 1 11 100 12 1 1 10 12 1 18 10 12 1 10 12 1 1 10 12 1 10 12 1 1 10 12 1 10 12 1 8 1 10 11 12 1 18 18 12 1 11 12 1 1 10 12 1 1 11 100 12 1 1 1 9 100 12 1 1 1 9 12 1 11 12 1 1 100 1 11 7 12 1 1 10 12 1 1 10 12 1 1 10 12 1 1 10 12 1 10 12 1 1 10 7 12 1 1 10 12 1 10 12 1 10 12 1 10 12 1 10 12 1 1 7 1 10 12 1 11 7 12 1 10 12 1 7 1 10 12 1 10 12 1 1 10 12 1 1 10 12 1 1 11 12 1 18 10 12 1 1 10 12 1 7 1 10 12 1 1 10 12 1 18 12 1 18 11 9 100 12 1 1 1 18 12 1 11 12 1 100 1 18 10 18 10 12 1 1 10 7 12 1 1 10 12 1 10 10 12 1 10 12 1 10 12 1 10 12 1 18 12 1 10 12 1 1 10 12 1 1 10 12 1 10 12 1 10 12 1 10 12 1 7 1 10 12 1 10 12 1 10 12 1 10 12 1 10 12 1 10 12 1 10 12 1 10 12 1 10 12 1 10 12 1 100 1 8 1 10 10 12 1 10 12 1 1 7 1 10 12 1 10 12 1 1 10 12 1 10 12 1 1 11 7 12 1 1 1 10 12 1 1 11 7 12 1 1 10 12 1 10 12 1 1 11 7 1 10 12 1 1 10 12 1 1 11 7 12 1 1 10 12 1 7 1 8 1 8 1 10 12 1 10 12 1 10 12 1 10 12 1 10 12 1 10 12 1 11 100 1 9 12 1 1 11 12 1 1 8 1 10 12 1 1 9 12 1 10 12 1 10 12 1 10 12 1 10 12 1 10 12 1 10 12 1 1 7 1 10 12 1 1 10 7 12 1 1 10 12 1 10 12 1 10 12 1 10 12 1 1 100 1 10 12 1 10 12 1 10 12 1 10 12 1 1 100 1 10 12 1 18 12 1 100 1 100 1 10 18 10 12 1 10 100 12 1 1 9 12 1 10 12 1 11 10 12 1 1 10 10 12 1 1 10 12 1 1 10 12 1 1 10 12 1 18 10 12 1 1 10 12 1 1 10 12 1 1 10 12 1 10 12 1 1 10 12 1 8 1 8 1 11 12 1 8 1 10 12 1 10 8 1 18 11 12 1 8 1 10 12 1 10 18 10 12 1 10 7 12 1 1 1 8 1 10 12 1 1 9 7 12 1 1 1 10 12 1 9 12 1 10 12 1 9 12 1 10 12 1 9 12 1 1 1 1 1 1 1 1 8 1 1 8 1 1 8 1 1 8 1 1 1 8 1 1 8 1 1 8 1 1 8 1 1 1 1 1 1 1 1 1 1 1 1 1 1 1 1 1 1 1 1 1 1 1 1 1 1 1 1 100 1 1 1 1 1 1 1 1 1 1 1 1 1 1 1 1 1 1 1 1 1 1 1 1 1 1 1 1 1 1 1 1 100 1 100 1 1 1 100 1 1 1 1 1 1 1 1 1 1 1 1 1 1 1 1 1 1 1 1 1 1 1 1 1 1 1 1 1 1 1 1 1 1 1 1 1 1 1 1 1 1 1 1 1 1 1 1 1 1 1 1 1 1 1 1 1 1 1 1 1 1 1 1 1 1 1 1 1 1 1 1 1 1 1 1 1 1 1 1 1 1 1 1 1 1 1 1 1 1 1 1 1 1 1 1 1 1 1 1 1 1 1 1 1 1 1 1 1 1 1 1 1 100 1 1 1 1 1 1 1 1 1 1 1 1 1 1 1 1 1 1 1 1 1 1 1 1 1 1 1 1 1 100 1 1 1 1 1 1 1 1 1 1 1 1 1 1 1 1 1 1 1 1 1 1 1 1 1 1 1 1 1 1 1 1 1 1 1 1 1 1 1 1 1 1 1 1 1 1 1 1 1 100 1 1 1 1 1 1 1 1 1 1 1 1 1 1 1 1 1 1 1 1 1 1 1 1 1 1 1 1 1 1 1 1 1 1 1 1 1 1 1 1 1 1 1 1 1 100 1 1 1 1 1 1 1 1 1 1 1 1 1 1 1 1 1 1 1 1 1 1 1 1 1 1 1 1 1 1 100 1 1 1 1 1 1 1 1 1 1 1 1 1 1 1 1 1 1 1 1 1 1 1 1 1 100 1 1 1 1 1 1 1 1 1 1 1 1 1 1 1 1 1 1 1 1 1 1 1 1 1 1 1 1 1 1 1 1 1 1 1 1 1 1 1 1 1 1 1 1 1 1 1 1 1 1 1 1 1 1 1 1 1 1 1 1 1 1 1 1 1 1 1 1 1 1 1 1 1 1 1 1 100 1 1 15 10 7 12 1 1 1 16 15 10 16 1 15 10 7 12 1 1 8 1 16 15 10 12 16 16 15 16 1 16 1 15 16 8 1 15 10 12 16 15 10 12 8 1 16 1 15 10 12 1 1 16 1 15 10 12 1 16 8 1 15 10 7 12 1 1 15 10 12 1 16 1 15 10 12 16 15 10 12 16 15 10 12 16 15 10 12 15 10 12 15 10 12 16 1 16 15 10 12 15 10 12 16 1 15 10 12 1 16 1 15 10 12 16 15 15 16 1 15 10 12 16 16 15 10 12 1 16 1 15 10 12 8 1 15 10 12 8 1 8 1 15 10 12 15 10 12 15 10 12 16 1 15 10 12 15 10 12 15 10 12 16 15 10 12 1 1 1 1 1 1 1 1 1 1 1 1 1 1 1 100 1 100 1 1 100 1 1
staticfield org/languagetool/JLanguageTool logger Lorg/slf4j/Logger; org/slf4j/helpers/NOPLogger
staticfield org/languagetool/JLanguageTool ZERO_WIDTH_NBSP Ljava/util/regex/Pattern; java/util/regex/Pattern
staticfield org/languagetool/JLanguageTool VERSION Ljava/lang/String; "6.8"
staticfield org/languagetool/JLanguageTool BUILD_DATE Ljava/lang/String; "2026-05-05 16:34:58 +0200"
staticfield org/languagetool/JLanguageTool GIT_SHORT_ID Ljava/lang/String; "f558ce3"
staticfield org/languagetool/JLanguageTool temporaryFiles Ljava/util/List; java/util/ArrayList
ciInstanceKlass org/languagetool/broker/ResourceDataBroker 1 0 38 100 1 100 1 1 1 1 8 1 1 8 1 1 1 1 1 1 1 1 1 1 1 1 1 1 1 1 1 1 1 1 1 1 1 1 1 1
ciInstanceKlass org/languagetool/broker/DefaultResourceDataBroker 1 1 239 7 1 8 1 8 1 10 7 12 1 1 1 10 7 12 1 1 8 1 9 12 1 1 9 12 1 10 12 1 1 10 12 1 1 10 12 1 1 7 1 10 10 12 1 7 1 9 7 12 1 1 1 10 12 1 7 1 10 12 1 10 12 1 1 11 7 12 1 1 1 10 12 1 7 1 10 12 1 1 10 10 7 1 100 1 100 1 10 12 10 7 12 1 1 10 12 1 1 10 12 1 1 10 7 12 1 1 1 10 7 12 1 1 1 10 12 1 10 7 12 1 1 1 10 12 1 1 10 12 1 1 10 12 1 18 12 1 10 12 1 7 1 10 8 1 10 12 1 1 10 12 1 10 12 1 1 10 12 1 1 10 12 1 10 12 1 10 7 12 1 1 1 1 1 1 1 1 1 1 1 1 1 1 1 1 1 1 1 1 1 1 1 1 1 1 1 1 1 1 1 1 1 1 1 1 1 1 1 1 1 1 1 1 1 1 1 1 1 1 1 1 1 1 1 15 10 100 12 1 1 8 1 1 100 1 100 1 1
ciInstanceKlass  @bci com/vladsch/flexmark/util/sequence/Escaping <clinit> ()V 23 <appendix> argL1 form vmentry <vmtarget> ; 1 1 44 1 7 1 100 1 1 1 1 1 1 1 7 1 1 12 9 1 12 9 1 7 1 1 12 10 1 1 1 1 1 7 1 1 12 10 1 7 12 9 1 1 1 1
staticfield  @bci com/vladsch/flexmark/util/sequence/Escaping <clinit> ()V 23 <appendix> argL1 form vmentry <vmtarget> ; _D_0 Ljava/lang/invoke/LambdaForm; java/lang/invoke/LambdaForm
ciInstanceKlass java/util/PropertyResourceBundle 1 1 143 7 1 8 1 9 7 12 1 1 1 10 7 12 1 1 1 9 100 12 1 1 1 10 12 1 1 7 1 8 1 10 12 1 1 10 10 12 1 10 12 1 10 7 12 1 1 7 1 10 10 12 1 7 1 10 12 1 9 12 1 1 100 1 10 11 7 12 1 1 1 9 12 1 1 100 1 11 12 1 1 10 12 1 1 10 12 1 8 1 8 1 10 7 12 1 1 1 9 7 12 1 1 1 10 12 1 1 1 1 1 1 1 1 1 1 1 1 1 100 1 100 1 1 100 1 1 1 1 1 1 1 1 100 1 100 1 1 1 1 1 1 1
staticfield java/util/PropertyResourceBundle encoding Ljava/lang/String; ""
ciInstanceKlass java/util/concurrent/Future 1 1 100 11 100 12 1 1 1 100 1 8 1 10 12 1 1 11 12 1 1 10 100 12 1 1 1 10 12 1 1 100 1 100 1 8 1 100 1 8 1 11 12 1 8 1 10 12 1 1 9 100 12 1 1 1 9 12 1 9 12 1 9 12 1 100 1 1 1 1 1 1 1 100 1 1 1 1 1 1 1 1 1 1 1 1 1 1 1 1 1 100 1 1 1 1 1 1 1 1 1 1
ciInstanceKlass java/lang/invoke/BoundMethodHandle$Species_LLLLL 1 1 82 1 7 1 7 1 1 1 1 1 1 1 1 1 1 1 12 9 1 1 1 12 10 12 9 12 9 12 9 12 9 12 9 1 1 12 10 1 1 1 100 1 7 1 1 12 10 1 7 1 1 12 10 1 1 1 12 10 1 1 1 12 10 1 1 1 12 10 1 1 1 12 10 1 1 1 12 10 1 1 1 1
instanceKlass java/text/MessageFormat
instanceKlass java/text/DateFormat
instanceKlass java/text/NumberFormat
ciInstanceKlass java/text/Format 1 1 140 10 7 12 1 1 1 7 1 10 7 1 10 12 1 10 7 12 1 1 1 10 12 1 1 10 12 1 10 12 1 1 100 1 10 10 12 1 1 9 12 1 1 100 1 8 1 9 12 1 10 12 1 10 12 1 1 100 1 100 1 10 12 1 100 1 10 12 1 10 12 1 1 10 12 1 10 12 1 1 10 12 1 100 1 100 1 1 1 1 5 0 1 1 1 1 1 1 1 1 1 1 1 1 1 1 1 1 1 1 1 1 1 1 1 1 1 1 1 1 1 1 1 1 1 1 1 1 100 1 100 1 1 100 1 100 1 1 1 1
instanceKlass java/util/logging/LogManager$RootLogger
ciInstanceKlass java/util/logging/Logger 1 1 742 10 7 12 1 1 1 9 7 12 1 1 1 10 12 1 1 10 7 12 1 1 9 12 1 1 9 12 1 9 12 1 1 9 12 1 1 7 1 10 9 12 1 1 9 12 1 1 10 12 1 1 9 12 1 10 100 12 1 1 1 100 1 8 1 10 12 1 10 12 1 10 12 1 1 7 1 10 12 1 9 12 1 1 10 12 1 1 100 1 10 9 7 12 1 1 10 7 12 1 1 1 10 7 12 1 1 1 10 12 1 1 10 12 1 10 7 12 1 1 1 10 12 1 1 10 10 12 10 12 1 8 1 10 12 1 10 12 1 1 10 12 1 8 1 10 12 10 12 1 1 10 12 1 1 10 12 1 1 9 7 12 1 1 10 12 1 1 9 12 1 1 10 7 12 1 1 1 10 12 1 1 11 100 12 1 1 10 12 1 1 10 12 1 10 7 12 1 1 1 9 12 1 10 12 1 1 9 12 1 10 12 1 1 10 12 1 10 12 1 1 9 12 1 1 10 12 1 10 12 1 1 10 12 1 10 12 1 10 12 1 11 100 1 10 12 1 1 10 12 1 1 10 12 1 10 12 1 10 100 12 1 1 10 12 1 10 12 1 9 7 12 1 1 1 8 1 10 12 1 1 8 1 10 12 1 100 1 10 10 12 1 1 10 12 1 10 12 1 10 12 1 8 1 8 1 8 1 9 12 1 10 12 9 12 1 9 12 1 9 12 1 9 12 1 9 12 1 10 12 1 9 12 1 1 10 12 1 1 10 12 1 9 12 1 9 12 1 1 10 12 1 1 9 12 1 10 7 12 1 1 1 10 12 1 1 10 12 1 9 12 1 1 9 12 1 1 10 7 12 1 1 1 7 10 12 1 1 9 12 1 10 100 12 1 1 1 10 12 1 1 9 12 1 1 10 9 12 1 10 100 12 1 1 1 10 12 1 1 10 100 12 1 1 10 12 1 10 12 1 10 12 1 9 100 12 1 1 1 11 100 12 1 1 1 100 1 18 12 1 1 10 100 12 1 1 1 10 12 1 100 1 18 12 1 1 10 10 12 1 1 9 12 1 18 12 1 10 12 1 10 12 1 10 12 1 8 1 8 1 100 1 10 9 12 1 1 10 7 12 1 1 1 11 7 12 1 1 11 12 1 7 1 10 12 1 11 12 1 10 12 1 10 12 1 10 12 1 1 10 12 1 10 12 1 10 10 12 1 10 12 1 10 12 1 9 12 1 10 12 1 8 10 1 1 1 1 1 1 1 1 1 1 1 1 1 1 1 1 1 1 1 1 1 1 1 1 1 1 100 1 1 1 1 1 1 1 1 1 1 1 1 1 1 1 1 1 1 1 1 1 1 1 1 1 1 1 1 1 1 1 1 1 1 1 1 1 1 1 1 1 1 1 1 1 1 1 1 1 1 1 1 1 1 1 1 1 1 1 1 1 1 1 1 1 1 1 1 1 1 1 1 1 1 1 1 1 1 1 1 1 1 1 1 100 1 1 1 1 1 1 1 1 1 1 1 1 1 1 1 1 100 1 1 1 1 1 1 1 1 1 1 1 1 1 1 1 1 1 1 1 1 1 1 1 1 100 1 1 16 15 10 12 16 8 1 8 1 15 10 100 12 1 1 1 15 10 100 12 1 1 1 1 1 1 1 1 100 1 100 1 1
staticfield java/util/logging/Logger emptyHandlers [Ljava/util/logging/Handler; 0 [Ljava/util/logging/Handler;
staticfield java/util/logging/Logger offValue I 2147483647
staticfield java/util/logging/Logger SYSTEM_BUNDLE Ljava/util/logging/Logger$LoggerBundle; java/util/logging/Logger$LoggerBundle
staticfield java/util/logging/Logger NO_RESOURCE_BUNDLE Ljava/util/logging/Logger$LoggerBundle; java/util/logging/Logger$LoggerBundle
staticfield java/util/logging/Logger treeLock Ljava/lang/Object; java/lang/Object
staticfield java/util/logging/Logger global Ljava/util/logging/Logger; java/util/logging/Logger
ciInstanceKlass java/util/logging/Level 1 1 294 10 7 12 1 1 1 10 12 1 10 7 12 1 1 100 1 10 9 12 1 1 9 12 1 1 9 12 1 9 12 1 9 12 1 1 10 7 12 1 1 1 10 12 1 1 10 12 1 1 10 7 12 1 1 1 9 7 12 1 1 1 11 7 12 1 1 1 10 7 12 1 1 1 8 1 10 7 12 1 1 1 10 12 1 1 9 7 12 1 1 10 10 12 1 1 10 12 1 10 12 1 10 12 1 100 1 18 12 1 1 10 12 1 1 10 7 12 1 1 1 10 12 1 1 10 100 12 1 1 1 10 12 1 1 10 12 1 100 1 10 12 1 10 12 1 1 10 12 1 1 18 100 1 18 12 1 10 12 1 8 1 3 9 12 1 8 1 9 12 8 1 9 12 8 1 9 12 8 1 9 12 8 1 9 12 8 1 9 12 8 1 9 12 8 1 3 9 12 9 12 1 1 100 1 1 1 1 1 5 0 1 1 1 1 1 1 1 1 1 1 1 1 1 1 1 1 1 1 1 1 100 1 1 1 1 1 1 1 1 1 1 1 1 1 1 1 1 1 1 1 1 1 1 1 1 1 1 16 1 15 10 12 1 1 16 1 15 10 12 1 8 1 15 10 7 12 1 1 1 15 10 100 12 1 1 1 1 1 100 1 100 1 1
staticfield java/util/logging/Level OFF Ljava/util/logging/Level; java/util/logging/Level
staticfield java/util/logging/Level SEVERE Ljava/util/logging/Level; java/util/logging/Level
staticfield java/util/logging/Level WARNING Ljava/util/logging/Level; java/util/logging/Level
staticfield java/util/logging/Level INFO Ljava/util/logging/Level; java/util/logging/Level
staticfield java/util/logging/Level CONFIG Ljava/util/logging/Level; java/util/logging/Level
staticfield java/util/logging/Level FINE Ljava/util/logging/Level; java/util/logging/Level
staticfield java/util/logging/Level FINER Ljava/util/logging/Level; java/util/logging/Level
staticfield java/util/logging/Level FINEST Ljava/util/logging/Level; java/util/logging/Level
staticfield java/util/logging/Level ALL Ljava/util/logging/Level; java/util/logging/Level
staticfield java/util/logging/Level standardLevels [Ljava/util/logging/Level; 9 [Ljava/util/logging/Level;
ciInstanceKlass java/lang/invoke/DirectMethodHandle$Interface 1 1 128 10 7 12 1 1 1 9 7 12 1 1 1 10 7 12 1 1 1 100 1 10 12 1 9 12 1 1 9 12 1 1 9 12 1 10 12 1 10 12 1 1 10 12 1 9 12 1 1 10 12 1 1 8 1 100 1 10 12 1 1 10 12 1 1 10 100 12 1 1 1 100 1 10 12 1 8 1 100 1 10 10 12 1 1 10 12 1 1 1 1 1 1 1 1 1 1 1 1 100 1 100 1 100 1 1 1 1 1 1 1 1 1 1 1 1 1 1 1 1 1 1 1 1 1 1 1 1
staticfield java/lang/invoke/DirectMethodHandle$Interface $assertionsDisabled Z 1
instanceKlass it/unimi/dsi/fastutil/objects/AbstractObject2ObjectMap
ciInstanceKlass it/unimi/dsi/fastutil/objects/AbstractObject2ObjectFunction 1 1 50 10 7 12 1 1 1 9 100 12 1 1 1 100 1 100 1 1 1 1 5 0 1 1 1 1 1 1 1 1 1 1 1 1 1 1 1 1 1 1 1 100 1 8 1 1 12 10 1 1
ciInstanceKlass it/unimi/dsi/fastutil/Hash 1 0 297 3 3 3 3 3 3 3 3 3 3 3 3 3 3 3 3 3 3 3 3 3 3 3 3 3 3 3 3 3 3 3 3 3 3 3 3 3 3 3 3 3 3 3 3 3 3 3 3 3 3 3 3 3 3 3 3 3 3 3 3 3 3 3 3 3 3 3 3 3 3 3 3 3 3 3 3 3 3 3 3 3 3 3 3 3 3 3 3 3 3 3 3 3 3 3 3 3 3 3 3 3 3 3 3 3 3 3 3 3 3 3 3 3 3 3 3 3 3 3 3 3 3 3 3 3 3 3 3 3 3 3 3 3 3 3 3 3 3 3 3 3 3 3 3 3 3 3 3 3 3 3 3 3 3 3 3 3 3 3 3 3 3 3 3 3 3 3 3 3 3 3 3 3 3 3 3 3 3 3 3 3 3 3 3 3 3 3 3 3 3 3 3 3 3 3 3 3 3 3 3 3 3 3 3 3 3 3 3 3 3 3 3 3 3 3 3 3 3 3 3 3 3 3 3 3 3 3 3 3 3 3 3 3 3 3 3 3 3 3 3 3 3 3 3 3 3 3 3 3 3 3 3 3 3 3 3 9 100 12 1 1 1 100 1 1 1 1 3 1 1 4 1 4 1 4 1 1 1 1 1 1 3 1 3 1 3 1 1 1 1 1 1 1 100 1 1
ciInstanceKlass it/unimi/dsi/fastutil/Function 1 1 53 11 100 12 1 1 1 100 1 10 12 1 1 11 12 1 1 100 1 100 1 1 1 1 1 1 1 1 1 1 1 1 1 1 1 1 1 1 1 1 1 1 1 1 1 1 1 1 1 1 1 1 1
ciInstanceKlass it/unimi/dsi/fastutil/objects/Object2ObjectFunction 1 1 407 100 1 10 12 1 1 11 100 12 1 1 1 11 12 1 1 11 12 1 1 18 12 1 1 18 12 1 18 12 1 1 18 12 1 18 12 1 1 18 12 1 18 12 1 1 18 12 1 18 12 1 1 18 12 1 18 12 1 1 18 12 1 18 12 1 1 18 12 1 18 12 1 18 18 12 1 18 12 1 11 100 1 11 100 1 11 100 12 1 1 11 100 12 1 1 11 100 12 1 1 11 100 12 1 1 11 100 12 1 1 11 100 12 1 1 11 100 12 1 1 11 100 12 1 1 11 100 12 1 1 11 100 12 1 1 11 100 12 1 1 11 100 12 1 1 11 100 12 1 1 11 100 12 1 1 100 1 100 1 1 1 1 1 1 1 1 1 1 1 1 1 1 1 1 1 1 1 1 1 1 1 1 1 1 1 1 1 1 1 1 1 1 1 1 1 1 1 1 1 1 1 1 1 1 1 1 1 1 1 1 1 1 1 1 1 1 1 1 1 1 1 1 1 1 1 1 1 1 1 1 1 1 1 1 1 1 1 1 1 1 1 1 1 1 1 1 1 1 1 1 1 1 1 1 1 1 1 1 1 1 1 1 1 1 1 1 1 1 1 1 1 1 1 1 1 1 1 1 1 1 1 1 1 1 1 1 1 1 1 1 1 1 1 1 1 1 1 1 1 1 1 1 1 1 1 1 1 1 1 1 1 1 1 1 1 1 1 1 1 1 1 1 1 1 16 15 11 12 16 15 11 12 16 15 11 12 16 15 11 12 16 15 11 12 16 15 11 12 16 15 11 12 16 15 11 12 16 15 11 12 16 15 11 12 16 15 11 12 16 15 11 12 16 15 11 12 16 15 11 12 16 15 11 12 15 11 12 15 11 12 15 11 12 15 10 100 12 1 1 1 1 100 1 100 1 1
ciInstanceKlass it/unimi/dsi/fastutil/objects/Object2ObjectMap 1 1 225 100 1 10 12 1 1 11 100 12 1 1 1 11 100 12 1 1 1 11 12 1 1 18 12 1 1 100 1 11 12 1 1 11 100 12 1 1 11 12 1 11 12 1 1 11 12 1 1 11 10 100 12 1 1 1 11 10 12 1 11 11 11 12 1 1 11 100 12 1 1 11 12 1 11 12 1 1 11 12 1 11 100 12 1 1 11 12 1 11 100 12 1 1 100 1 100 1 1 1 1 1 1 1 1 1 1 1 1 1 1 1 1 1 1 1 1 1 1 1 1 1 1 1 1 1 1 1 1 1 1 1 1 100 1 1 1 1 1 1 1 1 1 1 1 1 1 1 1 1 1 1 1 1 1 1 1 1 1 1 1 1 1 1 1 1 1 1 1 1 1 1 1 1 1 1 1 1 1 1 16 15 11 12 16 1 15 10 100 12 1 1 1 1 1 1 100 1 100 1 100 1 1 1 100 1 8 1 1 12 10 1 1 1 8 1 1 1 8 1 1 1 8 1 1
instanceKlass it/unimi/dsi/fastutil/objects/Object2ObjectOpenHashMap
ciInstanceKlass it/unimi/dsi/fastutil/objects/AbstractObject2ObjectMap 1 1 203 10 7 12 1 1 1 10 100 12 1 1 1 11 100 12 1 1 1 11 100 12 1 1 1 11 12 1 1 100 1 11 12 1 11 12 1 10 12 1 1 100 1 10 12 1 100 1 10 100 1 10 100 12 1 1 1 10 12 1 1 11 100 1 11 12 1 1 11 100 12 1 1 11 100 1 100 1 11 11 11 12 1 11 12 1 1 100 1 10 8 1 10 12 1 1 8 1 8 1 10 100 12 1 1 1 8 1 8 1 10 12 1 1 10 12 1 1 10 12 1 100 1 1 1 1 5 0 1 1 1 1 1 1 1 1 1 1 1 1 1 1 1 1 1 1 1 1 1 1 1 1 1 1 1 1 1 1 1 1 1 1 1 1 1 1 1 1 1 1 1 1 1 1 1 1 1 1 1 100 1 1 100 1 1 1 100 1 8 1 1 12 10 1 1 1 8 1 1 1 8 1 1
ciInstanceKlass it/unimi/dsi/fastutil/objects/Object2ObjectOpenHashMap 1 1 455 7 1 10 12 1 1 10 12 1 1 10 12 1 1 10 7 12 1 1 1 100 1 8 1 10 12 1 8 1 9 12 1 1 10 7 12 1 1 1 9 12 1 1 9 12 1 9 12 1 10 12 1 9 12 7 1 9 12 1 1 9 12 1 100 1 4 10 12 1 11 100 12 1 1 10 12 1 1 10 12 1 11 100 1 10 12 1 100 1 10 8 1 10 12 1 1 10 12 1 8 1 8 1 10 12 1 1 10 12 1 1 10 12 1 9 12 1 1 9 12 10 12 1 1 5 0 5 0 10 7 12 1 1 1 10 12 1 1 10 12 1 1 10 12 1 10 12 1 6 0 10 12 1 10 10 12 1 1 10 10 12 1 10 12 1 1 10 12 1 1 10 12 1 1 10 12 1 1 9 12 1 1 10 100 12 1 1 10 12 1 1 11 100 12 1 1 11 12 1 11 100 12 1 1 10 100 12 1 1 1 9 12 1 1 100 1 10 12 1 9 12 1 1 100 1 10 9 12 1 1 100 1 10 12 1 10 12 1 1 10 12 100 1 10 12 1 100 1 100 1 10 10 100 100 1 10 10 100 12 1 1 10 12 1 10 12 1 1 10 100 12 1 1 10 12 1 10 12 1 1 10 12 1 10 12 1 1 10 12 1 100 1 100 1 1 1 1 5 0 1 3 1 1 1 1 1 1 1 1 1 1 1 1 1 1 1 1 1 1 1 1 1 1 1 1 1 1 1 1 1 1 1 1 1 1 1 1 1 1 1 1 1 1 1 1 1 1 1 1 1 1 1 1 1 1 1 1 1 1 1 1 1 1 1 1 1 1 1 1 1 1 1 1 1 1 1 1 1 1 1 1 1 1 1 1 1 1 1 1 1 1 1 1 1 1 1 1 1 1 1 100 1 1 1 100 1 1 1 1 1 1 1 1 1 1 1 1 1 1 1 1 100 1 1 1 1 1 100 1 1 100 1 1 100 1 1 100 1 1 100 1 1 100 1 1 100 1 1 100 1 1 100 1 1
ciInstanceKlass it/unimi/dsi/fastutil/HashCommon 1 1 133 10 100 12 1 1 1 3 3 5 0 5 0 7 1 3 3 5 0 5 0 10 100 12 1 1 1 10 100 12 1 1 1 10 7 12 1 1 1 10 7 12 1 1 10 7 12 1 1 1 10 12 1 1 10 12 1 5 0 10 12 1 1 10 12 1 5 0 100 1 100 1 10 8 1 10 12 1 1 10 12 1 8 1 10 12 1 8 1 10 12 1 1 10 12 1 1 1 1 1 1 1 1 1 1 1 1 1 1 1 1 1 1 1 1 1 1 1 1 1 1 1 1 1 1 1 1 1 1 1 1 1 1
ciInstanceKlass java/util/concurrent/CancellationException 1 1 26 10 7 12 1 1 1 10 12 1 100 1 1 1 1 5 0 1 1 1 1 1 1 1 1 1
ciInstanceKlass java/util/function/ToIntFunction 1 0 14 100 1 100 1 1 1 1 1 1 1 1 1 1
ciInstanceKlass org/languagetool/tools/StringInterner 1 1 40 10 100 12 1 1 1 9 7 12 1 1 1 11 7 12 1 1 1 7 1 10 7 12 1 1 1 1 1 1 1 1 1 1 1 1 1 1 1 1
staticfield org/languagetool/tools/StringInterner interner Lcom/google/common/collect/Interner; com/google/common/collect/Interners$InternerImpl
ciInstanceKlass  @bci com/vladsch/flexmark/util/sequence/Escaping <clinit> ()V 23 <appendix> argL2 form vmentry <vmtarget> ; 1 1 43 1 7 1 100 1 1 1 1 1 1 1 7 1 1 12 9 1 12 9 1 7 1 12 10 1 1 1 1 1 7 1 1 12 10 1 7 12 9 1 1 1 1
staticfield  @bci com/vladsch/flexmark/util/sequence/Escaping <clinit> ()V 23 <appendix> argL2 form vmentry <vmtarget> ; _D_0 Ljava/lang/invoke/LambdaForm; java/lang/invoke/LambdaForm
ciInstanceKlass  @bci com/vladsch/flexmark/util/sequence/Escaping <clinit> ()V 23 <appendix> argL3 form vmentry <vmtarget> ; 1 1 45 1 7 1 100 1 1 1 1 1 1 1 7 1 1 12 9 1 1 12 9 1 7 1 1 12 10 1 1 1 1 1 7 1 1 12 10 1 7 12 9 1 1 1 1
staticfield  @bci com/vladsch/flexmark/util/sequence/Escaping <clinit> ()V 23 <appendix> argL3 form vmentry <vmtarget> ; _D_0 Ljava/lang/invoke/LambdaForm; java/lang/invoke/LambdaForm
ciInstanceKlass  @bci org/bsplines/ltexls/parsing/latex/LatexAnnotatedTextBuilderDefaults <clinit> ()V 16727 <appendix> form vmentry <vmtarget> ; 1 1 65 1 7 1 100 1 1 1 1 1 1 1 7 1 1 12 9 1 7 1 1 12 10 1 12 9 1 12 10 1 12 9 1 12 10 1 12 9 1 12 10 1 12 9 1 12 10 1 1 1 1 1 7 1 1 12 10 1 7 12 9 1 1 1 1
staticfield  @bci org/bsplines/ltexls/parsing/latex/LatexAnnotatedTextBuilderDefaults <clinit> ()V 16727 <appendix> form vmentry <vmtarget> ; _D_0 Ljava/lang/invoke/LambdaForm; java/lang/invoke/LambdaForm
ciInstanceKlass org/languagetool/AnalyzedTokenReadings 1 1 561 100 1 10 7 12 1 1 1 10 7 12 1 1 1 10 7 12 1 1 1 10 7 12 1 1 10 12 1 1 9 12 1 1 9 12 1 1 8 1 9 12 1 1 7 1 11 7 12 1 1 1 7 1 9 12 1 9 12 1 1 10 12 1 1 9 12 1 10 7 12 1 1 1 9 12 10 12 1 1 9 12 8 1 10 7 12 1 1 1 8 1 8 1 8 1 9 12 1 8 1 10 12 1 9 12 1 8 1 10 12 1 9 12 1 8 1 9 12 1 11 12 1 1 11 12 1 1 9 12 1 10 12 1 10 12 1 9 12 1 9 12 1 10 12 1 10 12 1 10 12 1 10 12 1 10 12 1 10 12 1 10 12 1 1 10 12 1 10 12 1 1 10 12 1 10 12 1 10 12 1 1 10 12 1 10 12 1 10 12 10 12 1 10 12 1 10 12 1 10 12 1 10 12 1 1 10 12 1 10 12 1 1 10 12 1 10 12 1 10 7 12 1 1 1 10 12 1 1 10 12 1 1 10 7 12 1 1 11 12 1 1 11 100 12 1 1 11 12 1 1 100 1 10 12 1 7 1 11 12 1 1 10 12 1 11 12 1 10 12 1 10 12 1 10 10 12 1 10 12 1 11 12 1 10 10 12 1 1 8 1 10 12 1 1 8 1 8 1 9 12 1 10 9 12 9 12 1 9 12 1 1 11 7 12 1 1 18 12 1 1 11 12 1 9 12 10 12 10 12 1 10 7 12 1 1 10 12 1 1 18 12 1 10 7 12 1 1 1 7 1 10 10 12 1 1 10 12 1 10 12 1 10 10 12 1 1 8 1 10 7 12 1 1 1 8 1 10 10 12 1 9 12 1 1 10 12 1 1 10 100 12 1 1 10 100 12 1 1 10 12 1 10 12 1 1 100 1 10 10 12 1 10 12 1 10 12 1 10 12 1 10 12 1 7 1 10 12 7 1 10 12 1 9 12 1 10 7 12 1 1 1 8 1 100 1 1 1 1 1 1 1 1 1 1 1 1 1 1 1 1 1 1 1 1 1 1 1 1 1 1 1 1 1 1 1 1 1 1 1 1 1 100 1 1 1 1 1 1 1 1 1 1 1 1 1 1 1 1 1 1 1 1 1 1 1 1 1 1 1 1 1 1 1 1 1 1 1 1 1 1 1 1 1 1 1 1 1 1 1 1 1 1 1 1 1 1 1 1 1 1 1 1 1 1 15 10 100 12 1 1 8 1 8 1 1 100 1 100 1 1
staticfield org/languagetool/AnalyzedTokenReadings logger Lorg/slf4j/Logger; org/slf4j/helpers/NOPLogger
staticfield org/languagetool/AnalyzedTokenReadings NON_WORD_REGEX Ljava/util/regex/Pattern; java/util/regex/Pattern
ciInstanceKlass org/languagetool/AnalyzedToken 1 1 137 10 7 12 1 1 1 8 1 10 7 12 1 1 1 7 1 10 7 12 1 1 1 9 7 12 1 1 1 10 12 1 1 9 12 1 9 12 1 9 12 1 100 1 8 1 10 12 1 1 8 1 9 12 1 1 9 12 1 10 10 12 1 10 12 1 1 10 12 1 10 12 1 18 12 1 1 10 7 12 1 1 1 10 12 1 1 10 12 1 1 10 12 1 1 1 1 1 1 1 1 1 1 1 1 1 1 1 1 1 1 1 1 1 1 1 1 1 1 1 1 1 1 15 10 7 12 1 1 8 1 1 100 1 100 1 1
ciInstanceKlass org/bsplines/ltexls/tools/Logging 1 1 98 1 7 1 7 1 1 12 10 1 1 1 1 1 1 1 12 9 1 1 1 8 1 7 1 1 12 10 1 7 1 12 10 1 1 12 9 1 7 10 1 1 10 1 12 9 1 8 1 1 12 10 1 8 1 12 10 10 1 1 12 10 1 7 1 1 12 10 1 7 1 12 9 8 12 10 1 1 3 3 3 1 3 1 3 1 1 1 1 1 1 1 1 1 1 1 1 1
staticfield org/bsplines/ltexls/tools/Logging INSTANCE Lorg/bsplines/ltexls/tools/Logging; org/bsplines/ltexls/tools/Logging
staticfield org/bsplines/ltexls/tools/Logging LOGGER Ljava/util/logging/Logger; java/util/logging/Logger
staticfield org/bsplines/ltexls/tools/Logging LOGGER_CONSOLE_HANDLER Ljava/util/logging/ConsoleHandler; java/util/logging/ConsoleHandler
ciInstanceKlass java/lang/invoke/BoundMethodHandle$Species_LJ 1 1 74 1 7 1 7 1 1 1 1 1 1 1 1 1 12 9 1 1 1 12 10 12 9 12 9 1 1 12 10 1 1 1 100 1 100 1 1 12 10 1 100 1 1 12 10 1 1 1 12 10 1 1 1 12 10 1 1 1 12 10 1 1 1 12 10 1 1 1 12 10 1 1 1 1
ciInstanceKlass java/util/concurrent/CompletionStage 1 1 198 18 12 1 1 11 100 12 1 1 1 11 100 12 1 1 1 11 12 1 1 18 12 1 18 18 18 18 12 1 11 12 1 1 11 12 1 18 11 12 18 18 100 1 1 1 1 1 1 1 1 1 1 1 1 1 1 1 1 1 1 1 1 1 1 1 1 1 1 1 1 1 1 1 1 1 1 1 1 1 1 1 1 1 1 1 1 1 1 1 1 1 1 1 1 1 1 1 1 1 1 1 1 1 1 1 1 1 1 1 1 1 1 1 1 1 1 1 1 1 1 1 1 1 1 1 1 1 1 1 1 1 1 1 1 1 1 1 1 1 1 1 1 1 1 1 1 1 1 1 1 1 16 1 15 11 12 16 1 15 11 12 15 11 12 15 11 12 15 11 12 15 11 12 15 11 12 15 11 12 16 1 15 11 12 15 10 100 12 1 1 1 1 100 1 100 1 1
instanceKlass org/eclipse/lsp4j/jsonrpc/RemoteEndpoint$1
ciInstanceKlass java/util/concurrent/CompletableFuture 1 1 1096 9 7 12 1 1 1 10 7 12 1 1 1 9 12 1 1 9 12 1 10 12 1 1 9 12 1 10 12 1 10 12 1 1 9 12 1 1 10 12 1 7 1 7 1 10 12 1 1 10 10 12 1 1 9 12 1 1 10 12 1 10 12 1 1 100 1 10 12 1 7 1 10 100 12 1 1 1 100 1 10 9 12 1 1 10 7 12 1 1 1 9 12 1 1 100 1 10 9 7 12 1 1 10 12 1 1 10 12 1 10 12 1 1 10 12 1 1 10 12 1 10 12 1 9 12 1 1 10 12 1 10 12 1 10 12 1 10 12 1 1 10 12 1 1 7 1 10 12 1 10 12 1 11 100 12 1 1 1 11 7 12 1 1 10 12 1 10 12 1 1 7 1 10 12 1 11 7 12 1 1 1 10 12 1 1 100 1 10 12 1 11 100 12 1 1 10 100 12 1 1 11 100 12 1 1 10 12 1 1 10 12 1 10 12 1 1 10 12 1 10 12 1 1 10 100 1 11 100 12 1 1 10 12 1 10 12 1 10 12 1 10 12 1 1 10 7 1 10 10 12 1 1 100 1 10 100 1 11 12 1 100 1 10 12 1 100 1 10 12 10 100 1 10 100 1 10 12 1 10 100 1 10 12 1 1 10 100 1 10 12 1 10 12 1 1 10 12 1 1 10 100 1 10 12 1 10 12 1 10 12 1 1 10 100 1 10 12 1 10 12 1 1 10 10 12 1 1 100 1 10 12 1 10 12 1 100 1 10 12 1 10 12 1 100 1 10 12 1 100 1 10 100 1 10 12 1 100 1 10 12 1 10 7 12 1 1 7 1 10 12 1 10 12 1 1 7 1 10 12 1 1 10 12 1 1 9 12 9 12 1 1 10 12 1 1 10 12 1 10 100 12 1 1 1 9 12 1 1 100 1 10 10 7 1 10 12 1 1 10 12 1 1 10 12 1 1 10 12 1 1 10 10 12 1 1 10 12 1 10 100 12 1 1 1 10 12 1 1 10 12 1 100 1 10 10 12 1 1 10 12 1 1 10 12 1 10 12 1 1 10 12 1 1 10 12 1 1 10 12 1 1 10 12 1 1 10 12 1 10 12 1 10 12 1 1 10 12 1 1 10 12 1 10 12 1 10 12 1 1 10 100 12 1 1 1 100 1 10 12 1 10 10 12 1 9 100 12 1 1 1 9 12 1 9 12 1 9 12 1 100 1 10 10 12 1 1 10 12 1 1 8 1 8 1 10 12 1 8 1 10 8 1 10 12 1 8 1 8 1 10 12 1 1 10 12 1 1 100 1 100 1 10 12 1 10 100 12 1 1 1 10 12 1 10 12 1 1 100 1 10 12 100 1 10 12 1 10 12 1 1 10 12 1 10 12 1 10 12 1 10 12 10 12 1 10 12 1 1 10 12 10 12 1 1 10 12 1 10 12 1 10 12 1 10 12 10 12 1 10 12 1 1 10 12 1 10 12 1 10 12 1 1 10 12 1 10 12 1 10 12 1 1 10 12 1 10 12 1 10 12 1 10 12 10 12 1 10 12 1 1 10 12 1 10 12 1 10 12 1 1 10 12 1 10 12 1 10 12 1 1 10 12 1 10 12 1 10 12 1 1 10 12 1 10 12 1 10 12 1 10 12 10 12 1 10 12 1 1 100 1 10 10 7 12 1 1 1 8 10 7 12 1 1 1 8 8 100 1 100 1 10 7 1 100 1 1 1 1 3 1 3 1 3 1 1 1 1 1 1 1 1 1 1 1 1 1 1 1 1 1 1 1 1 1 1 1 1 1 1 1 1 1 1 1 1 1 1 1 1 1 1 1 1 1 1 1 1 1 1 1 1 1 1 1 1 1 1 1 1 1 1 1 1 1 1 1 1 1 1 1 1 1 1 1 1 1 1 1 1 1 1 1 1 1 1 1 1 1 1 1 1 1 1 1 1 1 1 1 1 1 1 1 1 1 1 1 1 1 1 1 1 1 1 1 1 1 1 1 1 1 1 1 1 1 1 1 1 1 1 1 1 1 1 1 1 1 1 1 1 1 1 1 1 1 1 1 1 1 1 1 1 1 1 1 1 1 1 1 1 1 1 1 1 1 1 1 1 1 1 1 1 1 1 1 1 1 1 1 1 1 1 1 1 1 1 1 1 1 1 1 1 1 1 1 1 1 1 1 1 1 1 1 1 1 1 1 1 1 1 1 1 1 1 1 1 1 1 1 1 100 1 1 1 1 1 1 1 1 1 1 1 1 1 1 1 1 1 1 1 1 1 1 1 1 1 1 1 1 1 1 1 1 1 1 1 1 1 1 1 1 1 1 1 1 1 1 1 1 1 1 1 1 1 1 1 1 100 1 100 1 100 1 100 1 1 1 1 1 1 1 1 1 1 1 1 1 1 1 1 1 1 1 1 1 1 1 1 1 1 100 1 1 1 1 1 1 1 1 1 1 1 1 1 1 1
staticfield java/util/concurrent/CompletableFuture NIL Ljava/util/concurrent/CompletableFuture$AltResult; java/util/concurrent/CompletableFuture$AltResult
staticfield java/util/concurrent/CompletableFuture USE_COMMON_POOL Z 1
staticfield java/util/concurrent/CompletableFuture ASYNC_POOL Ljava/util/concurrent/Executor; java/util/concurrent/ForkJoinPool
staticfield java/util/concurrent/CompletableFuture RESULT Ljava/lang/invoke/VarHandle; java/lang/invoke/VarHandleReferences$FieldInstanceReadWrite
staticfield java/util/concurrent/CompletableFuture STACK Ljava/lang/invoke/VarHandle; java/lang/invoke/VarHandleReferences$FieldInstanceReadWrite
staticfield java/util/concurrent/CompletableFuture NEXT Ljava/lang/invoke/VarHandle; java/lang/invoke/VarHandleReferences$FieldInstanceReadWrite
ciInstanceKlass java/text/MessageFormat 1 1 644 10 7 12 1 1 1 8 1 9 7 12 1 1 1 9 12 1 1 9 12 1 1 9 12 1 9 12 1 1 9 7 12 1 1 1 10 7 12 1 1 1 9 12 1 1 10 12 1 1 7 1 10 10 7 12 1 1 1 10 12 1 1 10 12 1 1 10 12 1 1 10 100 1 8 1 10 12 10 12 1 1 10 12 1 1 10 12 1 100 1 10 12 1 1 10 100 12 1 1 1 8 1 10 12 1 10 12 1 8 1 10 12 1 8 1 10 12 1 8 1 100 1 8 1 10 12 1 100 1 8 1 10 100 1 9 12 1 10 12 1 1 8 1 10 12 1 8 1 100 1 8 1 10 9 12 1 1 100 1 10 12 1 10 100 12 1 1 1 10 12 1 1 10 10 12 1 1 7 1 7 1 10 100 1 10 100 1 8 1 10 10 12 1 10 12 1 1 100 1 10 12 1 1 100 1 10 12 1 9 100 12 1 1 10 10 12 1 1 9 12 1 10 12 1 1 10 12 1 1 8 1 8 1 10 10 12 1 1 10 12 1 1 100 1 8 1 10 12 1 10 12 1 1 10 100 10 100 10 12 1 1 10 10 100 12 1 1 10 12 1 10 12 1 10 10 12 1 10 12 1 10 12 1 8 1 10 10 12 1 10 12 1 7 1 7 1 10 12 1 1 10 10 12 1 11 100 12 1 1 10 12 1 1 10 12 1 9 7 12 1 1 1 10 7 12 1 1 1 10 12 1 10 12 1 1 10 12 1 10 12 1 10 7 12 1 1 1 10 10 12 1 10 12 1 11 100 12 1 1 1 3 11 12 1 10 12 1 1 100 1 8 1 10 12 1 8 1 8 1 9 12 1 10 12 1 1 9 12 1 10 100 12 1 1 10 12 1 10 10 100 1 8 1 8 1 10 12 1 9 12 1 10 12 1 1 8 1 10 100 12 1 1 1 8 10 100 12 1 1 1 8 8 8 8 8 100 1 8 1 10 10 12 1 1 10 12 8 1 8 1 8 1 8 1 8 1 8 1 8 1 8 1 8 1 8 1 8 1 8 1 8 1 1 1 1 5 0 1 3 1 3 1 3 1 3 1 3 1 3 1 1 1 1 1 3 1 1 1 1 1 1 1 1 1 1 1 1 1 1 1 1 1 1 1 1 1 1 1 1 1 1 1 1 100 1 1 1 1 1 1 1 1 1 1 1 1 1 1 1 1 1 1 1 1 1 1 1 1 1 1 1 1 1 1 1 1 1 1 1 1 1 1 1 1 1 1 1 1 1 1 1 1 1 1 1 1 1 1 1 1 1 1 1 1 1 1 1 1 1 1 1 1 1 1 1 1 1 1 1 1 1 1 1 100 1 1 1 1 1 1 1 1 1 1 1 1 1 1 1 1 1 1 1 100 1 100 1 1 100 1 1 1 1 1 1 1 1 100 1 1 100 1 1
staticfield java/text/MessageFormat TYPE_KEYWORDS [Ljava/lang/String; 5 [Ljava/lang/String;
staticfield java/text/MessageFormat NUMBER_MODIFIER_KEYWORDS [Ljava/lang/String; 4 [Ljava/lang/String;
staticfield java/text/MessageFormat DATE_TIME_MODIFIER_KEYWORDS [Ljava/lang/String; 5 [Ljava/lang/String;
staticfield java/text/MessageFormat DATE_TIME_MODIFIERS [I 5
ciInstanceKlass java/util/concurrent/CompletableFuture$AltResult 1 1 27 10 7 12 1 1 1 9 7 12 1 1 1 1 1 1 1 1 1 1 1 1 1 100 1 1 1
ciInstanceKlass it/unimi/dsi/fastutil/objects/Object2IntFunction 1 1 460 11 7 12 1 1 1 100 1 10 12 1 1 11 12 1 1 11 12 1 1 10 7 12 1 1 11 12 1 1 10 12 1 1 11 12 1 11 100 12 1 1 1 18 12 1 1 18 12 1 1 18 12 1 1 18 12 1 18 12 1 18 12 1 18 12 1 1 18 12 1 18 12 1 1 18 12 1 18 12 1 1 18 12 1 18 12 1 1 18 12 1 18 12 1 18 12 1 18 12 1 18 12 1 11 12 1 1 11 12 1 1 11 12 11 12 11 100 12 1 1 11 100 12 1 1 11 100 1 11 100 1 11 100 12 1 1 11 100 12 1 1 11 100 12 1 1 11 100 12 1 1 11 100 12 1 1 11 100 12 1 1 11 100 12 1 1 11 100 12 1 1 11 100 12 1 1 11 100 12 1 1 11 100 12 1 1 11 100 12 1 1 11 100 12 1 1 100 1 100 1 1 1 1 1 1 1 1 1 1 1 1 1 1 1 1 1 1 1 1 1 1 1 1 1 1 1 1 1 1 1 1 1 1 1 1 1 1 1 1 1 1 1 1 1 1 1 1 1 1 1 1 1 1 1 1 1 1 1 1 1 1 1 1 1 1 1 1 1 1 1 1 1 1 1 1 1 1 1 1 1 1 1 1 1 1 1 1 1 1 1 1 1 1 1 1 1 1 1 1 1 1 1 1 1 1 1 1 1 1 1 1 1 1 1 1 1 1 1 1 1 1 1 1 1 1 1 1 1 1 1 1 1 1 1 1 1 1 1 1 1 1 1 1 1 1 1 1 1 1 1 1 1 1 1 1 1 1 1 1 1 1 1 1 1 1 16 1 15 11 12 16 1 15 11 12 16 1 15 11 12 16 1 15 11 12 16 15 11 12 16 15 11 12 16 1 15 11 12 16 1 15 11 12 16 1 15 11 12 16 1 15 11 12 16 1 15 11 12 16 1 15 11 12 16 1 15 11 12 16 1 15 11 12 16 15 11 12 15 11 12 15 11 12 15 11 12 15 10 100 12 1 1 1 1 100 1 100 1 1
ciInstanceKlass it/unimi/dsi/fastutil/objects/Object2IntMap 1 1 301 100 1 10 12 1 1 11 7 12 1 1 1 11 7 12 1 1 1 11 12 1 1 11 12 1 7 1 10 12 1 1 11 12 1 1 18 12 1 1 100 1 11 12 1 1 11 100 12 1 1 11 12 1 1 11 12 1 11 12 1 1 11 100 12 1 1 1 11 12 1 11 12 1 10 100 12 1 1 1 11 100 12 1 1 11 12 1 1 11 11 11 12 1 10 12 1 1 11 100 12 1 1 11 100 12 1 1 11 12 1 1 11 12 1 1 11 12 1 11 12 1 11 12 1 1 11 12 11 12 1 11 11 12 11 11 11 12 1 11 12 11 12 1 11 12 11 12 1 11 12 1 1 11 12 1 11 100 12 1 1 1 11 12 1 11 100 12 1 1 100 1 1 1 1 1 1 1 1 1 1 1 1 1 1 1 1 1 1 1 1 1 1 1 1 1 1 1 1 1 1 1 1 1 1 100 1 1 1 1 1 1 1 1 1 1 1 1 1 1 1 1 1 1 1 1 1 1 1 1 1 1 1 1 1 1 1 1 1 1 1 1 1 1 1 1 1 1 1 1 1 1 1 1 1 1 1 1 1 16 1 15 11 12 16 1 15 10 100 12 1 1 1 1 1 1 100 1 100 1 100 1 1 1 100 1 8 1 1 12 10 1 1 1 8 1 1 1 8 1 1
instanceKlass it/unimi/dsi/fastutil/objects/AbstractObject2IntMap
ciInstanceKlass it/unimi/dsi/fastutil/objects/AbstractObject2IntFunction 1 1 47 10 7 12 1 1 1 9 7 12 1 1 1 100 1 100 1 1 1 1 5 0 1 1 1 1 1 1 1 1 1 1 1 1 1 1 1 1 100 1 8 1 1 12 10 1 1
instanceKlass it/unimi/dsi/fastutil/objects/Object2IntOpenHashMap
ciInstanceKlass it/unimi/dsi/fastutil/objects/AbstractObject2IntMap 1 1 224 10 7 12 1 1 1 10 100 12 1 1 1 11 100 12 1 1 1 11 100 12 1 1 1 11 12 1 1 100 1 11 12 1 11 12 1 1 10 12 1 10 12 1 1 100 1 10 12 1 100 1 10 100 1 10 100 12 1 1 1 10 12 1 1 11 100 1 11 12 1 1 11 100 12 1 1 11 100 1 100 1 11 11 12 1 100 1 10 12 1 11 12 1 11 12 1 1 100 1 10 8 1 10 12 1 1 8 1 8 1 10 100 12 1 1 1 8 1 10 12 1 8 1 10 12 1 1 10 12 1 1 10 12 1 100 1 1 1 1 5 0 1 1 1 1 1 1 1 1 1 1 1 1 1 1 1 1 1 1 1 1 1 1 1 1 1 1 1 1 1 1 1 1 1 1 1 1 1 1 1 1 1 1 1 1 1 1 1 1 1 1 1 1 1 1 1 1 1 1 100 1 1 100 1 1 1 100 1 8 1 1 12 10 1 1 1 8 1 1 1 8 1 1
ciInstanceKlass it/unimi/dsi/fastutil/objects/Object2IntOpenHashMap 1 1 479 7 1 10 12 1 1 10 12 1 1 10 12 1 10 7 12 1 1 1 100 1 8 1 10 12 1 8 1 9 12 1 1 10 7 12 1 1 1 9 12 1 1 9 12 1 9 12 1 10 12 1 9 12 7 1 9 12 1 1 9 12 1 1 100 1 4 10 12 1 11 100 12 1 1 10 12 1 1 10 12 1 11 100 1 10 12 1 100 1 10 8 1 10 12 1 1 10 12 1 8 1 8 1 10 12 1 1 10 12 1 1 10 12 1 9 12 1 1 9 12 10 12 1 1 5 0 5 0 10 7 12 1 1 1 10 12 1 1 10 12 1 1 10 12 1 10 12 1 6 0 10 12 1 10 10 12 1 1 10 10 12 1 10 12 1 10 12 1 1 10 12 1 1 10 12 1 1 9 12 1 10 12 1 1 10 100 12 1 1 1 11 100 12 1 1 11 100 12 1 1 11 12 1 10 100 12 1 1 1 11 100 12 1 1 1 10 12 1 10 100 12 1 1 1 9 12 1 1 100 1 10 12 1 9 12 1 1 100 1 10 9 12 1 1 100 1 10 12 1 10 12 1 1 10 12 100 1 10 12 1 1 100 1 100 1 10 10 100 10 100 100 1 10 10 100 12 1 1 10 12 1 10 12 1 1 10 12 1 10 100 12 1 1 10 12 1 10 12 1 10 12 1 1 10 12 1 10 12 1 1 10 12 1 100 1 100 1 1 1 1 5 0 1 3 1 1 1 1 1 1 1 1 1 1 1 1 1 1 1 1 1 1 1 1 1 1 1 1 1 1 1 1 1 1 1 1 1 1 1 1 1 1 1 1 1 1 1 1 1 1 1 1 1 1 1 1 1 1 1 1 1 1 1 1 1 1 1 1 1 1 1 1 1 1 1 1 1 1 1 1 1 1 1 1 1 1 1 1 1 1 1 1 1 1 1 1 1 1 1 1 1 1 1 1 1 100 1 1 1 100 1 1 1 1 1 1 1 1 1 1 1 1 1 1 1 100 1 1 1 1 1 100 1 1 100 1 1 100 1 1 100 1 1 100 1 1 100 1 1 100 1 1 100 1 1 100 1 1
instanceKlass org/bsplines/ltexls/server/LtexTextDocumentItem
ciInstanceKlass org/eclipse/lsp4j/TextDocumentItem 1 1 95 10 8 10 7 9 8 9 9 8 9 100 10 10 8 10 10 10 7 10 10 7 1 1 1 1 1 1 1 1 1 1 1 1 1 1 1 1 1 1 1 1 1 1 1 1 1 1 1 1 1 1 1 1 1 1 1 1 1 1 1 1 1 1 1 12 7 12 1 12 12 12 12 1 12 12 100 12 12 12 1 12 12 1 1 1 1 1 1 1 1 1 1 1 1
ciInstanceKlass org/bsplines/ltexls/server/LtexTextDocumentItem 1 1 687 1 7 1 7 1 1 1 1 8 1 7 1 1 12 10 1 8 1 8 1 8 1 12 10 1 12 9 1 7 1 1 12 10 1 8 1 12 10 1 1 12 9 1 7 1 12 10 1 7 1 1 12 9 1 1 12 10 1 1 1 1 1 1 1 1 1 1 1 1 12 9 1 1 1 1 1 1 8 1 1 1 1 12 9 1 1 1 1 12 9 1 1 1 1 12 9 1 1 1 1 8 1 1 12 10 1 8 1 12 10 1 8 1 1 12 10 1 12 10 1 8 12 10 1 1 12 11 1 7 1 1 12 10 1 1 12 11 1 7 1 12 10 1 1 12 10 1 1 1 1 12 10 1 1 12 10 1 1 12 9 1 1 1 12 10 1 7 10 10 1 1 7 1 7 1 1 1 8 1 12 10 1 12 10 10 1 12 11 1 1 12 11 1 7 1 12 10 1 1 1 1 1 1 1 1 7 1 7 1 1 12 10 1 12 10 1 1 12 10 1 1 12 10 1 1 1 1 1 8 1 1 12 11 1 7 1 12 11 1 1 12 11 1 7 1 1 12 10 1 1 1 8 1 1 12 10 10 1 7 1 12 10 1 8 12 10 1 12 10 1 8 1 1 12 10 1 8 1 12 10 1 8 1 100 1 1 12 10 15 1 12 18 1 1 12 10 1 1 1 1 1 1 12 10 1 100 11 6 0 1 1 1 1 1 1 1 12 10 1 1 1 12 10 1 1 12 10 1 7 1 1 12 10 1 1 12 10 1 12 10 1 7 10 1 12 10 1 7 1 1 12 11 1 7 1 7 1 7 1 12 10 1 7 1 12 10 1 12 10 1 1 1 1 1 1 1 1 1 7 1 1 12 10 1 1 12 10 1 12 10 1 7 1 1 12 10 1 7 1 1 12 10 10 1 1 1 1 1 12 10 1 7 1 7 1 1 12 9 10 1 8 1 1 12 10 1 1 1 1 1 1 1 1 1 12 10 1 1 12 10 1 1 12 10 1 12 10 1 12 10 1 12 10 1 12 10 1 7 10 1 1 12 10 1 8 1 8 1 8 1 12 10 1 12 10 1 7 1 1 12 10 1 7 1 12 10 1 1 12 11 1 7 12 10 1 7 10 1 7 1 12 9 1 8 1 1 12 10 1 12 10 1 12 10 1 7 1 12 10 1 1 12 10 1 7 1 12 10 1 1 12 11 1 7 10 1 12 10 1 8 1 12 10 1 7 1 1 12 10 12 10 1 1 12 11 1 8 1 12 10 1 12 11 1 1 12 10 1 8 12 10 1 7 1 1 12 10 1 7 1 1 12 9 1 7 1 1 12 10 1 7 1 1 12 10 1 1 12 10 1 7 1 12 10 1 7 10 1 1 1 1 1 1 1 1 1 1 1 1 1 1 1 1 1 100 1 7 1 12 11 1 7 1 12 9 1 1 12 10 1 8 1 7 1 12 10 1 12 9 1 8 1 7 10 1 1 1 1 1 1 3 3 3 1 3 1 3 1 1 1 1 1 1 1 1 1 1 1 1 1 1 1 1 1 1 1
ciInstanceKlass org/eclipse/lsp4j/jsonrpc/CancelChecker 1 1 23 11 100 100 100 1 1 1 1 1 1 1 1 1 1 1 1 1 1 12 1 1 1
ciInstanceKlass org/bsplines/ltexls/tools/I18n 1 1 239 1 7 1 7 1 1 12 10 1 1 1 1 100 1 7 1 1 12 10 1 8 1 7 1 1 12 10 1 1 12 10 1 1 12 9 8 1 1 1 1 8 1 12 10 1 7 1 1 12 9 1 1 12 10 1 8 1 1 12 10 1 1 12 10 1 7 1 1 12 10 1 8 1 7 1 1 12 10 1 1 12 9 1 1 1 1 1 8 1 8 1 1 12 10 1 1 12 10 1 1 12 10 1 100 10 1 8 1 1 12 10 1 8 1 8 1 8 1 8 1 8 1 8 1 7 1 1 12 10 1 8 1 12 10 1 7 1 8 12 10 1 8 1 7 1 1 12 10 1 12 10 10 1 8 1 12 10 1 8 1 1 1 1 1 1 1 1 1 1 1 100 100 1 8 1 8 1 12 10 1 8 1 1 100 10 1 8 1 12 10 1 8 1 100 1 100 1 12 10 1 100 1 1 12 10 10 1 1 1 10 12 9 12 10 1 1 1 3 3 3 1 3 1 3 1 1 1 1 1 1 1 1 1 1 1 1 1 1
staticfield org/bsplines/ltexls/tools/I18n INSTANCE Lorg/bsplines/ltexls/tools/I18n; org/bsplines/ltexls/tools/I18n
instanceKlass kotlin/text/StringsKt__StringsKt
ciInstanceKlass kotlin/text/StringsKt__StringsJVMKt 1 1 735 1 100 1 100 1 1 1 1 8 1 7 1 1 12 10 1 7 1 1 12 10 1 1 1 1 1 1 1 1 8 1 12 10 1 1 12 10 1 12 10 1 1 1 1 12 10 1 1 12 10 1 1 1 1 1 1 1 7 12 10 1 1 1 1 12 10 1 8 1 12 10 1 1 12 10 1 7 1 1 12 10 1 7 11 1 1 12 11 1 100 1 12 10 1 1 12 10 1 1 12 10 1 1 1 1 1 1 1 1 1 1 1 1 1 1 12 10 1 1 8 1 8 1 12 10 1 7 1 12 10 1 100 1 12 10 1 12 10 1 12 10 1 8 1 1 1 1 1 1 1 1 1 12 10 1 1 1 12 10 1 1 12 10 1 1 12 10 1 100 10 1 1 1 12 10 1 12 10 12 10 1 1 1 1 1 1 1 1 1 1 1 1 1 1 1 1 12 10 1 8 1 1 1 1 1 100 1 1 12 9 1 12 10 1 1 1 1 12 10 1 8 1 1 12 10 1 1 1 1 1 12 10 1 1 1 1 100 1 1 12 9 1 100 1 1 12 10 1 12 10 1 1 1 1 12 10 1 1 1 1 12 10 1 1 1 12 10 1 1 1 100 1 1 12 9 1 12 10 1 1 1 1 12 10 1 100 1 1 12 10 1 100 1 1 12 9 1 100 1 1 12 10 1 12 10 1 100 1 1 12 10 1 1 12 10 1 100 10 1 1 1 1 1 12 10 1 1 1 1 12 10 1 8 1 1 1 1 12 10 1 8 1 8 1 12 10 1 1 12 10 1 100 1 12 10 12 10 1 12 10 1 1 12 10 1 1 12 10 1 12 10 1 12 10 1 1 12 10 1 12 10 1 1 12 10 1 1 1 1 1 1 100 1 1 12 10 1 1 12 10 1 8 1 1 1 8 1 1 1 1 1 1 8 1 100 1 1 12 10 12 10 1 8 1 1 1 8 1 1 1 12 10 1 1 1 1 1 1 8 1 12 10 1 100 1 12 10 1 8 100 1 100 1 1 12 10 1 1 1 1 1 12 10 1 1 12 10 1 1 1 1 8 12 10 1 1 12 10 1 1 12 10 1 1 12 10 1 12 10 1 1 8 12 10 1 1 12 10 1 1 1 8 1 8 1 1 1 1 8 1 1 8 1 12 10 1 1 1 8 1 12 10 1 1 8 1 12 10 1 1 12 10 1 1 12 10 1 1 1 12 10 1 1 1 1 8 1 1 12 10 12 10 1 1 1 12 10 1 1 1 8 1 12 10 1 1 1 12 10 1 1 12 10 1 1 12 10 12 10 1 12 10 1 8 1 1 12 10 1 1 1 1 12 10 1 1 1 1 1 12 10 1 12 10 1 12 10 1 1 1 8 1 1 1 1 1 1 1 1 1 1 12 10 1 8 1 1 1 1 1 1 1 1 1 1 12 10 1 8 12 10 1 1 1 10 1 100 1 1 12 10 10 1 1 12 10 12 10 1 1 1 1 1 1 1 1 1 1 1 8 1 12 10 1 100 1 12 10 1 8 1 12 10 1 1 1 1 1 1 100 1 1 1 1 1 12 9 8 1 10 1 1 1 1 3 3 3 1 3 1 3 1 1 1 1 1 1 1 1 1 1 1 1 1 1 1 1 1 1 1 1 1 1 1
ciInstanceKlass kotlin/text/StringsKt 0 0 36 1 100 1 100 1 1 12 10 1 1 1 1 3 3 3 1 3 1 3 1 1 1 1 1 1 1 1 1 1 1 1 1 1 1 1
ciInstanceKlass org/bsplines/ltexls/parsing/AnnotatedTextFragment 1 1 208 1 7 1 7 1 1 1 1 8 1 7 1 1 12 10 1 8 1 8 1 12 10 1 12 9 1 12 9 1 12 9 1 1 1 1 1 1 1 1 1 1 1 1 12 9 1 7 1 1 12 10 1 8 1 12 10 1 12 9 1 1 12 9 1 7 1 1 12 10 1 1 12 10 1 7 1 12 10 1 8 1 100 1 1 12 9 1 1 12 10 1 100 1 12 9 1 8 1 100 1 1 12 10 1 1 12 10 1 100 1 1 12 10 1 8 1 1 1 1 1 1 1 1 1 1 1 1 1 12 9 1 1 1 1 12 9 1 1 12 10 1 8 1 7 1 1 12 10 1 8 1 7 1 1 12 10 1 8 1 1 12 10 1 8 1 8 1 1 12 10 1 8 1 7 10 1 1 1 1 1 1 1 1 1 1 1 3 3 3 1 3 1 3 1 1 1 1 1 1 1 1 1 1 1 1 1 1
staticfield org/bsplines/ltexls/parsing/AnnotatedTextFragment Companion Lorg/bsplines/ltexls/parsing/AnnotatedTextFragment$Companion; org/bsplines/ltexls/parsing/AnnotatedTextFragment$Companion
staticfield org/bsplines/ltexls/parsing/AnnotatedTextFragment ANNOTATED_TEXT_MAPPING_FIELD Ljava/lang/reflect/Field; java/lang/reflect/Field
staticfield org/bsplines/ltexls/parsing/AnnotatedTextFragment MAPPING_VALUE_GET_TOTAL_POSITION_METHOD Ljava/lang/reflect/Method; java/lang/reflect/Method
ciInstanceKlass org/languagetool/JLanguageTool$CheckCancelledCallback 1 0 14 100 1 100 1 1 1 1 1 1 100 1 1 1
ciInstanceKlass  @bci org/bsplines/ltexls/languagetool/LanguageToolJavaInterface checkInternal (Lorg/bsplines/ltexls/parsing/AnnotatedTextFragment;)Ljava/util/List; 79 <appendix> member <vmtarget> ; 1 1 26 1 7 1 7 1 100 1 1 1 1 1 12 10 12 9 1 1 1 7 1 1 12 10 1 1
ciInstanceKlass org/languagetool/AnalyzedSentence 1 1 416 10 7 12 1 1 1 10 7 12 1 1 9 12 1 1 9 12 1 9 12 1 1 10 12 1 1 7 1 11 7 12 1 1 1 7 9 12 1 9 12 1 10 12 1 1 9 12 1 1 10 12 1 9 12 1 7 1 10 10 12 1 1 10 12 1 10 12 1 10 12 1 11 12 1 1 7 1 10 12 1 10 12 1 1 10 7 12 1 1 18 12 1 1 11 7 12 1 1 1 10 7 12 1 1 1 10 12 1 1 10 12 1 1 10 12 1 1 10 7 12 1 1 10 18 11 12 1 11 12 1 11 12 1 1 10 12 1 11 12 1 1 11 7 12 1 1 1 11 7 12 1 1 11 12 1 1 7 1 11 12 1 10 7 12 1 1 1 11 12 1 1 10 12 1 10 12 1 1 10 12 1 1 8 1 10 12 1 10 12 1 10 12 1 10 12 1 10 12 1 8 1 10 12 1 1 10 12 1 9 12 1 1 10 12 1 7 1 10 10 12 1 1 10 12 10 12 1 10 12 1 10 12 1 10 12 1 10 12 1 10 10 12 1 8 1 100 1 8 1 10 12 1 8 1 8 1 8 1 10 12 1 10 12 1 8 1 10 100 12 1 1 1 10 12 1 8 1 10 8 1 10 12 1 11 12 1 11 12 10 12 1 1 10 100 12 1 1 10 12 1 10 100 12 1 1 1 10 1 1 1 1 1 1 1 1 1 1 1 1 1 1 1 1 1 1 1 100 1 1 1 1 1 1 1 1 1 1 1 1 1 1 1 1 1 1 1 1 1 1 1 1 1 1 1 1 1 1 1 1 1 1 1 1 1 1 1 1 1 1 1 1 1 1 1 1 1 1 1 1 1 1 1 1 1 1 1 1 1 15 10 7 12 1 1 1 16 15 10 12 16 15 10 12 1 1 100 1 100 1 1 100 1 100 1 1
ciInstanceKlass  @bci org/languagetool/AnalyzedSentence indexTokens ([Lorg/languagetool/AnalyzedTokenReadings;)Ljava/util/Map; 28 <appendix> argL0 ; 1 1 23 1 7 1 7 1 100 1 1 12 10 1 1 1 7 1 7 1 1 12 10 1 1
ciInstanceKlass  @bci org/languagetool/AnalyzedSentence indexLemmas ([Lorg/languagetool/AnalyzedTokenReadings;)Ljava/util/Map; 76 <appendix> argL0 ; 1 1 23 1 7 1 7 1 100 1 1 12 10 1 1 1 7 1 7 1 1 12 10 1 1
ciInstanceKlass org/languagetool/tagging/disambiguation/MultiWordChunker 1 1 641 10 7 12 1 1 1 9 7 12 1 1 1 9 12 1 9 12 1 1 9 12 1 7 1 10 7 1 10 10 12 1 1 10 12 1 1 10 9 12 1 1 9 12 1 9 12 1 9 12 1 10 7 12 1 1 1 9 7 12 1 1 1 11 7 12 1 1 1 10 12 1 1 11 7 12 1 1 1 11 7 12 1 1 11 12 1 1 7 1 9 12 1 10 12 1 1 9 12 1 100 1 18 12 1 1 10 12 1 18 7 1 10 10 7 12 1 1 1 10 12 1 1 11 12 1 1 10 12 1 1 11 12 1 1 10 12 1 1 11 7 12 1 1 11 12 1 1 7 1 10 12 1 1 10 12 1 10 12 1 1 11 12 1 1 7 1 10 12 1 8 1 10 7 12 1 1 7 1 10 12 1 1 100 1 10 12 9 12 1 10 7 12 1 1 1 10 12 1 1 10 12 1 9 12 1 10 12 1 9 12 1 10 12 1 10 100 12 1 1 10 12 1 10 12 1 1 10 12 1 10 7 12 1 1 1 10 7 12 1 1 7 1 10 10 12 1 10 12 1 1 10 12 1 11 7 12 1 1 10 10 12 1 9 12 1 10 12 1 10 12 1 1 10 12 1 1 10 12 1 10 12 1 10 12 1 10 12 1 10 12 1 10 12 1 1 10 12 1 8 1 10 12 1 1 7 1 7 1 9 7 12 1 1 1 10 12 1 10 12 1 8 1 10 12 1 10 12 8 1 10 12 1 8 1 10 12 1 1 10 12 1 10 12 1 1 8 1 10 7 12 1 1 9 12 1 1 10 7 12 1 1 1 10 7 12 1 1 8 1 8 1 10 12 1 1 18 12 8 1 18 8 1 18 10 18 10 12 1 1 10 7 12 1 1 1 8 1 10 12 1 10 12 1 1 10 12 1 1 10 12 1 18 10 10 12 1 10 8 1 8 1 10 12 1 8 1 11 12 1 10 12 1 18 8 1 18 8 1 18 8 1 10 12 1 1 10 12 1 10 12 1 9 12 1 18 12 1 1 11 12 1 1 10 12 1 7 1 10 8 1 8 1 10 12 1 1 1 1 1 1 1 1 1 1 1 3 1 1 1 1 1 1 1 1 1 1 1 1 1 100 1 1 1 1 1 1 1 1 1 1 1 1 1 1 1 1 1 1 1 100 1 1 1 1 1 1 1 1 1 1 1 1 1 1 1 1 1 1 1 1 1 1 1 1 1 1 1 1 1 1 1 1 1 100 1 1 1 1 1 1 1 1 1 1 1 1 1 1 1 1 1 1 1 1 1 1 1 1 1 1 1 1 1 1 1 1 1 1 1 1 1 1 1 15 10 7 12 1 1 8 1 8 1 8 1 8 1 8 1 8 1 8 1 8 1 8 1 8 1 15 10 7 12 1 1 1 16 15 10 12 16 1 1 1 1 100 1 100 1 1
staticfield org/languagetool/tagging/disambiguation/MultiWordChunker chunkerCache Ljava/util/Map; java/util/concurrent/ConcurrentHashMap
staticfield org/languagetool/tagging/disambiguation/MultiWordChunker GermanLineExpander Ljava/util/regex/Pattern; java/util/regex/Pattern
ciInstanceKlass org/languagetool/tagging/disambiguation/MultiWordChunker$Settings 1 1 72 10 7 12 1 1 1 9 7 12 1 1 1 9 12 1 1 9 12 1 9 12 1 9 12 1 10 7 12 1 1 1 10 7 12 1 1 10 12 1 1 10 7 12 1 1 10 12 1 1 1 1 1 1 1 1 1 1 1 1 1 1 1 1 1 1 1 1 7 1 1 1
ciInstanceKlass org/languagetool/AnalyzedTokenReadings$1 1 1 99 9 7 12 1 1 1 9 12 1 1 10 7 12 1 1 1 10 7 12 1 1 1 10 7 12 1 1 9 12 1 1 10 12 1 1 100 1 100 1 10 100 12 1 1 1 18 12 1 1 10 12 1 100 1 10 10 12 1 1 100 1 1 1 1 1 1 1 1 1 1 1 1 1 1 1 1 1 1 1 12 1 1 1 1 15 10 100 12 1 1 8 1 1 100 1 100 1 1
ciInstanceKlass org/eclipse/lsp4j/jsonrpc/CompletableFutures$FutureCancelChecker 1 1 44 10 9 10 100 10 7 7 100 1 1 1 1 1 1 1 1 1 1 1 1 1 1 1 1 1 1 1 1 1 1 1 100 12 12 7 12 1 1 1 1 1 1 1
ciMethod java/lang/Object <init> ()V 1024 0 6409094 0 80
ciMethod java/lang/Object getClass ()Ljava/lang/Class; 256 0 128 0 -1
ciMethod java/lang/Object hashCode ()I 256 0 128 0 -1
ciMethod java/lang/Object equals (Ljava/lang/Object;)Z 512 0 8484 0 -1
ciMethod java/lang/Object clone ()Ljava/lang/Object; 256 0 128 0 -1
ciMethod java/lang/Object toString ()Ljava/lang/String; 0 0 1 0 -1
ciMethod java/lang/String <init> (Ljava/lang/StringBuilder;)V 10 0 1505211 0 1840
ciMethod java/lang/String length ()I 526 0 7325843 0 112
ciMethod java/lang/String isEmpty ()Z 512 0 1304412 0 112
ciMethod java/lang/String equals (Ljava/lang/Object;)Z 784 0 18924 0 400
ciMethod java/lang/String startsWith (Ljava/lang/String;)Z 512 0 846224 0 -1
ciMethod java/lang/String endsWith (Ljava/lang/String;)Z 512 0 256335 0 -1
ciMethod java/lang/String hashCode ()I 518 0 26498 0 720
ciMethod java/lang/String indexOf (I)I 4116 0 1091985 0 -1
ciMethod java/lang/String substring (I)Ljava/lang/String; 32 0 132705 0 -1
ciMethod java/lang/String substring (II)Ljava/lang/String; 512 0 19786 0 1616
ciMethod java/lang/String split (Ljava/lang/String;)[Ljava/lang/String; 1024 0 235011 0 -1
ciMethod java/lang/String toLowerCase ()Ljava/lang/String; 1024 0 508476 0 -1
ciMethod java/lang/String trim ()Ljava/lang/String; 512 0 933453 0 -1
ciMethod java/lang/String toString ()Ljava/lang/String; 512 0 1558639 0 80
ciMethod java/lang/String getBytes ([BIB)V 512 0 12580 0 488
ciMethod java/lang/String <init> (Ljava/lang/AbstractStringBuilder;Ljava/lang/Void;)V 10 0 38990 0 -1
ciMethod java/lang/String <init> ([BB)V 606 0 163889 0 280
ciMethod java/lang/String coder ()B 934 0 8231978 0 88
ciMethod java/lang/String isLatin1 ()Z 646 0 7849016 0 88
ciMethod java/lang/String checkBoundsBeginEnd (III)V 512 0 345446 0 0
ciMethod java/lang/Class isPrimitive ()Z 256 0 128 0 -1
ciMethod java/lang/System arraycopy (Ljava/lang/Object;ILjava/lang/Object;II)V 256 0 128 0 -1
ciMethod java/lang/Throwable addSuppressed (Ljava/lang/Throwable;)V 0 0 1 0 -1
ciMethod java/util/Map containsKey (Ljava/lang/Object;)Z 0 0 1 0 -1
ciMethod java/util/Map get (Ljava/lang/Object;)Ljava/lang/Object; 0 0 1 0 -1
ciMethod java/util/Map put (Ljava/lang/Object;Ljava/lang/Object;)Ljava/lang/Object; 0 0 1 0 -1
ciMethod java/util/Map computeIfAbsent (Ljava/lang/Object;Ljava/util/function/Function;)Ljava/lang/Object; 0 0 1 0 -1
ciMethod java/lang/invoke/DirectMethodHandle internalMemberName (Ljava/lang/Object;)Ljava/lang/Object; 522 0 1058663 0 -1
ciMethod java/lang/AbstractStringBuilder <init> (I)V 10 0 5255 0 544
ciMethod java/lang/AbstractStringBuilder <init> (Ljava/lang/String;)V 514 0 12714 0 1792
ciMethod java/lang/AbstractStringBuilder ensureCapacityInternal (I)V 512 0 6229 0 -1
ciMethod java/lang/AbstractStringBuilder inflate ()V 4138 0 11330 0 -1
ciMethod java/lang/AbstractStringBuilder append (Ljava/lang/String;)Ljava/lang/AbstractStringBuilder; 10 0 86416 0 1048
ciMethod java/lang/AbstractStringBuilder appendNull ()Ljava/lang/AbstractStringBuilder; 532 0 524 0 -1
ciMethod java/lang/AbstractStringBuilder append (C)Ljava/lang/AbstractStringBuilder; 548 0 13266 0 1472
ciMethod java/lang/AbstractStringBuilder isLatin1 ()Z 532 0 174679 0 -1
ciMethod java/lang/AbstractStringBuilder putStringAt (ILjava/lang/String;)V 512 0 86493 0 -1
ciMethod java/lang/StringBuilder <init> ()V 8 0 1504705 0 408
ciMethod java/lang/StringBuilder <init> (Ljava/lang/String;)V 768 0 28036 0 1712
ciMethod java/lang/StringBuilder append (Ljava/lang/String;)Ljava/lang/StringBuilder; 10 0 2892651 0 1056
ciMethod java/lang/StringBuilder append (C)Ljava/lang/StringBuilder; 548 0 1031079 0 1496
ciMethod java/lang/StringBuilder toString ()Ljava/lang/String; 10 0 1504244 0 1936
ciMethod jdk/internal/misc/Unsafe allocateUninitializedArray (Ljava/lang/Class;I)Ljava/lang/Object; 312 0 54379 0 352
ciMethod jdk/internal/misc/Unsafe allocateUninitializedArray0 (Ljava/lang/Class;I)Ljava/lang/Object; 570 0 54177 0 -1
ciMethod java/io/InputStream close ()V 0 0 1 0 -1
ciMethod java/util/List size ()I 0 0 1 0 -1
ciMethod java/util/List isEmpty ()Z 0 0 1 0 -1
ciMethod java/util/List iterator ()Ljava/util/Iterator; 0 0 1 0 -1
ciMethod java/util/List toArray ([Ljava/lang/Object;)[Ljava/lang/Object; 0 0 1 0 -1
ciMethod java/util/List add (Ljava/lang/Object;)Z 0 0 1 0 -1
ciMethod java/util/List addAll (Ljava/util/Collection;)Z 0 0 1 0 -1
ciMethod java/util/List get (I)Ljava/lang/Object; 0 0 1 0 -1
ciMethod java/util/ArrayList <init> ()V 176 0 1174469 0 272
ciMethod java/util/ArrayList grow (I)[Ljava/lang/Object; 32 0 10962 0 1536
ciMethod java/util/ArrayList grow ()[Ljava/lang/Object; 32 0 695142 0 0
ciMethod java/util/ArrayList toArray ([Ljava/lang/Object;)[Ljava/lang/Object; 4188 0 17358 0 1584
ciMethod java/util/ArrayList add (Ljava/lang/Object;[Ljava/lang/Object;I)V 560 0 2031776 0 0
ciMethod java/util/ArrayList add (Ljava/lang/Object;)Z 560 0 2031776 0 472
ciMethod java/util/AbstractList <init> ()V 318 0 1606397 0 88
ciMethod java/util/AbstractCollection <init> ()V 598 0 1810975 0 80
ciMethod java/lang/Number <init> ()V 528 0 321351 0 0
ciMethod java/lang/Integer valueOf (I)Ljava/lang/Integer; 96 0 490920 0 208
ciMethod java/lang/Integer <init> (I)V 514 0 192111 0 0
ciMethod java/lang/Integer intValue ()I 258 0 129 0 -1
ciMethod java/util/Iterator hasNext ()Z 0 0 1 0 -1
ciMethod java/util/Iterator next ()Ljava/lang/Object; 0 0 1 0 -1
ciMethod java/util/Objects requireNonNull (Ljava/lang/Object;Ljava/lang/String;)Ljava/lang/Object; 528 0 237142 0 -1
ciMethod java/lang/StringLatin1 canEncode (C)Z 566 0 113768 0 -1
ciMethod java/lang/StringLatin1 equals ([B[B)Z 514 338 2813 0 -1
ciMethod java/lang/StringLatin1 hashCode ([B)I 226 0 10955 0 0
ciMethod java/lang/StringLatin1 newString ([BII)Ljava/lang/String; 508 0 6871 0 1384
ciMethod java/lang/StringLatin1 inflate ([BI[BII)V 4108 0 8272 0 -1
ciMethod java/lang/Math ceil (D)D 1024 0 27320 0 -1
ciMethod java/lang/Math max (II)I 514 0 1479591 0 -1
ciMethod java/lang/Math max (JJ)J 768 0 20708 0 -1
ciMethod java/lang/Math min (II)I 516 0 4421999 0 -1
ciMethod java/util/HashMap <init> (I)V 1024 0 25546 0 -1
ciMethod jdk/internal/util/ArraysSupport vectorizedHashCode (Ljava/lang/Object;IIII)I 582 0 38612 0 -1
ciMethod jdk/internal/util/ArraysSupport newLength (III)I 512 0 8470 0 0
ciMethod jdk/internal/util/ArraysSupport hugeLength (II)I 0 0 1 0 -1
ciMethod java/lang/StringConcatHelper checkOverflow (J)J 512 0 131919 0 104
ciMethod java/lang/StringConcatHelper mix (JLjava/lang/String;)J 512 0 102844 0 168
ciMethod java/lang/StringConcatHelper prepend (J[BLjava/lang/String;)J 772 0 101104 0 576
ciMethod java/lang/StringConcatHelper prepend (J[BLjava/lang/String;Ljava/lang/String;)J 630 0 15621 0 648
ciMethod java/lang/StringConcatHelper newString ([BJ)Ljava/lang/String; 512 0 52983 0 320
ciMethod java/lang/StringConcatHelper stringOf (Ljava/lang/Object;)Ljava/lang/String; 512 0 357108 0 152
ciMethod java/lang/StringConcatHelper newArrayWithSuffix (Ljava/lang/String;J)[B 286 0 9407 0 -1
ciMethod java/lang/StringConcatHelper newArray (J)[B 312 0 238941 0 -1
ciMethod jdk/internal/util/Preconditions outOfBoundsCheckFromToIndex (Ljava/util/function/BiFunction;III)Ljava/lang/RuntimeException; 0 0 1 0 -1
ciMethod jdk/internal/util/Preconditions checkFromToIndex (IIILjava/util/function/BiFunction;)I 532 0 514982 0 184
ciMethod java/util/Arrays copyOf ([Ljava/lang/Object;I)[Ljava/lang/Object; 108 0 72163 0 664
ciMethod java/util/Arrays copyOf ([Ljava/lang/Object;ILjava/lang/Class;)[Ljava/lang/Object; 330 0 60158 0 -1
ciMethod java/util/Arrays checkLength (II)V 268 0 63394 0 -1
ciMethod java/util/Arrays copyOfRange ([BII)[B 514 0 70447 0 1008
ciMethod java/util/Arrays copyOfRangeByte ([BII)[B 268 0 63322 0 -1
ciMethod java/lang/StringUTF16 newBytesFor (I)[B 2344 0 11522 0 -1
ciMethod java/lang/StringUTF16 getChar ([BI)C 932 0 11731 0 -1
ciMethod java/lang/StringUTF16 coderFromArrayLen ([BI)B 350 0 50057 0 -1
ciMethod java/lang/StringUTF16 compress ([BII)[B 7626 0 39032 0 -1
ciMethod java/lang/StringUTF16 hashCode ([B)I 4098 0 43429 0 632
ciMethod java/lang/StringUTF16 newString ([BII)Ljava/lang/String; 9292 0 46739 0 1888
ciMethod java/lang/StringUTF16 putCharSB ([BII)V 0 0 20572 0 -1
ciMethodData java/lang/Object <init> ()V 2 6408582 orig 80 0 0 0 0 0 0 0 0 0 0 0 0 0 0 0 0 0 0 0 0 0 0 0 0 0 0 0 0 0 0 0 0 0 0 0 0 0 0 0 0 0 0 0 0 0 0 0 0 0 0 0 0 0 0 0 0 0 0 0 0 0 0 0 0 0 0 0 0 0 0 0 0 0 0 0 0 0 0 0 0 data 4 0x0 0x9 0x1 0x0 oops 0 methods 0
ciMethod java/util/Collections singletonList (Ljava/lang/Object;)Ljava/util/List; 4420 0 60248 0 184
ciMethodData java/lang/String hashCode ()I 2 26239 orig 80 2 0 0 0 0 0 0 0 0 0 0 0 48 2 0 0 0 0 0 0 0 0 0 0 0 0 0 0 0 0 0 0 0 0 0 0 0 0 0 1 0 0 0 0 0 0 0 0 0 0 0 0 0 0 0 0 0 0 0 0 0 0 0 0 0 0 0 0 0 0 0 0 0 0 0 0 0 0 0 0 data 42 0x60007 0x3b9b 0x108 0x2ae4 0xd0007 0x39 0xe8 0x2aab 0x110005 0x2aab 0x0 0x0 0x0 0x0 0x0 0x8000000600140007 0x52 0x48 0x2a5a 0x1b0002 0x2a5a 0x1e0003 0x2a5b 0x28 0x250002 0x52 0x2a0007 0x2aac 0x38 0x1 0x320003 0x1 0x18 0x0 0x0 0x0 0x0 0x0 0x0 0x9 0x1 0xe oops 0 methods 0
ciMethodData java/lang/String isLatin1 ()Z 2 7848693 orig 80 0 0 0 0 0 0 0 0 0 0 0 0 48 2 0 0 0 0 0 0 0 0 0 0 0 0 0 0 0 0 0 0 0 0 0 0 0 0 0 1 0 0 0 0 0 0 0 0 0 0 0 0 0 0 0 0 0 0 0 0 0 0 0 0 0 0 0 0 0 0 0 0 0 0 0 0 0 0 0 0 data 18 0x30007 0x0 0x58 0x77c2f5 0x80000006000a0007 0xf186d 0x38 0x68aa89 0xe0003 0x68aa89 0x18 0x0 0x0 0x0 0x0 0x9 0x1 0x0 oops 0 methods 0
ciMethodData java/lang/StringLatin1 hashCode ([B)I 2 10842 orig 80 0 0 0 0 0 0 0 0 0 0 0 0 48 2 0 0 0 0 0 0 0 0 0 0 0 0 0 0 0 0 0 0 0 0 0 0 0 0 0 1 0 0 0 0 0 0 0 0 0 0 0 0 0 0 0 0 0 0 0 0 0 0 0 0 0 0 0 0 0 0 0 0 0 0 0 0 0 0 0 0 data 25 0x8000000600020008 0x6 0x2a49 0x70 0x1 0x40 0x11 0x58 0x1d0003 0x1 0x40 0x270003 0x11 0x28 0x300002 0x2a49 0x0 0x0 0x0 0x0 0x0 0x0 0x9 0x1 0x0 oops 0 methods 0
ciMethodData java/lang/StringUTF16 hashCode ([B)I 2 41380 orig 80 0 0 0 0 0 0 0 0 0 0 0 0 48 2 0 0 0 0 0 0 0 0 0 0 0 0 0 0 0 0 0 0 0 0 0 0 0 0 0 0 0 0 0 0 0 0 0 0 0 0 0 0 0 0 0 0 0 0 0 0 0 0 0 0 0 0 0 0 0 0 0 0 0 0 0 0 0 0 0 0 data 27 0x20008 0x6 0xa11e 0x80 0x0 0x40 0x86 0x58 0x1d0003 0x0 0x50 0x220002 0x46 0x250003 0x86 0x28 0x300002 0xa11e 0x0 0x0 0x0 0x0 0x0 0x0 0x9 0x1 0xffffffffffffffff oops 0 methods 0
ciMethodData java/lang/StringBuilder <init> ()V 2 1504701 orig 80 0 0 0 0 0 0 0 0 0 0 0 0 48 2 0 0 0 0 0 0 0 0 0 0 0 0 0 0 0 0 0 0 0 0 0 0 0 0 0 0 0 0 0 0 0 0 0 0 0 0 0 0 0 0 0 0 0 0 0 0 0 0 0 0 0 0 0 0 0 0 0 0 0 0 0 0 0 0 0 0 data 7 0x30002 0x16f5bd 0x0 0x0 0x9 0x1 0x0 oops 0 methods 0
ciMethodData java/lang/AbstractStringBuilder <init> (I)V 2 5250 orig 80 0 0 0 0 0 0 0 0 0 0 0 0 48 2 0 0 0 0 0 0 0 0 0 0 0 0 0 0 0 0 0 0 0 0 0 0 0 0 0 0 0 0 0 0 0 0 0 0 0 0 0 0 0 0 0 0 0 0 0 0 0 0 0 0 0 0 0 0 0 0 0 0 0 0 0 0 0 0 0 0 data 21 0x10002 0x1482 0x70007 0x0 0x38 0x1482 0x160003 0x1482 0x28 0x1b0002 0x0 0x0 0x0 0x0 0x0 0x0 0x0 0x9 0x2 0xc 0x0 oops 0 methods 0
ciMethodData java/lang/StringBuilder append (Ljava/lang/String;)Ljava/lang/StringBuilder; 2 2892646 orig 80 2 0 0 0 0 0 0 0 0 0 0 0 48 2 0 0 0 0 0 0 0 0 0 0 0 0 0 0 0 0 0 0 0 0 0 0 0 0 0 0 0 0 0 0 0 0 0 0 0 0 0 0 0 0 0 0 0 0 0 0 0 0 0 0 0 0 0 0 0 0 0 0 0 0 0 0 0 0 0 0 data 9 0x20002 0x2c2366 0x0 0x0 0x0 0x9 0x2 0xffffffffffffffff 0x0 oops 0 methods 0
ciMethodData java/lang/AbstractStringBuilder append (Ljava/lang/String;)Ljava/lang/AbstractStringBuilder; 2 86411 orig 80 2 0 0 0 1 0 0 0 0 0 0 0 48 2 0 0 0 0 0 0 0 0 0 0 0 0 0 0 0 0 0 0 0 0 0 0 0 0 0 2 0 0 0 0 0 0 0 0 0 0 0 0 0 0 0 0 0 0 0 0 0 0 0 0 0 0 0 0 0 0 0 0 0 0 0 0 0 0 0 0 data 42 0x8000000600010007 0x1517e 0x58 0xf 0x50005 0xf 0x0 0x0 0x0 0x0 0x0 0xa0005 0x1517e 0x0 0x0 0x0 0x0 0x0 0x150005 0x1517e 0x0 0x0 0x0 0x0 0x0 0x1e0005 0x1517e 0x0 0x0 0x0 0x0 0x0 0x0 0x0 0x0 0x0 0x0 0x0 0x9 0x2 0xffffffffffffffff 0x0 oops 0 methods 0
ciMethodData java/lang/StringBuilder toString ()Ljava/lang/String; 2 1504239 orig 80 1 0 0 0 0 0 0 0 0 0 0 0 48 2 0 0 0 0 0 0 0 0 0 0 0 0 0 0 0 0 0 0 0 0 0 0 0 0 0 0 0 0 0 0 0 0 0 0 0 0 0 0 0 0 0 0 0 0 0 0 0 0 0 0 0 0 0 0 0 0 0 0 0 0 0 0 0 0 0 0 data 8 0x50002 0x16f3ef 0x0 0x0 0x0 0x9 0x1 0xffffffffffffffff oops 0 methods 0
ciMethodData java/lang/String <init> (Ljava/lang/StringBuilder;)V 2 1505206 orig 80 0 0 0 0 0 0 0 0 0 0 0 0 48 2 0 0 0 0 0 0 0 0 0 0 0 0 0 0 0 0 0 0 0 0 0 0 0 0 0 0 0 0 0 0 0 0 0 0 0 0 0 0 0 0 0 0 0 0 0 0 0 0 0 0 0 0 0 0 0 0 0 0 0 0 0 0 0 0 0 0 data 8 0x30002 0x16f7b6 0x0 0x0 0x9 0x2 0xc 0xffffffffffffffff oops 0 methods 0
ciMethodData java/lang/String equals (Ljava/lang/Object;)Z 2 18532 orig 80 1 0 0 0 0 0 0 0 0 0 0 0 48 2 0 0 0 0 0 0 0 0 0 0 0 0 0 0 0 0 0 0 0 0 0 0 0 0 0 1 0 0 0 0 0 0 0 0 0 0 0 0 0 0 0 0 0 0 0 0 0 0 0 0 0 0 0 0 0 0 0 0 0 0 0 0 0 0 0 0 data 49 0x20007 0x42f4 0x20 0x570 0x80104 0x0 0x0 0x2305caad948 0x42de 0x0 0x0 0xb0007 0x16 0xe0 0x42de 0xf0004 0x0 0x0 0x2305caad948 0x42de 0x0 0x0 0x160007 0x0 0x40 0x42de 0x8000000600210007 0x10f 0x68 0x41d0 0x2c0002 0x41d0 0x2f0007 0x3e5f 0x38 0x371 0x330003 0x371 0x18 0x0 0x0 0x0 0x0 0x0 0x0 0x9 0x2 0x0 0x0 oops 2 7 java/lang/String 18 java/lang/String methods 0
ciMethodData java/util/AbstractCollection <init> ()V 2 1810676 orig 80 0 0 0 0 0 0 0 0 0 0 0 0 48 2 0 0 0 0 0 0 0 0 0 0 0 0 0 0 0 0 0 0 0 0 0 0 0 0 0 0 0 0 0 0 0 0 0 0 0 0 0 0 0 0 0 0 0 0 0 0 0 0 0 0 0 0 0 0 0 0 0 0 0 0 0 0 0 0 0 0 data 7 0x10002 0x1ba0f4 0x0 0x0 0x9 0x1 0x0 oops 0 methods 0
ciMethodData java/lang/String coder ()B 2 8231512 orig 80 0 0 0 0 0 0 0 0 0 0 0 0 48 2 0 0 0 0 0 0 0 0 0 0 0 0 0 0 0 0 0 0 0 0 0 0 0 0 0 0 0 0 0 0 0 0 0 0 0 0 0 0 0 0 0 0 0 0 0 0 0 0 0 0 0 0 0 0 0 0 0 0 0 0 0 0 0 0 0 0 data 14 0x30007 0x0 0x38 0x7d9a58 0xa0003 0x7d9a58 0x18 0x0 0x0 0x0 0x0 0x9 0x1 0x0 oops 0 methods 0
ciMethodData java/lang/String length ()I 2 7325689 orig 80 0 0 0 0 0 0 0 0 0 0 0 0 48 2 0 0 0 0 0 0 0 0 0 0 0 0 0 0 0 0 0 0 0 0 0 0 0 0 0 0 0 0 0 0 0 0 0 0 0 0 0 0 0 0 0 0 0 0 0 0 0 0 0 0 0 0 0 0 0 0 0 0 0 0 0 0 0 0 0 0 data 16 0x60005 0x6fc7f9 0x0 0x0 0x0 0x0 0x0 0x0 0x0 0x0 0x0 0x0 0x0 0x9 0x1 0x0 oops 0 methods 0
ciMethodData java/lang/String getBytes ([BIB)V 2 12324 orig 80 1 0 0 0 0 0 0 0 0 0 0 0 48 2 0 0 0 0 0 0 0 0 0 0 0 0 0 0 0 0 0 0 0 0 0 0 0 0 0 1 0 0 0 0 0 0 0 0 0 0 0 0 0 0 0 0 0 0 0 0 0 0 0 0 0 0 0 0 0 0 0 0 0 0 0 0 0 0 0 0 data 30 0x10005 0x3024 0x0 0x0 0x0 0x0 0x0 0x8000000600050007 0x22 0x48 0x3003 0x160002 0x3003 0x190003 0x3003 0x28 0x280002 0x22 0x0 0x0 0x0 0x0 0x0 0x0 0x9 0x4 0x0 0xffffffffffffffff 0x0 0x0 oops 0 methods 0
ciMethodData java/lang/String isEmpty ()Z 2 1304156 orig 80 0 0 0 0 0 0 0 0 0 0 0 0 48 2 0 0 0 0 0 0 0 0 0 0 0 0 0 0 0 0 0 0 0 0 0 0 0 0 0 0 0 0 0 0 0 0 0 0 0 0 0 0 0 0 0 0 0 0 0 0 0 0 0 0 0 0 0 0 0 0 0 0 0 0 0 0 0 0 0 0 data 14 0x50007 0x126a7d 0x38 0x17bdf 0x90003 0x17bdf 0x18 0x0 0x0 0x0 0x0 0x9 0x1 0x0 oops 0 methods 0
ciMethodData java/util/Arrays copyOfRange ([BII)[B 2 70190 orig 80 0 0 0 0 0 0 0 0 0 0 0 0 48 2 0 0 0 0 0 0 0 0 0 0 0 0 0 0 0 0 0 0 0 0 0 0 0 0 0 0 0 0 0 0 0 0 0 0 0 0 0 0 0 0 0 0 0 0 0 0 0 0 0 0 0 0 0 0 0 0 0 0 0 0 0 0 0 0 0 0 data 35 0x10007 0x2234 0x40 0xeffa 0x70007 0x1b5a 0x30 0xd4a0 0xd0002 0xf6d4 0x120005 0x0 0x0 0x2305cabb1f8 0x1b5a 0x0 0x0 0x150004 0x0 0x0 0x2305cabb1f8 0x1b5a 0x0 0x0 0x0 0x0 0x0 0x0 0x0 0x0 0x9 0x3 0xffffffffffffffff 0x0 0x0 oops 2 13 [B 20 [B methods 0
ciMethodData java/util/Arrays copyOfRangeByte ([BII)[B 2 63188 orig 80 0 0 0 0 0 0 0 0 0 0 0 0 48 2 0 0 0 0 0 0 0 0 0 0 0 0 0 0 0 0 0 0 0 0 0 0 0 0 0 0 0 0 0 0 0 0 0 0 0 0 0 0 0 0 0 0 0 0 0 0 0 0 0 0 0 0 0 0 0 0 0 0 0 0 0 0 0 0 0 0 data 17 0x20002 0xf6d4 0x180002 0xf6d4 0x1b0002 0xf6d4 0x0 0x0 0x0 0x0 0x0 0x0 0x9 0x3 0xffffffffffffffff 0x0 0x0 oops 0 methods 0
ciMethodData java/util/Arrays checkLength (II)V 2 63260 orig 80 0 0 0 0 0 0 0 0 0 0 0 0 48 2 0 0 0 0 0 0 0 0 0 0 0 0 0 0 0 0 0 0 0 0 0 0 0 0 0 0 0 0 0 0 0 0 0 0 0 0 0 0 0 0 0 0 0 0 0 0 0 0 0 0 0 0 0 0 0 0 0 0 0 0 0 0 0 0 0 0 data 46 0x20007 0xf71c 0x120 0x0 0xd0002 0x0 0x110005 0x0 0x0 0x0 0x0 0x0 0x0 0x170005 0x0 0x0 0x0 0x0 0x0 0x0 0x1b0005 0x0 0x0 0x0 0x0 0x0 0x0 0x1e0005 0x0 0x0 0x0 0x0 0x0 0x0 0x210002 0x0 0x0 0x0 0x0 0x0 0x0 0x0 0x9 0x2 0x0 0x0 oops 0 methods 0
ciMethodData java/lang/StringBuilder append (C)Ljava/lang/StringBuilder; 2 1030805 orig 80 1 0 0 0 0 0 0 0 0 0 0 0 48 2 0 0 0 0 0 0 0 0 0 0 0 0 0 0 0 0 0 0 0 0 0 0 0 0 0 0 0 0 0 0 0 0 0 0 0 0 0 0 0 0 0 0 0 0 0 0 0 0 0 0 0 0 0 0 0 0 0 0 0 0 0 0 0 0 0 0 data 9 0x20002 0xfba95 0x0 0x0 0x0 0x9 0x2 0xffffffffffffffff 0x0 oops 0 methods 0
ciMethodData java/lang/AbstractStringBuilder append (C)Ljava/lang/AbstractStringBuilder; 2 12992 orig 80 1 0 0 0 0 0 0 0 0 0 0 0 48 2 0 0 0 0 0 0 0 0 0 0 0 0 0 0 0 0 0 0 0 0 0 0 0 0 0 0 0 0 0 0 0 0 0 0 0 0 0 0 0 0 0 0 0 0 0 0 0 0 0 0 0 0 0 0 0 0 0 0 0 0 0 0 0 0 0 0 data 57 0x70005 0x32c0 0x0 0x0 0x0 0x0 0x0 0xb0005 0x32c0 0x0 0x0 0x0 0x0 0x0 0xe0007 0x20 0x68 0x32a1 0x120002 0x32a1 0x150007 0x9 0x38 0x3299 0x2a0003 0x3299 0xb8 0x2e0005 0x29 0x0 0x0 0x0 0x0 0x0 0x310007 0x20 0x58 0x9 0x350005 0x9 0x0 0x0 0x0 0x0 0x0 0x480002 0x29 0x0 0x0 0x0 0x0 0x0 0x0 0x9 0x2 0xffffffffffffffff 0x0 oops 0 methods 0
ciMethodData java/lang/String <init> ([BB)V 2 163586 orig 80 0 0 0 0 0 0 0 0 0 0 0 0 48 2 0 0 0 0 0 0 0 0 0 0 0 0 0 0 0 0 0 0 0 0 0 0 0 0 0 0 0 0 0 0 0 0 0 0 0 0 0 0 0 0 0 0 0 0 0 0 0 0 0 0 0 0 0 0 0 0 0 0 0 0 0 0 0 0 0 0 data 11 0x10002 0x27f02 0x0 0x0 0x0 0x0 0x9 0x3 0xc 0x0 0x0 oops 0 methods 0
ciMethodData jdk/internal/util/Preconditions checkFromToIndex (IIILjava/util/function/BiFunction;)I 2 514716 orig 80 0 0 0 0 0 0 0 0 0 0 0 0 48 2 0 0 0 0 0 0 0 0 0 0 0 0 0 0 0 0 0 0 0 0 0 0 0 0 0 0 0 0 0 0 0 0 0 0 0 0 0 0 0 0 0 0 0 0 0 0 0 0 0 0 0 0 0 0 0 0 0 0 0 0 0 0 0 0 0 0 data 26 0x10007 0x0 0x60 0x7da9c 0x60007 0x0 0x40 0x7da9c 0xb0007 0x7da9c 0x30 0x0 0x120002 0x0 0x0 0x0 0x0 0x0 0x0 0x0 0x9 0x4 0x0 0x0 0x0 0x0 oops 0 methods 0
ciMethodData java/lang/String checkBoundsBeginEnd (III)V 2 345190 orig 80 0 0 0 0 0 0 0 0 0 0 0 0 48 2 0 0 0 0 0 0 0 0 0 0 0 0 0 0 0 0 0 0 0 0 0 0 0 0 0 0 0 0 0 0 0 0 0 0 0 0 0 0 0 0 0 0 0 0 0 0 0 0 0 0 0 0 0 0 0 0 0 0 0 0 0 0 0 0 0 0 data 13 0x60002 0x54466 0x0 0x0 0x0 0x0 0x0 0x0 0x9 0x3 0x0 0x0 0x0 oops 0 methods 0
ciMethodData java/lang/String substring (II)Ljava/lang/String; 2 19530 orig 80 1 0 0 0 0 0 0 0 0 0 0 0 48 2 0 0 0 0 0 0 0 0 0 0 0 0 0 0 0 0 0 0 0 0 0 0 0 0 0 1 0 0 0 0 0 0 0 0 0 0 0 0 0 0 0 0 0 0 0 0 0 0 0 0 0 0 0 0 0 0 0 0 0 0 0 0 0 0 0 0 data 46 0x10005 0x4c4a 0x0 0x0 0x0 0x0 0x0 0x80002 0x4c4a 0xc0007 0x2e5f 0x40 0x1deb 0x110007 0x1d09 0x20 0xe2 0x1c0005 0x4b68 0x0 0x0 0x0 0x0 0x0 0x80000006001f0007 0x4e 0x48 0x4b1b 0x290002 0x4b1b 0x2c0003 0x4b1b 0x28 0x360002 0x4e 0x0 0x0 0x0 0x0 0x0 0x0 0x9 0x3 0x0 0x0 0x0 oops 0 methods 0
ciMethodData java/lang/StringLatin1 newString ([BII)Ljava/lang/String; 2 6617 orig 80 0 0 0 0 0 0 0 0 0 0 0 0 48 2 0 0 0 0 0 0 0 0 0 0 0 0 0 0 0 0 0 0 0 0 0 0 0 0 0 0 0 0 0 0 0 0 0 0 0 0 0 0 0 0 0 0 0 0 0 0 0 0 0 0 0 0 0 0 0 0 0 0 0 0 0 0 0 0 0 0 data 19 0x10007 0x19aa 0x20 0x2f 0x100002 0x19aa 0x140002 0x19aa 0x0 0x0 0x0 0x0 0x0 0x0 0x9 0x3 0xffffffffffffffff 0x0 0x0 oops 0 methods 0
ciMethodData java/lang/StringUTF16 newString ([BII)Ljava/lang/String; 2 42093 orig 80 1 0 0 0 0 0 0 0 0 0 0 0 48 2 0 0 0 0 0 0 0 0 0 0 0 0 0 0 0 0 0 0 0 0 0 0 0 0 0 1 0 0 0 0 0 0 0 0 0 0 0 0 0 0 0 0 0 0 0 0 0 0 0 0 0 0 0 0 0 0 0 0 0 0 0 0 0 0 0 0 data 29 0x8000000600010007 0xa444 0x20 0x2a 0xb0007 0x0 0x50 0xa444 0x110002 0xa444 0x170002 0xa444 0x230002 0xa444 0x360002 0x0 0x3a0002 0x0 0x0 0x0 0x0 0x0 0x0 0x0 0x9 0x3 0xffffffffffffffff 0x0 0x0 oops 0 methods 0
ciMethodData jdk/internal/util/ArraysSupport newLength (III)I 2 8214 orig 80 0 0 0 0 0 0 0 0 0 0 0 0 48 2 0 0 0 0 0 0 0 0 0 0 0 0 0 0 0 0 0 0 0 0 0 0 0 0 0 0 0 0 0 0 0 0 0 0 0 0 0 0 0 0 0 0 0 0 0 0 0 0 0 0 0 0 0 0 0 0 0 0 0 0 0 0 0 0 0 0 data 23 0x30002 0x2016 0xa0007 0x0 0x40 0x2016 0x100007 0x0 0x20 0x2016 0x170002 0x0 0x0 0x0 0x0 0x0 0x0 0x0 0x9 0x3 0x0 0x0 0x0 oops 0 methods 0
ciMethodData java/lang/StringConcatHelper newArray (J)[B 2 238785 orig 80 0 0 0 0 0 0 0 0 0 0 0 0 48 2 0 0 0 0 0 0 0 0 0 0 0 0 0 0 0 0 0 0 0 0 0 0 0 0 0 0 0 0 0 0 0 0 0 0 0 0 0 0 0 0 0 0 0 0 0 0 0 0 0 0 0 0 0 0 0 0 0 0 0 0 0 0 0 0 0 0 data 30 0xd0007 0x3a4c1 0x30 0x0 0x160002 0x0 0x210005 0x3a4c1 0x0 0x0 0x0 0x0 0x0 0x240004 0x0 0x0 0x2305cabb1f8 0x3a4c1 0x0 0x0 0x0 0x0 0x0 0x0 0x0 0x0 0x9 0x2 0x0 0x0 oops 1 16 [B methods 0
ciMethodData jdk/internal/misc/Unsafe allocateUninitializedArray (Ljava/lang/Class;I)Ljava/lang/Object; 2 54223 orig 80 1 0 0 0 0 0 0 0 0 0 0 0 48 2 0 0 0 0 0 0 4 0 0 0 0 0 0 0 0 0 0 0 0 0 0 0 0 0 0 0 0 0 0 0 0 0 0 0 0 0 0 0 0 0 0 0 0 0 0 0 0 0 0 0 0 0 0 0 0 0 0 0 0 0 0 0 0 0 0 0 data 43 0x10007 0xd3cf 0x30 0x0 0xb0002 0x0 0x100005 0xd3cf 0x0 0x0 0x0 0x0 0x0 0x130007 0xd3cf 0x30 0x0 0x1d0002 0x0 0x220007 0xd3cf 0x30 0x0 0x2c0002 0x0 0x8000000400330005 0xd3d3 0x0 0x0 0x0 0x0 0x0 0x0 0x0 0x0 0x0 0x0 0x0 0x9 0x3 0x0 0x0 0x0 oops 0 methods 0
ciMethodData java/lang/Integer valueOf (I)Ljava/lang/Integer; 2 490872 orig 80 0 0 0 0 0 0 0 0 0 0 0 0 48 2 0 0 0 0 0 0 0 0 0 0 0 0 0 0 0 0 0 0 0 0 0 0 0 0 0 0 0 0 0 0 0 0 0 0 0 0 0 0 0 0 0 0 0 0 0 0 0 0 0 0 0 0 0 0 0 0 0 0 0 0 0 0 0 0 0 0 data 17 0x30007 0x3a19 0x40 0x7435f 0xa0007 0x2b355 0x20 0x4900a 0x1c0002 0x2ed6e 0x0 0x0 0x0 0x0 0x9 0x1 0x0 oops 0 methods 0
ciMethodData java/lang/Integer <init> (I)V 2 191854 orig 80 0 0 0 0 0 0 0 0 0 0 0 0 48 2 0 0 0 0 0 0 0 0 0 0 0 0 0 0 0 0 0 0 0 0 0 0 0 0 0 0 0 0 0 0 0 0 0 0 0 0 0 0 0 0 0 0 0 0 0 0 0 0 0 0 0 0 0 0 0 0 0 0 0 0 0 0 0 0 0 0 data 10 0x10002 0x2ed6e 0x0 0x0 0x0 0x0 0x9 0x2 0x6 0x0 oops 0 methods 0
ciMethodData java/lang/Number <init> ()V 2 321087 orig 80 0 0 0 0 0 0 0 0 0 0 0 0 48 2 0 0 0 0 0 0 0 0 0 0 0 0 0 0 0 0 0 0 0 0 0 0 0 0 0 0 0 0 0 0 0 0 0 0 0 0 0 0 0 0 0 0 0 0 0 0 0 0 0 0 0 0 0 0 0 0 0 0 0 0 0 0 0 0 0 0 data 7 0x10002 0x4e63f 0x0 0x0 0x9 0x1 0x0 oops 0 methods 0
ciMethodData java/util/ArrayList add (Ljava/lang/Object;)Z 2 2031496 orig 80 0 0 0 0 0 0 0 0 0 0 0 0 48 2 0 0 0 0 0 0 0 0 0 0 0 0 0 0 0 0 0 0 0 0 0 0 0 0 0 0 0 0 0 0 0 0 0 0 0 0 0 0 0 0 0 0 0 0 0 0 0 0 0 0 0 0 0 0 0 0 0 0 0 0 0 0 0 0 0 0 data 17 0x140005 0x1eff88 0x0 0x0 0x0 0x0 0x0 0x0 0x0 0x0 0x0 0x0 0x0 0x9 0x2 0xe 0x0 oops 0 methods 0
ciMethodData java/util/ArrayList add (Ljava/lang/Object;[Ljava/lang/Object;I)V 2 2031496 orig 80 0 0 0 0 0 0 0 0 0 0 0 0 48 2 0 0 0 0 0 0 0 0 0 0 0 0 0 0 0 0 0 0 0 0 0 0 0 0 0 0 0 0 0 0 0 0 0 0 0 0 0 0 0 0 0 0 0 0 0 0 0 0 0 0 0 0 0 0 0 0 0 0 0 0 0 0 0 0 0 0 data 30 0x30007 0x146432 0x58 0xa9b56 0x70005 0xa9b56 0x0 0x0 0x0 0x0 0x0 0xe0004 0x0 0x0 0x23065816d00 0x42 0x2305caad9d8 0x9cd 0x0 0x0 0x0 0x0 0x0 0x0 0x9 0x4 0xc 0x0 0xffffffffffffffff 0x0 oops 2 14 jdk/internal/loader/URLClassPath$JarLoader 16 java/lang/Class methods 0
ciMethodData java/util/ArrayList grow ()[Ljava/lang/Object; 2 695126 orig 80 0 0 0 0 0 0 0 0 0 0 0 0 48 2 0 0 0 0 0 0 0 0 0 0 0 0 0 0 0 0 0 0 0 0 0 0 0 0 0 0 0 0 0 0 0 0 0 0 0 0 0 0 0 0 0 0 0 0 0 0 0 0 0 0 0 0 0 0 0 0 0 0 0 0 0 0 0 0 0 0 data 16 0x70005 0xa9b56 0x0 0x0 0x0 0x0 0x0 0x0 0x0 0x0 0x0 0x0 0x0 0x9 0x1 0xc oops 0 methods 0
ciMethodData java/util/ArrayList grow (I)[Ljava/lang/Object; 2 10946 orig 80 0 0 0 0 0 0 0 0 0 0 0 0 48 2 0 0 0 0 0 0 0 0 0 0 0 0 0 0 0 0 0 0 0 0 0 0 0 0 0 0 0 0 0 0 0 0 0 0 0 0 0 0 0 0 0 0 0 0 0 0 0 0 0 0 0 0 0 0 0 0 0 0 0 0 0 0 0 0 0 0 data 24 0x70007 0x14f 0x40 0x2973 0x110007 0x288f 0x40 0xe4 0x1b0002 0x233 0x250002 0x233 0x310002 0x288f 0x0 0x0 0x0 0x0 0x0 0x0 0x9 0x2 0xc 0x0 oops 0 methods 0
ciMethod java/lang/IllegalStateException <init> ()V 72 0 36 0 -1
ciMethod java/lang/invoke/DirectMethodHandle$Holder invokeStatic (Ljava/lang/Object;JLjava/lang/Object;Ljava/lang/Object;Ljava/lang/Object;)J 5800 0 98918 0 -1
ciMethod java/lang/invoke/DirectMethodHandle$Holder invokeStatic (Ljava/lang/Object;JLjava/lang/Object;)J 5806 0 98918 0 -1
ciMethod java/lang/invoke/DirectMethodHandle$Holder invokeStatic (Ljava/lang/Object;Ljava/lang/Object;J)Ljava/lang/Object; 534 0 88482 0 -1
ciMethod java/lang/invoke/DirectMethodHandle$Holder invokeStatic (Ljava/lang/Object;Ljava/lang/Object;)Ljava/lang/Object; 532 0 99672 0 -1
ciMethod java/lang/invoke/Invokers$Holder linkToTargetMethod (Ljava/lang/Object;Ljava/lang/Object;)Ljava/lang/Object; 512 0 226155 0 -1
ciMethod java/lang/invoke/Invokers$Holder linkToTargetMethod (Ljava/lang/Object;)Ljava/lang/Object; 590 0 838530 0 -1
ciMethod kotlin/jvm/internal/Intrinsics checkNotNull (Ljava/lang/Object;)V 546 0 1468 0 -1
ciMethod kotlin/jvm/internal/Intrinsics checkNotNullExpressionValue (Ljava/lang/Object;Ljava/lang/String;)V 958 0 5951 0 -1
ciMethod kotlin/jvm/internal/Intrinsics checkNotNullParameter (Ljava/lang/Object;Ljava/lang/String;)V 790 0 282542 0 -1
ciMethodData java/lang/String toString ()Ljava/lang/String; 2 1558383 orig 80 0 0 0 0 0 0 0 0 0 0 0 0 48 2 0 0 0 0 0 0 0 0 0 0 0 0 0 0 0 0 0 0 0 0 0 0 0 0 0 0 0 0 0 0 0 0 0 0 0 0 0 0 0 0 0 0 0 0 0 0 0 0 0 0 0 0 0 0 0 0 0 0 0 0 0 0 0 0 0 0 data 5 0x0 0x0 0x9 0x1 0x0 oops 0 methods 0
ciMethodData java/lang/StringConcatHelper stringOf (Ljava/lang/Object;)Ljava/lang/String; 2 356852 orig 80 1 0 0 0 0 0 0 0 0 0 0 0 48 2 0 0 0 0 0 0 1 0 0 0 0 0 0 0 0 0 0 0 0 0 0 0 0 0 0 1 0 0 0 0 0 0 0 0 0 0 0 0 0 0 0 0 0 0 0 0 0 0 0 0 0 0 0 0 0 0 0 0 0 0 0 0 0 0 0 0 data 27 0x8000000600010007 0x3 0x78 0x571f2 0x400050005 0x3dc77 0x0 0x2305caad948 0x1957b 0x2305caaf3f8 0x1 0xa0007 0x571f3 0x38 0x0 0xf0003 0x3 0x18 0x0 0x0 0x0 0x0 0x0 0x0 0x9 0x1 0xffffffffffffffff oops 2 7 java/lang/String 9 java/lang/reflect/Method methods 0
ciMethodData java/lang/StringConcatHelper mix (JLjava/lang/String;)J 2 102588 orig 80 0 0 0 0 0 0 0 0 0 0 0 0 48 2 0 0 0 0 0 0 0 0 0 0 0 0 0 0 0 0 0 0 0 0 0 0 0 0 0 0 0 0 0 0 0 0 0 0 0 0 0 0 0 0 0 0 0 0 0 0 0 0 0 0 0 0 0 0 0 0 0 0 0 0 0 0 0 0 0 0 data 31 0x20005 0x190bc 0x0 0x0 0x0 0x0 0x0 0x90005 0x190bc 0x0 0x0 0x0 0x0 0x0 0xd0007 0x190a0 0x20 0x1c 0x170002 0x190bc 0x0 0x0 0x0 0x0 0x0 0x0 0x9 0x3 0x0 0x0 0x0 oops 0 methods 0
ciMethodData java/lang/StringConcatHelper checkOverflow (J)J 2 131663 orig 80 0 0 0 0 0 0 0 0 0 0 0 0 48 2 0 0 0 0 0 0 0 0 0 0 0 0 0 0 0 0 0 0 0 0 0 0 0 0 0 0 0 0 0 0 0 0 0 0 0 0 0 0 0 0 0 0 0 0 0 0 0 0 0 0 0 0 0 0 0 0 0 0 0 0 0 0 0 0 0 0 data 14 0x20007 0x0 0x20 0x2024f 0xd0002 0x0 0x0 0x0 0x0 0x0 0x9 0x2 0x0 0x0 oops 0 methods 0
ciMethodData java/lang/StringConcatHelper prepend (J[BLjava/lang/String;)J 2 100718 orig 80 0 0 0 0 0 0 0 0 0 0 0 0 48 2 0 0 0 0 0 0 0 0 0 0 0 0 0 0 0 0 0 0 0 0 0 0 0 0 0 0 0 0 0 0 0 0 0 0 0 0 0 0 0 0 0 0 0 0 0 0 0 0 0 0 0 0 0 0 0 0 0 0 0 0 0 0 0 0 0 0 data 40 0x20005 0x1896e 0x0 0x0 0x0 0x0 0x0 0xd0007 0x35 0x70 0x18939 0x150005 0x18939 0x0 0x0 0x0 0x0 0x0 0x180003 0x18939 0x50 0x200005 0x35 0x0 0x0 0x0 0x0 0x0 0x0 0x0 0x0 0x0 0x0 0x0 0x9 0x4 0x0 0x0 0xffffffffffffffff 0x0 oops 0 methods 0
ciMethodData java/lang/StringConcatHelper newString ([BJ)Ljava/lang/String; 2 52727 orig 80 0 0 0 0 0 0 0 0 0 0 0 0 48 2 0 0 0 0 0 0 0 0 0 0 0 0 0 0 0 0 0 0 0 0 0 0 0 0 0 0 0 0 0 0 0 0 0 0 0 0 0 0 0 0 0 0 0 0 0 0 0 0 0 0 0 0 0 0 0 0 0 0 0 0 0 0 0 0 0 0 data 55 0x30007 0x1e 0x30 0xcdd9 0xc0002 0xcdd9 0x150007 0x0 0x30 0x1e 0x1e0002 0x1e 0x2a0002 0x0 0x2f0005 0x0 0x0 0x0 0x0 0x0 0x0 0x340005 0x0 0x0 0x0 0x0 0x0 0x0 0x390005 0x0 0x0 0x0 0x0 0x0 0x0 0x3c0005 0x0 0x0 0x0 0x0 0x0 0x0 0x3f0002 0x0 0x0 0x0 0x0 0x0 0x0 0x0 0x9 0x3 0x0 0x0 0x0 oops 0 methods 0
ciMethodData java/util/Arrays copyOf ([Ljava/lang/Object;I)[Ljava/lang/Object; 2 72109 orig 80 0 0 0 0 0 0 0 0 0 0 0 0 48 2 0 0 0 0 0 0 0 0 0 0 0 0 0 0 0 0 0 0 0 0 0 0 0 0 0 0 0 0 0 0 0 0 0 0 0 0 0 0 0 0 0 0 0 0 0 0 0 0 0 0 0 0 0 0 0 0 0 0 0 0 0 0 0 0 0 0 data 19 0x30005 0x119ad 0x0 0x0 0x0 0x0 0x0 0x60002 0x119ad 0x0 0x0 0x0 0x0 0x0 0x0 0x9 0x2 0xffffffffffffffff 0x0 oops 0 methods 0
ciMethodData java/util/ArrayList <init> ()V 2 1174389 orig 80 0 0 0 0 0 0 0 0 0 0 0 0 48 2 0 0 0 0 0 0 0 0 0 0 0 0 0 0 0 0 0 0 0 0 0 0 0 0 0 0 0 0 0 0 0 0 0 0 0 0 0 0 0 0 0 0 0 0 0 0 0 0 0 0 0 0 0 0 0 0 0 0 0 0 0 0 0 0 0 0 data 9 0x10002 0x11eb75 0x0 0x0 0x0 0x0 0x9 0x1 0xe oops 0 methods 0
ciMethodData java/util/AbstractList <init> ()V 2 1606238 orig 80 0 0 0 0 0 0 0 0 0 0 0 0 48 2 0 0 0 0 0 0 0 0 0 0 0 0 0 0 0 0 0 0 0 0 0 0 0 0 0 0 0 0 0 0 0 0 0 0 0 0 0 0 0 0 0 0 0 0 0 0 0 0 0 0 0 0 0 0 0 0 0 0 0 0 0 0 0 0 0 0 data 9 0x10002 0x18825e 0x0 0x0 0x0 0x0 0x9 0x1 0x6 oops 0 methods 0
ciMethodData java/util/ArrayList toArray ([Ljava/lang/Object;)[Ljava/lang/Object; 2 15264 orig 80 2 0 0 0 0 0 0 0 0 0 0 0 48 2 0 0 0 0 0 0 1 0 1 0 0 0 0 0 0 0 0 0 0 0 0 0 0 0 0 0 0 0 0 0 0 0 0 0 0 0 0 0 0 0 0 0 0 0 0 0 0 0 0 0 0 0 0 0 0 0 0 0 0 0 0 0 0 0 0 0 data 36 0x60007 0x6d 0x68 0x3b33 0x120005 0x3b33 0x0 0x0 0x0 0x0 0x0 0x8000000400150002 0x3b34 0x8000000600240002 0x6e 0x2d0007 0x6e 0x58 0x0 0x360004 0x0 0x0 0x0 0x0 0x0 0x0 0x0 0x0 0x0 0x0 0x0 0x0 0x9 0x2 0x0 0xffffffffffffffff oops 0 methods 0
ciMethod java/util/Collections$SingletonList <init> (Ljava/lang/Object;)V 742 0 58409 0 -1
ciMethod java/util/ResourceBundle getString (Ljava/lang/String;)Ljava/lang/String; 304 0 2839 0 -1
ciMethod java/util/ResourceBundle containsKey (Ljava/lang/String;)Z 512 520 364 0 -1
ciMethod org/bsplines/ltexls/languagetool/LanguageToolJavaInterface checkInternal$lambda$0 (Lorg/bsplines/ltexls/parsing/AnnotatedTextFragment;)Z 1024 0 104220 0 0
ciMethod org/languagetool/JLanguageTool getDataBroker ()Lorg/languagetool/broker/ResourceDataBroker; 104 0 512 0 -1
ciMethod org/languagetool/broker/ResourceDataBroker getFromResourceDirAsStream (Ljava/lang/String;)Ljava/io/InputStream; 0 0 1 0 -1
ciMethod  @bci com/vladsch/flexmark/util/sequence/Escaping <clinit> ()V 23 <appendix> argL1 form vmentry <vmtarget> ; invoke (Ljava/lang/Object;JLjava/lang/Object;Ljava/lang/Object;)J 5800 0 98918 0 -1
ciMethodData  @bci com/vladsch/flexmark/util/sequence/Escaping <clinit> ()V 23 <appendix> argL1 form vmentry <vmtarget> ; invoke (Ljava/lang/Object;JLjava/lang/Object;Ljava/lang/Object;)J 2 96018 orig 80 0 0 0 0 0 0 0 0 0 0 0 0 0 0 0 0 0 0 0 0 0 0 0 0 0 0 0 0 0 0 0 0 0 0 0 0 0 0 0 0 0 0 0 0 0 0 0 0 0 0 0 0 0 0 0 0 0 0 0 0 0 0 0 0 0 0 0 0 0 0 0 0 0 0 0 0 0 0 0 0 data 45 0x10004 0x0 0x0 0x23062d1f318 0xfe 0x0 0x0 0x130004 0x0 0x0 0x2305caafde8 0xfe 0x0 0x0 0x1c000b 0x17712 0x0 0x0 0x0 0x0 0x0 0x4 0x3 0x2305cabb1f8 0x4 0x2305caad948 0x0 0x0 0x0 0x0 0x0 0x0 0x9 0x5 0x0 0x0 0x0 0x0 0x0 0xc 0x4 0x0 0x23062d1f318 0x3 0x2305cabb1f8 oops 6 3 java/lang/invoke/BoundMethodHandle$Species_LL 10 java/lang/invoke/DirectMethodHandle 23 [B 25 java/lang/String 42 java/lang/invoke/BoundMethodHandle$Species_LL 44 [B methods 0
ciMethodData java/lang/invoke/DirectMethodHandle internalMemberName (Ljava/lang/Object;)Ljava/lang/Object; 2 1058402 orig 80 1 0 0 0 0 0 0 0 0 0 0 0 48 2 0 0 0 0 0 0 4 0 0 0 0 0 0 0 0 0 0 0 0 0 0 0 0 0 0 0 0 0 0 0 0 0 0 0 0 0 0 0 0 0 0 0 0 0 0 0 0 0 0 0 0 0 0 0 0 0 0 0 0 0 0 0 0 0 0 0 data 16 0x8000000400010004 0x0 0x0 0x2305caafde8 0x32e4 0x2306570d278 0x4 0x0 0x0 0x0 0x0 0x0 0x0 0x9 0x1 0x0 oops 2 3 java/lang/invoke/DirectMethodHandle 5 java/lang/invoke/DirectMethodHandle$Interface methods 0
ciMethod java/text/Format format (Ljava/lang/Object;)Ljava/lang/String; 512 0 362 0 -1
ciMethod java/util/logging/Logger log (Ljava/util/logging/Level;Ljava/lang/String;)V 10 0 191 0 -1
ciMethod java/util/logging/Logger fine (Ljava/lang/String;)V 8 0 131 0 0
ciMethodData java/lang/invoke/Invokers$Holder linkToTargetMethod (Ljava/lang/Object;Ljava/lang/Object;)Ljava/lang/Object; 2 225899 orig 80 0 0 0 0 0 0 0 0 0 0 0 0 48 2 0 0 0 0 0 0 0 0 0 0 0 0 0 0 0 0 0 0 0 0 0 0 0 0 0 0 0 0 0 0 0 0 0 0 0 0 0 0 0 0 0 0 0 0 0 0 0 0 0 0 0 0 0 0 0 0 0 0 0 0 0 0 0 0 0 0 data 34 0x10004 0x0 0x0 0x23062d1f268 0xb8e 0x23062d1f318 0x1e5 0x5000b 0x3726b 0x0 0x0 0x0 0x0 0x0 0x3 0x1 0x2 0x2 0x0 0x0 0x0 0x0 0x0 0x0 0x9 0x2 0x0 0x0 0xc 0x4 0x0 0x2 0x1 0x2 oops 2 3 java/lang/invoke/DirectMethodHandle$Constructor 5 java/lang/invoke/BoundMethodHandle$Species_LL methods 0
ciMethod java/util/concurrent/CancellationException <init> ()V 2 0 22 0 0
ciMethodData java/lang/invoke/DirectMethodHandle$Holder invokeStatic (Ljava/lang/Object;Ljava/lang/Object;J)Ljava/lang/Object; 2 88215 orig 80 0 0 0 0 0 0 0 0 0 0 0 0 48 2 0 0 0 0 0 0 0 0 0 0 0 0 0 0 0 0 0 0 0 0 0 0 0 0 0 0 0 0 0 0 0 0 0 0 0 0 0 0 0 0 0 0 0 0 0 0 0 0 0 0 0 0 0 0 0 0 0 0 0 0 0 0 0 0 0 0 data 39 0x1000a 0x15897 0x3 0x0 0x2305caafde8 0x2305caaff98 0xa0004 0x0 0x0 0x2305caaff98 0x9 0x0 0x0 0xd000a 0x15897 0x5 0x0 0x2 0x3 0x2305caaff98 0x2 0x0 0x0 0x0 0x0 0x0 0x0 0x9 0x4 0x0 0x0 0x0 0x0 0xc 0x4 0x0 0x2305caafde8 0x1 0x2 oops 5 4 java/lang/invoke/DirectMethodHandle 5 java/lang/invoke/MemberName 9 java/lang/invoke/MemberName 19 java/lang/invoke/MemberName 36 java/lang/invoke/DirectMethodHandle methods 0
ciMethodData java/lang/invoke/DirectMethodHandle$Holder invokeStatic (Ljava/lang/Object;Ljava/lang/Object;)Ljava/lang/Object; 2 99406 orig 80 0 0 0 0 0 0 0 0 0 0 0 0 48 2 0 0 0 0 0 0 0 0 0 0 0 0 0 0 0 0 0 0 0 0 0 0 0 0 0 0 0 0 0 0 0 0 0 0 0 0 0 0 0 0 0 0 0 0 0 0 0 0 0 0 0 0 0 0 0 0 0 0 0 0 0 0 0 0 0 0 data 37 0x1000a 0x1844e 0x3 0x0 0x2305caafde8 0x2305caaff98 0x70004 0x0 0x0 0x2305caaff98 0x2 0x0 0x0 0xa000a 0x1844e 0x5 0x0 0x3 0x1 0x2305caaff98 0x2305caad948 0x0 0x0 0x0 0x0 0x0 0x0 0x9 0x2 0x0 0x0 0xc 0x4 0x0 0x2305caafde8 0x1 0x3 oops 6 4 java/lang/invoke/DirectMethodHandle 5 java/lang/invoke/MemberName 9 java/lang/invoke/MemberName 19 java/lang/invoke/MemberName 20 java/lang/String 34 java/lang/invoke/DirectMethodHandle methods 0
ciMethod it/unimi/dsi/fastutil/objects/Object2ObjectOpenHashMap <init> (IF)V 12 0 12 0 0
ciMethod it/unimi/dsi/fastutil/objects/Object2ObjectOpenHashMap <init> ()V 12 0 12 0 0
ciMethod it/unimi/dsi/fastutil/objects/Object2ObjectOpenHashMap get (Ljava/lang/Object;)Ljava/lang/Object; 4424 5034 10671 0 1936
ciMethod it/unimi/dsi/fastutil/objects/Object2ObjectOpenHashMap trim ()Z 8 0 10 0 0
ciMethod it/unimi/dsi/fastutil/objects/Object2ObjectOpenHashMap trim (I)Z 8 0 10 0 -1
ciMethod it/unimi/dsi/fastutil/Function containsKey (Ljava/lang/Object;)Z 0 0 1 0 -1
ciMethod it/unimi/dsi/fastutil/objects/AbstractObject2ObjectMap <init> ()V 24 0 12 0 0
ciMethod it/unimi/dsi/fastutil/objects/AbstractObject2ObjectFunction <init> ()V 24 0 12 0 0
ciMethod it/unimi/dsi/fastutil/HashCommon mix (I)I 1024 0 579339 0 96
ciMethod it/unimi/dsi/fastutil/HashCommon nextPowerOfTwo (J)J 1024 0 6687 0 -1
ciMethod it/unimi/dsi/fastutil/HashCommon maxFill (IF)I 1024 0 5145 0 0
ciMethod it/unimi/dsi/fastutil/HashCommon arraySize (IF)I 16 0 5480 0 0
ciMethodData it/unimi/dsi/fastutil/HashCommon mix (I)I 2 578827 orig 80 0 0 0 0 0 0 0 0 0 0 0 0 0 0 0 0 0 0 0 0 0 0 0 0 0 0 0 0 0 0 0 0 0 0 0 0 0 0 0 0 0 0 0 0 0 0 0 0 0 0 0 0 0 0 0 0 0 0 0 0 0 0 0 0 0 0 0 0 0 0 0 0 0 0 0 0 0 0 0 0 data 5 0x0 0x0 0x9 0x1 0x0 oops 0 methods 0
ciMethodData it/unimi/dsi/fastutil/HashCommon arraySize (IF)I 2 5472 orig 80 0 0 0 0 0 0 0 0 0 0 0 0 48 2 0 0 0 0 0 0 0 0 0 0 0 0 0 0 0 0 0 0 0 0 0 0 0 0 0 0 0 0 0 0 0 0 0 0 0 0 0 0 0 0 0 0 0 0 0 0 0 0 0 0 0 0 0 0 0 0 0 0 0 0 0 0 0 0 0 0 data 66 0x80002 0x1560 0xc0002 0x1560 0xf0002 0x1560 0x180007 0x1560 0x190 0x0 0x230002 0x0 0x280005 0x0 0x0 0x0 0x0 0x0 0x0 0x2c0005 0x0 0x0 0x0 0x0 0x0 0x0 0x310005 0x0 0x0 0x0 0x0 0x0 0x0 0x350005 0x0 0x0 0x0 0x0 0x0 0x0 0x3a0005 0x0 0x0 0x0 0x0 0x0 0x0 0x3d0005 0x0 0x0 0x0 0x0 0x0 0x0 0x400002 0x0 0x0 0x0 0x0 0x0 0x0 0x0 0x9 0x2 0x0 0x0 oops 0 methods 0
ciMethod org/languagetool/tools/StringInterner intern (Ljava/lang/String;)Ljava/lang/String; 846 0 655138 0 -1
ciMethod  @bci com/vladsch/flexmark/util/sequence/Escaping <clinit> ()V 23 <appendix> argL2 form vmentry <vmtarget> ; invoke (Ljava/lang/Object;J)Ljava/lang/Object; 286 0 9407 0 -1
ciMethodData  @bci com/vladsch/flexmark/util/sequence/Escaping <clinit> ()V 23 <appendix> argL2 form vmentry <vmtarget> ; invoke (Ljava/lang/Object;J)Ljava/lang/Object; 2 9264 orig 80 0 0 0 0 0 0 0 0 0 0 0 0 0 0 0 0 0 0 0 0 0 0 0 0 0 0 0 0 0 0 0 0 0 0 0 0 0 0 0 0 0 0 0 0 0 0 0 0 0 0 0 0 0 0 0 0 0 0 0 0 0 0 0 0 0 0 0 0 0 0 0 0 0 0 0 0 0 0 0 0 data 40 0x10004 0x0 0x0 0x23062d1f318 0x7d7 0x0 0x0 0x120004 0x0 0x0 0x2305caafde8 0x7d7 0x0 0x0 0x17000b 0x2430 0x0 0x0 0x0 0x0 0x0 0x3 0x1 0x2305caad948 0x2305cabb1f8 0x0 0x0 0x0 0x0 0x0 0x0 0x9 0x3 0x0 0x0 0x0 0xc 0x2 0x0 0x23062d1f318 oops 5 3 java/lang/invoke/BoundMethodHandle$Species_LL 10 java/lang/invoke/DirectMethodHandle 23 java/lang/String 24 [B 39 java/lang/invoke/BoundMethodHandle$Species_LL methods 0
ciMethodData it/unimi/dsi/fastutil/HashCommon maxFill (IF)I 2 4633 orig 80 0 0 0 0 0 0 0 0 0 0 0 0 0 0 0 0 0 0 0 0 0 0 0 0 0 0 0 0 0 0 0 0 0 0 0 0 0 0 0 0 0 0 0 0 0 0 0 0 0 0 0 0 0 0 0 0 0 0 0 0 0 0 0 0 0 0 0 0 0 0 0 0 0 0 0 0 0 0 0 0 data 14 0x50002 0x121a 0xc0002 0x121a 0x0 0x0 0x0 0x0 0x0 0x0 0x9 0x2 0x0 0x0 oops 0 methods 0
ciMethod  @bci com/vladsch/flexmark/util/sequence/Escaping <clinit> ()V 23 <appendix> argL3 form vmentry <vmtarget> ; invoke (Ljava/lang/Object;Ljava/lang/Object;)J 1024 0 2319 0 -1
ciMethodData  @bci com/vladsch/flexmark/util/sequence/Escaping <clinit> ()V 23 <appendix> argL3 form vmentry <vmtarget> ; invoke (Ljava/lang/Object;Ljava/lang/Object;)J 2 1807 orig 80 0 0 0 0 0 0 0 0 0 0 0 0 0 0 0 0 0 0 0 0 0 0 0 0 0 0 0 0 0 0 0 0 0 0 0 0 0 0 0 0 0 0 0 0 0 0 0 0 0 0 0 0 0 0 0 0 0 0 0 0 0 0 0 0 0 0 0 0 0 0 0 0 0 0 0 0 0 0 0 0 data 40 0x10004 0x0 0x0 0x2306570b690 0x59e 0x0 0x0 0x120004 0x0 0x0 0x2305caafde8 0x59e 0x0 0x0 0x17000b 0x710 0x0 0x0 0x0 0x0 0x0 0x2 0x3 0x2305caad948 0x0 0x0 0x0 0x0 0x0 0x0 0x9 0x2 0x0 0x0 0xc 0x4 0x0 0x2306570b690 0x1 0x2305caad948 oops 5 3 java/lang/invoke/BoundMethodHandle$Species_LJ 10 java/lang/invoke/DirectMethodHandle 23 java/lang/String 37 java/lang/invoke/BoundMethodHandle$Species_LJ 39 java/lang/String methods 0
ciMethod  @bci org/bsplines/ltexls/parsing/latex/LatexAnnotatedTextBuilderDefaults <clinit> ()V 16727 <appendix> form vmentry <vmtarget> ; invoke (Ljava/lang/Object;Ljava/lang/Object;)Ljava/lang/Object; 1024 0 2134 0 -1
ciMethod org/languagetool/AnalyzedTokenReadings <init> (Ljava/util/List;I)V 4234 0 24692 0 -1
ciMethod org/languagetool/AnalyzedTokenReadings <init> (Lorg/languagetool/AnalyzedTokenReadings;Ljava/util/List;Ljava/lang/String;)V 4160 0 8309 0 3472
ciMethod org/languagetool/AnalyzedTokenReadings getAnalyzedToken (I)Lorg/languagetool/AnalyzedToken; 804 0 575009 0 -1
ciMethod org/languagetool/AnalyzedTokenReadings hasPosTagAndLemma (Ljava/lang/String;Ljava/lang/String;)Z 0 0 4 0 0
ciMethod org/languagetool/AnalyzedTokenReadings immunize (I)V 0 0 56 0 -1
ciMethod org/languagetool/AnalyzedTokenReadings isImmunized ()Z 4704 0 52641 0 -1
ciMethod org/languagetool/AnalyzedTokenReadings getImmunizationSourceLine ()I 0 0 1 0 -1
ciMethod org/languagetool/AnalyzedTokenReadings ignoreSpelling ()V 0 0 272 0 0
ciMethod org/languagetool/AnalyzedTokenReadings isIgnoredBySpeller ()Z 264 0 132 0 -1
ciMethod org/languagetool/AnalyzedTokenReadings isPosTagUnknown ()Z 0 0 1 0 -1
ciMethod org/languagetool/AnalyzedTokenReadings hasReading ()Z 0 0 1 0 -1
ciMethod org/languagetool/AnalyzedTokenReadings addReading (Lorg/languagetool/AnalyzedToken;Ljava/lang/String;)V 4096 0 2196 0 -1
ciMethod org/languagetool/AnalyzedTokenReadings getReadingsLength ()I 798 0 204734 0 -1
ciMethod org/languagetool/AnalyzedTokenReadings isWhitespace ()Z 622 0 311 0 0
ciMethod org/languagetool/AnalyzedTokenReadings isSentenceStart ()Z 272 0 136 0 0
ciMethod org/languagetool/AnalyzedTokenReadings isParagraphEnd ()Z 406 0 203 0 0
ciMethod org/languagetool/AnalyzedTokenReadings setParagraphEnd ()V 2 0 190 0 -1
ciMethod org/languagetool/AnalyzedTokenReadings isSentenceEnd ()Z 256 0 128 0 0
ciMethod org/languagetool/AnalyzedTokenReadings setSentEnd ()V 64 0 938 0 -1
ciMethod org/languagetool/AnalyzedTokenReadings getStartPos ()I 312 0 156 0 -1
ciMethod org/languagetool/AnalyzedTokenReadings getToken ()Ljava/lang/String; 546 0 273 0 0
ciMethod org/languagetool/AnalyzedTokenReadings setWhitespaceBefore (Ljava/lang/String;)V 4160 5744 8958 0 -1
ciMethod org/languagetool/AnalyzedTokenReadings getWhitespaceBefore ()Ljava/lang/String; 264 0 132 0 -1
ciMethod org/languagetool/AnalyzedTokenReadings getHistoricalAnnotations ()Ljava/lang/String; 264 0 132 0 -1
ciMethod org/languagetool/AnalyzedTokenReadings setHistoricalAnnotations (Ljava/lang/String;)V 866 0 6416 0 -1
ciMethod org/languagetool/AnalyzedTokenReadings addHistoricalAnnotations (Ljava/lang/String;Ljava/lang/String;)V 4120 0 9270 0 -1
ciMethod org/languagetool/AnalyzedTokenReadings setChunkTags (Ljava/util/List;)V 6 0 16142 0 -1
ciMethod org/languagetool/AnalyzedTokenReadings getChunkTags ()Ljava/util/List; 260 0 130 0 -1
ciMethod org/languagetool/AnalyzedTokenReadings toString ()Ljava/lang/String; 4118 7388 8268 0 -1
ciMethod org/languagetool/AnalyzedTokenReadings iterator ()Ljava/util/Iterator; 4114 0 8228 0 -1
ciMethod org/languagetool/AnalyzedTokenReadings setTypographicApostrophe ()V 0 0 1 0 -1
ciMethod org/languagetool/AnalyzedTokenReadings hasTypographicApostrophe ()Z 264 0 132 0 -1
ciMethod org/languagetool/AnalyzedToken <init> (Ljava/lang/String;Ljava/lang/String;Ljava/lang/String;)V 512 0 33263 0 2728
ciMethod org/languagetool/AnalyzedToken getToken ()Ljava/lang/String; 256 0 128 0 0
ciMethod org/languagetool/AnalyzedToken getPOSTag ()Ljava/lang/String; 260 0 130 0 0
ciMethod org/languagetool/AnalyzedToken getLemma ()Ljava/lang/String; 260 0 130 0 0
ciMethodData java/lang/invoke/DirectMethodHandle$Holder invokeStatic (Ljava/lang/Object;JLjava/lang/Object;)J 2 96015 orig 80 0 0 0 0 0 0 0 0 0 0 0 0 0 0 0 0 0 0 0 0 0 0 0 0 0 0 0 0 0 0 0 0 0 0 0 0 0 0 0 0 0 0 0 0 0 0 0 0 0 0 0 0 0 0 0 0 0 0 0 0 0 0 0 0 0 0 0 0 0 0 0 0 0 0 0 0 0 0 0 0 data 38 0x1000a 0x1770f 0x3 0x0 0x2305caafde8 0x2305caaff98 0xa0004 0x0 0x0 0x2305caaff98 0xfb 0x0 0x0 0xd000a 0x1770f 0x4 0x2 0x2305caad948 0x3 0x2305caaff98 0x0 0x0 0x0 0x0 0x0 0x0 0x9 0x4 0x0 0x0 0x0 0x0 0xc 0x4 0x0 0x2305caafde8 0x3 0x2305caad948 oops 7 4 java/lang/invoke/DirectMethodHandle 5 java/lang/invoke/MemberName 9 java/lang/invoke/MemberName 17 java/lang/String 19 java/lang/invoke/MemberName 35 java/lang/invoke/DirectMethodHandle 37 java/lang/String methods 0
ciMethodData java/lang/StringConcatHelper newArrayWithSuffix (Ljava/lang/String;J)[B 2 9264 orig 80 0 0 0 0 0 0 0 0 0 0 0 0 0 0 0 0 0 0 0 0 0 0 0 0 0 0 0 0 0 0 0 0 0 0 0 0 0 0 0 0 0 0 0 0 0 0 0 0 0 0 0 0 0 0 0 0 0 0 0 0 0 0 0 0 0 0 0 0 0 0 0 0 0 0 0 0 0 0 0 0 data 41 0x20005 0x2430 0x0 0x0 0x0 0x0 0x0 0x70002 0x2430 0x100007 0x6b 0x70 0x23c5 0x180005 0x23c5 0x0 0x0 0x0 0x0 0x0 0x1b0003 0x23c5 0x50 0x230005 0x6b 0x0 0x0 0x0 0x0 0x0 0x0 0x0 0x0 0x0 0x0 0x0 0x9 0x3 0x0 0x0 0x0 oops 0 methods 0
ciMethodData java/lang/invoke/DirectMethodHandle$Holder invokeStatic (Ljava/lang/Object;JLjava/lang/Object;Ljava/lang/Object;Ljava/lang/Object;)J 2 96018 orig 80 0 0 0 0 0 0 0 0 0 0 0 0 0 0 0 0 0 0 0 0 0 0 0 0 0 0 0 0 0 0 0 0 0 0 0 0 0 0 0 0 0 0 0 0 0 0 0 0 0 0 0 0 0 0 0 0 0 0 0 0 0 0 0 0 0 0 0 0 0 0 0 0 0 0 0 0 0 0 0 0 data 40 0x1000a 0x17712 0x3 0x0 0x2305caafde8 0x2305caaff98 0xe0004 0x0 0x0 0x2305caaff98 0xfe 0x0 0x0 0x11000a 0x17712 0x4 0x2 0x2305cabb1f8 0x3 0x2305caad948 0x0 0x0 0x0 0x0 0x0 0x0 0x9 0x6 0x0 0x0 0x0 0x0 0x0 0x0 0xc 0x4 0x0 0x2305caafde8 0x3 0x2305cabb1f8 oops 7 4 java/lang/invoke/DirectMethodHandle 5 java/lang/invoke/MemberName 9 java/lang/invoke/MemberName 17 [B 19 java/lang/String 37 java/lang/invoke/DirectMethodHandle 39 [B methods 0
ciMethodData java/lang/StringConcatHelper prepend (J[BLjava/lang/String;Ljava/lang/String;)J 2 15306 orig 80 0 0 0 0 0 0 0 0 0 0 0 0 0 0 0 0 0 0 0 0 0 0 0 0 0 0 0 0 0 0 0 0 0 0 0 0 0 0 0 0 0 0 0 0 0 0 0 0 0 0 0 0 0 0 0 0 0 0 0 0 0 0 0 0 0 0 0 0 0 0 0 0 0 0 0 0 0 0 0 0 data 21 0x30002 0x3bca 0x90007 0x37a3 0x30 0x427 0x100002 0x427 0x0 0x0 0x0 0x0 0x0 0x0 0x9 0x5 0x0 0x0 0x0 0x0 0x0 oops 0 methods 0
ciMethodData java/util/Collections singletonList (Ljava/lang/Object;)Ljava/util/List; 2 58038 orig 80 0 0 0 0 0 0 0 0 0 0 0 0 48 2 0 0 0 0 0 0 0 0 0 0 0 0 0 0 0 0 0 0 0 0 0 0 0 0 0 0 0 0 0 0 0 0 0 0 0 0 0 0 0 0 0 0 0 0 0 0 0 0 0 0 0 0 0 0 0 0 0 0 0 0 0 0 0 0 0 0 data 8 0x50002 0xe2b6 0x0 0x0 0x0 0x9 0x1 0x0 oops 0 methods 0
ciMethodData java/lang/AbstractStringBuilder <init> (Ljava/lang/String;)V 2 12457 orig 80 0 0 0 0 0 0 0 0 0 0 0 0 48 2 0 0 0 0 0 0 0 0 0 0 0 0 0 0 0 0 0 0 0 0 0 0 0 0 0 0 0 0 0 0 0 0 0 0 0 0 0 0 0 0 0 0 0 0 0 0 0 0 0 0 0 0 0 0 0 0 0 0 0 0 0 0 0 0 0 0 data 49 0x10002 0x30a9 0x50005 0x30a9 0x0 0x0 0x0 0x0 0x0 0xc0007 0x0 0x38 0x30a9 0x130003 0x30a9 0x18 0x1a0005 0x30a9 0x0 0x0 0x0 0x0 0x0 0x280007 0x46 0x38 0x3063 0x2e0003 0x3063 0x28 0x320002 0x46 0x3a0005 0x0 0x0 0x2305cab0948 0x3098 0x2305cab0808 0x11 0x0 0x0 0x0 0x0 0x0 0x0 0x9 0x2 0xffffffffffffffff 0xffffffffffffffff oops 2 35 java/lang/StringBuilder 37 java/lang/StringBuffer methods 0
ciMethod org/bsplines/ltexls/tools/Logging getLOGGER ()Ljava/util/logging/Logger; 10 0 330 0 0
ciMethod it/unimi/dsi/fastutil/objects/Object2IntFunction getInt (Ljava/lang/Object;)I 0 0 1 0 -1
ciMethod it/unimi/dsi/fastutil/objects/Object2IntFunction get (Ljava/lang/Object;)Ljava/lang/Integer; 570 0 13839 0 0
ciMethod it/unimi/dsi/fastutil/objects/Object2IntFunction defaultReturnValue ()I 0 0 1 0 -1
ciMethod it/unimi/dsi/fastutil/objects/Object2IntMap get (Ljava/lang/Object;)Ljava/lang/Integer; 570 0 13839 0 0
ciMethod it/unimi/dsi/fastutil/objects/Object2IntMap get (Ljava/lang/Object;)Ljava/lang/Object; 566 0 13839 0 2048
ciMethod it/unimi/dsi/fastutil/objects/Object2IntOpenHashMap <init> (IF)V 40 0 26 0 0
ciMethod it/unimi/dsi/fastutil/objects/Object2IntOpenHashMap <init> ()V 8 0 10 0 0
ciMethod it/unimi/dsi/fastutil/objects/Object2IntOpenHashMap getInt (Ljava/lang/Object;)I 772 374 39306 0 0
ciMethod it/unimi/dsi/fastutil/objects/Object2IntOpenHashMap containsKey (Ljava/lang/Object;)Z 640 328 22849 0 1784
ciMethod it/unimi/dsi/fastutil/objects/Object2IntOpenHashMap trim ()Z 8 0 10 0 0
ciMethod it/unimi/dsi/fastutil/objects/Object2IntOpenHashMap trim (I)Z 8 0 10 0 -1
ciMethod it/unimi/dsi/fastutil/objects/AbstractObject2IntMap <init> ()V 52 0 26 0 0
ciMethod it/unimi/dsi/fastutil/objects/AbstractObject2IntFunction <init> ()V 52 0 26 0 0
ciMethod it/unimi/dsi/fastutil/objects/AbstractObject2IntFunction defaultReturnValue ()I 328 0 164 0 0
ciMethodData org/languagetool/AnalyzedTokenReadings ignoreSpelling ()V 1 273 orig 80 0 0 0 0 0 0 0 0 0 0 0 0 48 2 0 0 0 0 0 0 0 0 0 0 0 0 0 0 0 0 0 0 0 0 0 0 0 0 0 0 0 0 0 0 0 0 0 0 0 0 0 0 0 0 0 0 0 0 0 0 0 0 0 0 0 0 0 0 0 0 0 0 0 0 0 0 0 0 0 0 data 6 0x0 0x0 0x0 0x9 0x1 0x0 oops 0 methods 0
ciMethodData  @bci org/bsplines/ltexls/parsing/latex/LatexAnnotatedTextBuilderDefaults <clinit> ()V 16727 <appendix> form vmentry <vmtarget> ; invoke (Ljava/lang/Object;Ljava/lang/Object;)Ljava/lang/Object; 2 1622 orig 80 0 0 0 0 0 0 0 0 0 0 0 0 0 0 0 0 0 0 0 0 0 0 0 0 0 0 0 0 0 0 0 0 0 0 0 0 0 0 0 0 0 0 0 0 0 0 0 0 0 0 0 0 0 0 0 0 0 0 0 0 0 0 0 0 0 0 0 0 0 0 0 0 0 0 0 0 0 0 0 0 data 111 0x10004 0x0 0x0 0x23062d1e858 0x4e5 0x0 0x0 0xb0004 0x0 0x0 0x2305caafde8 0x4e5 0x0 0x0 0xf000b 0x657 0x0 0x0 0x0 0x0 0x0 0x3 0x1 0x2 0x2305caad948 0x1b0004 0x0 0x0 0x2306570b690 0x4e5 0x0 0x0 0x1f000b 0x657 0x0 0x0 0x0 0x0 0x0 0x2 0x1 0x2305caad948 0x2c0004 0x0 0x0 0x23062d1f318 0x4e5 0x0 0x0 0x31000b 0x657 0x0 0x0 0x0 0x0 0x0 0x1 0x2305cabb1f8 0x3e0004 0x0 0x0 0x23062d1f318 0x4e5 0x0 0x0 0x46000b 0x657 0x0 0x0 0x0 0x0 0x0 0x4 0x3 0x2305cabb1f8 0x4 0x2305caad948 0x530004 0x0 0x0 0x2305caafde8 0x4e5 0x0 0x0 0x5a000b 0x657 0x0 0x0 0x0 0x0 0x0 0x3 0x1 0x2305cabb1f8 0x2305caad948 0x0 0x0 0x0 0x0 0x0 0x0 0x9 0x2 0x0 0x0 0xc 0x4 0x0 0x23062d1e858 0x1 0x2 oops 14 3 java/lang/invoke/BoundMethodHandle$Species_LLLLL 10 java/lang/invoke/DirectMethodHandle 24 java/lang/String 28 java/lang/invoke/BoundMethodHandle$Species_LJ 41 java/lang/String 45 java/lang/invoke/BoundMethodHandle$Species_LL 57 [B 61 java/lang/invoke/BoundMethodHandle$Species_LL 74 [B 76 java/lang/String 80 java/lang/invoke/DirectMethodHandle 93 [B 94 java/lang/String 108 java/lang/invoke/BoundMethodHandle$Species_LLLLL methods 0
ciMethodData it/unimi/dsi/fastutil/objects/Object2IntOpenHashMap getInt (Ljava/lang/Object;)I 2 38920 orig 80 0 0 0 0 0 0 0 0 0 0 0 0 48 2 0 0 0 0 0 0 0 0 0 0 0 0 0 0 0 0 0 0 0 0 0 0 0 0 0 0 0 0 0 0 0 0 0 0 0 0 0 0 0 0 0 0 0 0 0 0 0 0 0 0 0 0 0 0 0 0 0 0 0 0 0 0 0 0 0 0 data 63 0x10007 0x9808 0x58 0x0 0x80007 0x0 0x38 0x0 0x140003 0x0 0x18 0x230005 0x0 0x0 0x2305caad948 0x9808 0x0 0x0 0x260002 0x9808 0x340007 0x21bc 0x20 0x764c 0x3e0005 0x0 0x0 0x2305caad948 0x21bc 0x0 0x0 0x410007 0x21ad 0x20 0xf 0x5c0007 0x2d77 0x20 0x21ab 0x660005 0x0 0x0 0x2305caad948 0x2d77 0x0 0x0 0x690007 0x2d75 0xffffffffffffffa8 0x2 0x0 0x0 0x0 0x0 0x0 0x0 0x0 0x0 0x0 0x9 0x2 0x0 0x0 oops 3 14 java/lang/String 27 java/lang/String 42 java/lang/String methods 0
ciMethodData org/languagetool/AnalyzedToken <init> (Ljava/lang/String;Ljava/lang/String;Ljava/lang/String;)V 2 33007 orig 80 1 0 0 0 0 0 0 0 0 0 0 0 48 2 0 0 0 0 0 0 0 0 0 0 0 0 0 0 0 0 0 0 0 0 0 0 0 0 0 1 0 0 0 0 0 0 0 0 0 0 0 0 0 0 0 0 0 0 0 0 0 0 0 0 0 0 0 0 0 0 0 0 0 0 0 0 0 0 0 0 data 86 0x10002 0x80ef 0x80002 0x80ef 0xb0004 0x0 0x0 0x2305caad948 0x9a 0x0 0x0 0xe0002 0x80ef 0x160007 0x5d2 0x80 0x7b1d 0x1a0005 0x7b1d 0x0 0x0 0x0 0x0 0x0 0x1d0002 0x7b1d 0x200003 0x7b1d 0x18 0x290007 0x91b 0x48 0x77d4 0x2d0002 0x77d4 0x300003 0x77d4 0x18 0x3b0007 0x77d4 0x38 0x91b 0x460003 0x91b 0x18 0x530007 0x5d2 0xd0 0x7b1d 0x590005 0x7b1d 0x0 0x0 0x0 0x0 0x0 0x80000006005c0007 0x1 0x78 0x7b1d 0x620005 0x7b1d 0x0 0x0 0x0 0x0 0x0 0x650007 0x7b1c 0x38 0x1 0x690003 0x5d4 0x18 0x0 0x0 0x0 0x0 0x0 0x0 0x9 0x4 0x1e 0x0 0x0 0xffffffffffffffff oops 1 7 java/lang/String methods 0
ciMethodData java/lang/StringBuilder <init> (Ljava/lang/String;)V 2 27652 orig 80 0 0 0 0 0 0 0 0 0 0 0 0 48 2 0 0 0 0 0 0 0 0 0 0 0 0 0 0 0 0 0 0 0 0 0 0 0 0 0 0 0 0 0 0 0 0 0 0 0 0 0 0 0 0 0 0 0 0 0 0 0 0 0 0 0 0 0 0 0 0 0 0 0 0 0 0 0 0 0 0 data 8 0x20002 0x6c04 0x0 0x0 0x9 0x2 0x0 0x0 oops 0 methods 0
ciMethod java/util/concurrent/CompletableFuture isCancelled ()Z 524 0 3982 0 0
ciMethod java/text/MessageFormat <init> (Ljava/lang/String;)V 512 0 362 0 -1
ciMethod java/text/MessageFormat applyPattern (Ljava/lang/String;)V 238 4178 700 0 -1
ciMethod org/bsplines/ltexls/server/LtexTextDocumentItem raiseExceptionIfCanceled ()V 920 0 36266 3 816
ciMethod org/eclipse/lsp4j/jsonrpc/CancelChecker isCanceled ()Z 0 0 1 0 -1
ciMethod org/bsplines/ltexls/tools/I18n format (Ljava/lang/String;[Ljava/lang/Object;)Ljava/lang/String; 10 16 338 0 0
ciMethod kotlin/text/StringsKt__StringsJVMKt replace$default (Ljava/lang/String;Ljava/lang/String;Ljava/lang/String;ZILjava/lang/Object;)Ljava/lang/String; 512 0 338 0 -1
ciMethodData org/bsplines/ltexls/tools/Logging getLOGGER ()Ljava/util/logging/Logger; 1 325 orig 80 0 0 0 0 0 0 0 0 0 0 0 0 48 2 0 0 0 0 0 0 0 0 0 0 0 0 0 0 0 0 0 0 0 0 0 0 0 0 0 0 0 0 0 0 0 0 0 0 0 0 0 0 0 0 0 0 0 0 0 0 0 0 0 0 0 0 0 0 0 0 0 0 0 0 0 0 0 0 0 0 data 5 0x0 0x0 0x9 0x1 0x0 oops 0 methods 0
ciMethodData org/bsplines/ltexls/tools/I18n format (Ljava/lang/String;[Ljava/lang/Object;)Ljava/lang/String; 1 333 orig 80 0 0 0 0 0 0 0 0 0 0 0 0 48 2 0 0 0 0 0 0 0 0 0 0 0 0 0 0 0 0 0 0 0 0 0 0 0 0 0 0 0 0 0 0 0 0 0 0 0 0 0 0 0 0 0 0 0 0 0 0 0 0 0 0 0 0 0 0 0 0 0 0 0 0 0 0 0 0 0 0 data 214 0x30002 0x14d 0x90002 0x14d 0x110007 0x0 0xd8 0x14d 0x160005 0x0 0x0 0x23062b51be0 0x14d 0x0 0x0 0x190007 0x0 0x80 0x14d 0x1e0005 0x14d 0x0 0x0 0x0 0x0 0x0 0x250002 0x14d 0x2a0003 0x14d 0x378 0x310002 0x0 0x370007 0x0 0xe0 0x0 0x3e0005 0x0 0x0 0x0 0x0 0x0 0x0 0x450005 0x0 0x0 0x0 0x0 0x0 0x0 0x4d0005 0x0 0x0 0x0 0x0 0x0 0x0 0x500003 0x0 0xc0 0x570005 0x0 0x0 0x0 0x0 0x0 0x0 0x5e0005 0x0 0x0 0x0 0x0 0x0 0x0 0x660005 0x0 0x0 0x0 0x0 0x0 0x0 0x6e0005 0x0 0x0 0x0 0x0 0x0 0x0 0x7d0007 0x0 0x148 0x0 0x820007 0x0 0x58 0x0 0x890005 0x0 0x0 0x0 0x0 0x0 0x0 0x910005 0x0 0x0 0x0 0x0 0x0 0x0 0x990002 0x0 0x9c0005 0x0 0x0 0x0 0x0 0x0 0x0 0xa40005 0x0 0x0 0x0 0x0 0x0 0x0 0xab0003 0x0 0xfffffffffffffed0 0xb00005 0x0 0x0 0x0 0x0 0x0 0x0 0xb70002 0x0 0xc40002 0x14d 0xd40002 0x14d 0xd70005 0x0 0x0 0x23061945ea8 0x14d 0x0 0x0 0xec0007 0x14d 0x70 0x13b 0xf90004 0x0 0x0 0x2305caad948 0x13b 0x0 0x0 0xfd0003 0x13b 0xffffffffffffffa8 0x10f0007 0x14d 0xe8 0x13b 0x11b0007 0x0 0x78 0x13b 0x11e0005 0x0 0x0 0x2305cab1c58 0x54 0x2305caad948 0xe7 0x1220007 0x13b 0x20 0x0 0x1280004 0x0 0x0 0x2305caad948 0x13b 0x0 0x0 0x12c0003 0x13b 0xffffffffffffff30 0x1330005 0x14d 0x0 0x0 0x0 0x0 0x0 0x1390002 0x14d 0x0 0x0 0x0 0x0 0x0 0x0 0x0 0x9 0x3 0x0 0x0 0x0 oops 6 11 java/util/PropertyResourceBundle 146 java/text/MessageFormat 157 java/lang/String 175 java/lang/Integer 177 java/lang/String 186 java/lang/String methods 0
ciMethod org/bsplines/ltexls/parsing/AnnotatedTextFragment getDocument ()Lorg/bsplines/ltexls/server/LtexTextDocumentItem; 304 0 152 0 0
ciMethod org/languagetool/JLanguageTool$CheckCancelledCallback checkCancelled ()Z 0 0 1 0 -1
ciMethod  @bci org/bsplines/ltexls/languagetool/LanguageToolJavaInterface checkInternal (Lorg/bsplines/ltexls/parsing/AnnotatedTextFragment;)Ljava/util/List; 79 <appendix> member <vmtarget> ; checkCancelled ()Z 1024 0 104209 0 544
ciMethod org/languagetool/AnalyzedSentence <init> ([Lorg/languagetool/AnalyzedTokenReadings;)V 306 0 705 0 0
ciMethod org/languagetool/AnalyzedSentence <init> ([Lorg/languagetool/AnalyzedTokenReadings;[Lorg/languagetool/AnalyzedTokenReadings;)V 4098 0 2517 0 0
ciMethod org/languagetool/AnalyzedSentence getNonBlankReadings ([Lorg/languagetool/AnalyzedTokenReadings;II[I)Ljava/util/List; 1396 66224 3331 0 2104
ciMethod org/languagetool/AnalyzedSentence indexTokens ([Lorg/languagetool/AnalyzedTokenReadings;)Ljava/util/Map; 2354 65536 2136 0 6632
ciMethod org/languagetool/AnalyzedSentence indexLemmas ([Lorg/languagetool/AnalyzedTokenReadings;)Ljava/util/Map; 1216 98304 1508 0 7320
ciMethod org/languagetool/AnalyzedSentence makeUnmodifiable (Ljava/util/Map;)Ljava/util/Map; 2716 65714 2764 0 -1
ciMethod org/languagetool/AnalyzedSentence getTokens ()[Lorg/languagetool/AnalyzedTokenReadings; 308 0 154 0 0
ciMethod org/languagetool/tagging/disambiguation/MultiWordChunker lazyInit ()V 1394 0 825 0 0
ciMethod org/languagetool/tagging/disambiguation/MultiWordChunker fillMaps (Ljava/util/Map;Ljava/util/Map;Ljava/util/Map;Ljava/util/Map;)V 2 121088 2 0 0
ciMethod org/languagetool/tagging/disambiguation/MultiWordChunker getTokenLettercaseVariants (Ljava/lang/String;Ljava/util/Map;)Ljava/util/List; 1024 0 38349 0 -1
ciMethod org/languagetool/tagging/disambiguation/MultiWordChunker disambiguate (Lorg/languagetool/AnalyzedSentence;Lorg/languagetool/JLanguageTool$CheckCancelledCallback;)Lorg/languagetool/AnalyzedSentence; 660 65932 825 0 -1
ciMethod org/languagetool/tagging/disambiguation/MultiWordChunker prepareNewReading (Lorg/languagetool/AnalyzedToken;Ljava/lang/String;Lorg/languagetool/AnalyzedTokenReadings;Z)Lorg/languagetool/AnalyzedTokenReadings; 4 0 2 0 0
ciMethod org/languagetool/tagging/disambiguation/MultiWordChunker setAndAnnotate (Lorg/languagetool/AnalyzedTokenReadings;Lorg/languagetool/AnalyzedToken;)Lorg/languagetool/AnalyzedTokenReadings; 4 0 2 0 0
ciMethod org/languagetool/tagging/disambiguation/MultiWordChunker loadWords (Ljava/io/InputStream;)Ljava/util/List; 2 60442 2 0 -1
ciMethod org/languagetool/tagging/disambiguation/MultiWordChunker removePreviousTags ([Lorg/languagetool/AnalyzedTokenReadings;)[Lorg/languagetool/AnalyzedTokenReadings; 720 31450 412 0 0
ciMethod org/languagetool/tagging/disambiguation/MultiWordChunker getMultiWordAnalyzedToken ([Lorg/languagetool/AnalyzedTokenReadings;Ljava/lang/Integer;)Lorg/languagetool/AnalyzedToken; 4162 7772 8255 0 688
ciMethod org/languagetool/tagging/disambiguation/MultiWordChunker getNextPosTag (Ljava/lang/String;)Ljava/lang/String; 2 0 1 0 0
ciMethod org/languagetool/tagging/disambiguation/MultiWordChunker isLowPriorityTag (Ljava/lang/String;)Z 0 0 1 0 -1
ciMethodData java/util/logging/Logger fine (Ljava/lang/String;)V 1 127 orig 80 0 0 0 0 0 0 0 0 0 0 0 0 48 2 0 0 0 0 0 0 0 0 0 0 0 0 0 0 0 0 0 0 0 0 0 0 0 0 0 0 0 0 0 0 0 0 0 0 0 0 0 0 0 0 0 0 0 0 0 0 0 0 0 0 0 0 0 0 0 0 0 0 0 0 0 0 0 0 0 0 data 17 0x50005 0x0 0x0 0x23065be1858 0x7f 0x0 0x0 0x0 0x0 0x0 0x0 0x0 0x0 0x9 0x2 0xffffffffffffffff 0x0 oops 1 3 java/util/logging/Logger methods 0
ciMethodData java/util/concurrent/CancellationException <init> ()V 1 21 orig 80 0 0 0 0 0 0 0 0 0 0 0 0 48 2 0 0 0 0 0 0 0 0 0 0 0 0 0 0 0 0 0 0 0 0 0 0 0 0 0 0 0 0 0 0 0 0 0 0 0 0 0 0 0 0 0 0 0 0 0 0 0 0 0 0 0 0 0 0 0 0 0 0 0 0 0 0 0 0 0 0 data 7 0x10002 0x15 0x0 0x0 0x9 0x1 0x18 oops 0 methods 0
ciMethodData it/unimi/dsi/fastutil/objects/Object2IntOpenHashMap containsKey (Ljava/lang/Object;)Z 2 22529 orig 80 0 0 0 0 0 0 0 0 0 0 0 0 48 2 0 0 0 0 0 0 0 0 0 0 0 0 0 0 0 0 0 0 0 0 0 0 0 0 0 0 0 0 0 0 0 0 0 0 0 0 0 0 0 0 0 0 0 0 0 0 0 0 0 0 0 0 0 0 0 0 0 0 0 0 0 0 0 0 0 0 data 53 0x10007 0x5801 0x20 0x0 0x100005 0x0 0x0 0x2305caad948 0x5801 0x0 0x0 0x130002 0x5801 0x210007 0x4347 0x20 0x14ba 0x280005 0x0 0x0 0x2305caad948 0x4347 0x0 0x0 0x2b0007 0x2838 0x20 0x1b0f 0x400007 0x941e 0x20 0x1ac3 0x470005 0x0 0x0 0x2305caad948 0x941e 0x0 0x0 0x4a0007 0x86a9 0xffffffffffffffa8 0xd75 0x0 0x0 0x0 0x0 0x0 0x0 0x9 0x2 0x0 0x0 oops 3 7 java/lang/String 20 java/lang/String 35 java/lang/String methods 0
ciMethodData it/unimi/dsi/fastutil/objects/Object2IntMap get (Ljava/lang/Object;)Ljava/lang/Object; 2 13556 orig 80 0 0 0 0 0 0 0 0 0 0 0 0 48 2 0 0 0 0 0 0 0 0 0 0 0 0 0 0 0 0 0 0 0 0 0 0 0 0 0 0 0 0 0 0 0 0 0 0 0 0 0 0 0 0 0 0 0 0 0 0 0 0 0 0 0 0 0 0 0 0 0 0 0 0 0 0 0 0 0 0 data 17 0x20005 0x0 0x0 0x23062170230 0x34f4 0x0 0x0 0x0 0x0 0x0 0x0 0x0 0x0 0x9 0x2 0xffffffffffffffff 0xffffffffffffffff oops 1 3 it/unimi/dsi/fastutil/objects/Object2IntOpenHashMap methods 0
ciMethodData it/unimi/dsi/fastutil/objects/Object2IntMap get (Ljava/lang/Object;)Ljava/lang/Integer; 2 13554 orig 80 0 0 0 0 0 0 0 0 0 0 0 0 48 2 0 0 0 0 0 0 0 0 0 0 0 0 0 0 0 0 0 0 0 0 0 0 0 0 0 0 0 0 0 0 0 0 0 0 0 0 0 0 0 0 0 0 0 0 0 0 0 0 0 0 0 0 0 0 0 0 0 0 0 0 0 0 0 0 0 0 data 8 0x20002 0x34f2 0x0 0x0 0x9 0x2 0x0 0x0 oops 0 methods 0
ciMethodData it/unimi/dsi/fastutil/objects/Object2IntFunction get (Ljava/lang/Object;)Ljava/lang/Integer; 2 13554 orig 80 0 0 0 0 0 0 0 0 0 0 0 0 48 2 0 0 0 0 0 0 0 0 0 0 0 0 0 0 0 0 0 0 0 0 0 0 0 0 0 0 0 0 0 0 0 0 0 0 0 0 0 0 0 0 0 0 0 0 0 0 0 0 0 0 0 0 0 0 0 0 0 0 0 0 0 0 0 0 0 0 data 44 0x40005 0x0 0x0 0x23062170230 0x34f2 0x0 0x0 0xc0005 0x0 0x0 0x23062170230 0x34f2 0x0 0x0 0x110007 0x34f2 0x78 0x0 0x160005 0x0 0x0 0x0 0x0 0x0 0x0 0x1b0007 0x0 0x48 0x0 0x1f0002 0x34f2 0x220003 0x34f2 0x18 0x0 0x0 0x0 0x0 0x0 0x0 0x9 0x2 0x0 0x0 oops 2 3 it/unimi/dsi/fastutil/objects/Object2IntOpenHashMap 10 it/unimi/dsi/fastutil/objects/Object2IntOpenHashMap methods 0
ciMethodData org/languagetool/tagging/disambiguation/MultiWordChunker fillMaps (Ljava/util/Map;Ljava/util/Map;Ljava/util/Map;Ljava/util/Map;)V 2 1 orig 80 0 0 0 0 0 0 0 0 0 0 0 0 48 2 0 0 0 0 0 0 0 0 0 0 0 0 0 0 0 0 0 0 0 0 0 0 0 0 0 0 0 0 0 0 0 0 0 0 0 0 0 0 0 0 0 0 0 0 0 0 0 0 0 0 0 0 0 0 0 0 0 0 0 0 0 0 0 0 0 0 data 432 0x2 0x1 0xa0005 0x0 0x0 0x2306263a0a0 0x1 0x0 0x0 0x140005 0x1 0x0 0x0 0x0 0x0 0x0 0x1b0005 0x0 0x0 0x2305cab1288 0x1 0x0 0x0 0x240005 0x0 0x0 0x2306263a150 0x412e 0x0 0x0 0x290007 0x2 0xab0 0x412c 0x2e0005 0x0 0x0 0x2306263a150 0x412c 0x0 0x0 0x330004 0x0 0x0 0x2305caad948 0x412c 0x0 0x0 0x3e0005 0x412c 0x0 0x0 0x0 0x0 0x0 0x470007 0x1fe4 0x90 0x2148 0x510007 0x2148 0x70 0x0 0x61000a 0x0 0x5 0x0 0x0 0x1 0x0 0x2305caad948 0x660002 0x0 0x6e0007 0x2148 0x90 0x1fe4 0x780007 0x1fe4 0x70 0x0 0x88000a 0x0 0x5 0x0 0x0 0x1 0x0 0x2305caad948 0x8d0002 0x0 0x950002 0x412c 0x9e0002 0x412c 0xaa0007 0x1fe4 0x38 0x2148 0xb40003 0x2148 0x18 0xbb0002 0x412c 0xc40005 0x412c 0x0 0x0 0x0 0x0 0x0 0xc70007 0x2e7 0x38 0x3e45 0xcb0003 0x3e45 0x18 0xd50005 0x0 0x0 0x2305cab1288 0x412c 0x0 0x0 0xdd0007 0x2e7 0xa8 0x3e45 0xe60005 0x0 0x0 0x2306216e910 0x3e45 0x0 0x0 0xe90005 0x0 0x0 0x2305cab1288 0x3e45 0x0 0x0 0xef0003 0x3e45 0x88 0xf90005 0x0 0x0 0x2306216e910 0x2e7 0x0 0x0 0xfc0005 0x0 0x0 0x2305cab1288 0x2e7 0x0 0x0 0x1040005 0x0 0x0 0x2305cab1288 0x412c 0x0 0x0 0x10d0005 0x0 0x0 0x2306263a150 0xc449 0x0 0x0 0x1120007 0x412c 0x618 0x831d 0x1170005 0x0 0x0 0x2306263a150 0x831d 0x0 0x0 0x11c0004 0x0 0x0 0x2305caad948 0x831d 0x0 0x0 0x1230007 0x7d68 0x328 0x5b5 0x12a0005 0x5b5 0x0 0x0 0x0 0x0 0x0 0x1320005 0x0 0x0 0x23062170230 0x5b5 0x0 0x0 0x1370007 0x2c 0x1b8 0x589 0x13d0005 0x0 0x0 0x23062170230 0x589 0x0 0x0 0x1420004 0x0 0x0 0x2305cab1c58 0x589 0x0 0x0 0x1450005 0x589 0x0 0x0 0x0 0x0 0x0 0x14a0005 0x589 0x0 0x0 0x0 0x0 0x0 0x14d0007 0x554 0x138 0x35 0x1550005 0x35 0x0 0x0 0x0 0x0 0x0 0x1580002 0x35 0x15b0005 0x0 0x0 0x23062170230 0x35 0x0 0x0 0x1610003 0x35 0x98 0x1690005 0x2c 0x0 0x0 0x0 0x0 0x0 0x16c0002 0x2c 0x16f0005 0x0 0x0 0x23062170230 0x2c 0x0 0x0 0x1830002 0x5b5 0x1860005 0x0 0x0 0x230621702e0 0x5b5 0x0 0x0 0x18c0003 0x5b5 0x260 0x1930005 0x7d68 0x0 0x0 0x0 0x0 0x0 0x1a10005 0x0 0x0 0x23062170230 0x7d68 0x0 0x0 0x1a60007 0x335d 0x148 0x4a0b 0x1ac0005 0x0 0x0 0x23062170230 0x4a0b 0x0 0x0 0x1b10004 0x0 0x0 0x2305cab1c58 0x4a0b 0x0 0x0 0x1b40005 0x4a0b 0x0 0x0 0x0 0x0 0x0 0x1ba0007 0x4515 0xc8 0x4f6 0x1c30002 0x4f6 0x1c60005 0x0 0x0 0x23062170230 0x4f6 0x0 0x0 0x1cc0003 0x4f6 0x60 0x1d50002 0x335d 0x1d80005 0x0 0x0 0x23062170230 0x335d 0x0 0x0 0x1eb0002 0x7d68 0x1ee0005 0x0 0x0 0x230621702e0 0x7d68 0x0 0x0 0x1f40003 0x831d 0xfffffffffffff9c8 0x1f70003 0x412c 0xfffffffffffff530 0x1fc0007 0x0 0x118 0x2 0x2010005 0x0 0x0 0x2306263a200 0x2 0x0 0x0 0x2040003 0x2 0xc0 0x20b0007 0x0 0xa8 0x0 0x2100005 0x0 0x0 0x0 0x0 0x0 0x0 0x2130003 0x0 0x50 0x21c0005 0x0 0x0 0x0 0x0 0x0 0x0 0x2220003 0x2 0x28 0x22d0002 0x0 0x0 0x0 0x0 0x0 0x0 0x0 0x0 0x0 0x0 0x0 0x0 0x0 0x0 0x9 0x5 0x0 0x0 0x0 0x0 0x0 oops 29 5 org/languagetool/broker/DefaultResourceDataBroker 19 java/util/ArrayList 26 java/util/ArrayList$Itr 37 java/util/ArrayList$Itr 44 java/lang/String 70 java/lang/String 88 java/lang/String 121 java/util/ArrayList 132 org/languagetool/tagging/disambiguation/MultiWordChunker 139 java/util/ArrayList 149 org/languagetool/tagging/disambiguation/MultiWordChunker 156 java/util/ArrayList 163 java/util/ArrayList 170 java/util/ArrayList$Itr 181 java/util/ArrayList$Itr 188 java/lang/String 206 it/unimi/dsi/fastutil/objects/Object2IntOpenHashMap 217 it/unimi/dsi/fastutil/objects/Object2IntOpenHashMap 224 java/lang/Integer 258 it/unimi/dsi/fastutil/objects/Object2IntOpenHashMap 277 it/unimi/dsi/fastutil/objects/Object2IntOpenHashMap 286 it/unimi/dsi/fastutil/objects/Object2ObjectOpenHashMap 303 it/unimi/dsi/fastutil/objects/Object2IntOpenHashMap 314 it/unimi/dsi/fastutil/objects/Object2IntOpenHashMap 321 java/lang/Integer 341 it/unimi/dsi/fastutil/objects/Object2IntOpenHashMap 353 it/unimi/dsi/fastutil/objects/Object2IntOpenHashMap 362 it/unimi/dsi/fastutil/objects/Object2ObjectOpenHashMap 379 sun/net/www/protocol/jar/JarURLConnection$JarURLInputStream methods 0
ciMethodData org/bsplines/ltexls/server/LtexTextDocumentItem raiseExceptionIfCanceled ()V 2 35806 orig 80 3 0 0 0 0 0 0 0 0 0 0 0 48 2 0 0 0 0 0 0 0 0 0 0 0 0 0 0 0 0 0 0 0 0 0 0 0 0 0 2 0 0 0 0 0 0 0 0 0 0 0 0 0 0 0 0 0 0 0 0 0 0 0 0 0 0 0 0 0 0 0 0 0 0 0 0 0 0 0 0 data 78 0x8000000600060007 0x7c51 0x138 0xf8e 0xa0005 0x0 0x0 0x2306193e8a8 0xf8e 0x0 0x0 0xf0007 0xf8f 0xe0 0x1 0x1a0005 0x1 0x0 0x0 0x0 0x0 0x0 0x270005 0x1 0x0 0x0 0x0 0x0 0x0 0x2a0005 0x0 0x0 0x23065be1858 0x1 0x0 0x0 0x2d0003 0x1 0xf8 0x8000000600340007 0x8bdc 0xe0 0x5 0x460005 0x5 0x0 0x0 0x0 0x0 0x0 0x530005 0x5 0x0 0x0 0x0 0x0 0x0 0x560005 0x0 0x0 0x23065be1858 0x5 0x0 0x0 0x590003 0x5 0x18 0x660002 0x6 0x0 0x0 0x0 0x0 0x0 0x0 0x9 0x1 0x0 oops 3 7 org/eclipse/lsp4j/jsonrpc/CompletableFutures$FutureCancelChecker 32 java/util/logging/Logger 60 java/util/logging/Logger methods 0
ciMethodData  @bci org/bsplines/ltexls/languagetool/LanguageToolJavaInterface checkInternal (Lorg/bsplines/ltexls/parsing/AnnotatedTextFragment;)Ljava/util/List; 79 <appendix> member <vmtarget> ; checkCancelled ()Z 2 103708 orig 80 1 0 0 0 0 0 0 0 0 0 0 0 0 0 0 0 0 0 0 0 0 0 0 0 0 0 0 0 0 0 0 0 0 0 0 0 0 0 0 0 0 0 0 0 0 0 0 0 0 0 0 0 0 0 0 0 0 0 0 0 0 0 0 0 0 0 0 0 0 0 0 0 0 0 0 0 0 0 0 0 data 11 0x40002 0x1951d 0x0 0x0 0x0 0x0 0x0 0x0 0x9 0x1 0x0 oops 0 methods 0
ciMethodData org/bsplines/ltexls/languagetool/LanguageToolJavaInterface checkInternal$lambda$0 (Lorg/bsplines/ltexls/parsing/AnnotatedTextFragment;)Z 2 103708 orig 80 0 0 0 0 0 0 0 0 0 0 0 0 0 0 0 0 0 0 0 0 0 0 0 0 0 0 0 0 0 0 0 0 0 0 0 0 0 0 0 0 0 0 0 0 0 0 0 0 0 0 0 0 0 0 0 0 0 0 0 0 0 0 0 0 0 0 0 0 0 0 0 0 0 0 0 0 0 0 0 0 data 23 0x10005 0x1951d 0x0 0x0 0x0 0x0 0x0 0x40005 0x1951d 0x0 0x0 0x0 0x0 0x0 0x0 0x0 0x0 0x0 0x0 0x0 0x9 0x1 0x0 oops 0 methods 0
ciMethodData org/languagetool/AnalyzedSentence <init> ([Lorg/languagetool/AnalyzedTokenReadings;[Lorg/languagetool/AnalyzedTokenReadings;)V 1 468 orig 80 0 0 0 0 0 0 0 0 0 0 0 0 48 2 0 0 0 0 0 0 0 0 0 0 0 0 0 0 0 0 0 0 0 0 0 0 0 0 0 0 0 0 0 0 0 0 0 0 0 0 0 0 0 0 0 0 0 0 0 0 0 0 0 0 0 0 0 0 0 0 0 0 0 0 0 0 0 0 0 0 data 60 0x10002 0x1d4 0x290005 0x1d4 0x0 0x0 0x0 0x0 0x0 0x300005 0x0 0x0 0x2305cab1288 0x1d4 0x0 0x0 0x350004 0x0 0x0 0x23062174330 0x1d4 0x0 0x0 0x430005 0x1d4 0x0 0x0 0x0 0x0 0x0 0x4a0005 0x0 0x0 0x2305cab1288 0x1d4 0x0 0x0 0x4f0004 0x0 0x0 0x23062174330 0x1d4 0x0 0x0 0x5a0002 0x1d4 0x650002 0x1d4 0x0 0x0 0x0 0x0 0x0 0x0 0x0 0x9 0x3 0x3e 0x0 0x0 oops 4 12 java/util/ArrayList 19 [Lorg/languagetool/AnalyzedTokenReadings; 33 java/util/ArrayList 40 [Lorg/languagetool/AnalyzedTokenReadings; methods 0
ciMethodData it/unimi/dsi/fastutil/objects/Object2ObjectOpenHashMap get (Ljava/lang/Object;)Ljava/lang/Object; 2 8459 orig 80 0 0 0 0 0 0 0 0 0 0 0 0 48 2 0 0 0 0 0 0 0 0 0 0 0 0 0 0 0 0 0 0 0 0 0 0 0 0 0 0 0 0 0 0 0 0 0 0 0 0 0 0 0 0 0 0 0 0 0 0 0 0 0 0 0 0 0 0 0 0 0 0 0 0 0 0 0 0 0 0 data 63 0x10007 0x210b 0x58 0x0 0x80007 0x0 0x38 0x0 0x140003 0x0 0x18 0x230005 0x0 0x0 0x2305caad948 0x210b 0x0 0x0 0x260002 0x210b 0x340007 0x130f 0x20 0xdfc 0x3e0005 0x0 0x0 0x2305caad948 0x130f 0x0 0x0 0x410007 0x130c 0x20 0x3 0x5c0007 0x48ed 0x20 0x130b 0x660005 0x0 0x0 0x2305caad948 0x48ed 0x0 0x0 0x690007 0x48ec 0xffffffffffffffa8 0x1 0x0 0x0 0x0 0x0 0x0 0x0 0x0 0x0 0x0 0x9 0x2 0x0 0x0 oops 3 14 java/lang/String 27 java/lang/String 42 java/lang/String methods 0
ciMethodData org/languagetool/AnalyzedSentence getNonBlankReadings ([Lorg/languagetool/AnalyzedTokenReadings;II[I)Ljava/util/List; 2 2633 orig 80 1 0 0 0 0 0 0 0 0 0 0 0 48 2 0 0 0 0 0 0 0 0 0 0 0 0 0 0 0 0 0 0 0 0 0 0 0 0 0 1 0 0 0 0 0 0 0 0 0 0 0 0 0 0 0 0 0 0 0 0 0 0 0 0 0 0 0 0 0 0 0 0 0 0 0 0 0 0 0 0 data 73 0x40002 0xa49 0x180007 0xa4b 0x1d0 0x1ea7f 0x240005 0x1ea7f 0x0 0x0 0x0 0x0 0x0 0x270007 0x104c6 0x128 0xe5b9 0x2c0005 0xe5b9 0x0 0x0 0x0 0x0 0x0 0x2f0007 0xa49 0xd0 0xdb70 0x340005 0xdb70 0x0 0x0 0x0 0x0 0x0 0x8000000600370007 0x18 0x78 0xdb59 0x3c0005 0xdb59 0x0 0x0 0x0 0x0 0x0 0x3f0007 0xdb39 0x58 0x20 0x460005 0x0 0x0 0x2305cab1288 0x10f47 0x0 0x0 0x5a0003 0x1ea81 0xfffffffffffffe48 0x0 0x0 0x0 0x0 0x0 0x0 0x9 0x5 0x0 0x0 0x0 0x0 0xffffffffffffffff oops 1 53 java/util/ArrayList methods 0
ciMethodData org/languagetool/AnalyzedSentence indexLemmas ([Lorg/languagetool/AnalyzedTokenReadings;)Ljava/util/Map; 2 900 orig 80 0 0 0 0 0 0 0 0 0 0 0 0 48 2 0 0 0 0 0 0 0 0 0 0 0 0 0 0 0 0 0 0 0 0 0 0 0 0 0 0 0 0 0 0 0 0 0 0 0 0 0 0 0 0 0 0 0 0 0 0 0 0 0 0 0 0 0 0 0 0 0 0 0 0 0 0 0 0 0 0 data 139 0x60002 0x384 0xf0007 0x385 0x3f0 0x5c0c 0x170005 0x5c0c 0x0 0x0 0x0 0x0 0x0 0x230007 0x5c0d 0x380 0xa5d7 0x290005 0xa5d7 0x0 0x0 0x0 0x0 0x0 0x300005 0xa5d7 0x0 0x0 0x0 0x0 0x0 0x370007 0x11a9 0x38 0x942e 0x3c0003 0x942e 0x50 0x410005 0x11a9 0x0 0x0 0x0 0x0 0x0 0x440005 0xa5d7 0x0 0x0 0x0 0x0 0x0 0x4c000a 0xa5d7 0x1 0x23062c9e9a8 0x510005 0x0 0x0 0x23063fb1858 0xa5d7 0x0 0x0 0x560004 0x0 0x0 0x2305cab1288 0xa5d7 0x0 0x0 0x5d0005 0x0 0x0 0x2305cab1288 0xa5d7 0x0 0x0 0x620007 0x531e 0x120 0x52b9 0x690005 0x0 0x0 0x2305cab1288 0x52b9 0x0 0x0 0x700005 0x0 0x0 0x2305cab1288 0x52b9 0x0 0x0 0x750004 0x0 0x0 0x2305cab1c58 0x52b9 0x0 0x0 0x780005 0x52b9 0x0 0x0 0x0 0x0 0x0 0x7c0007 0x438e 0x68 0xf2b 0x820002 0x6249 0x850005 0x0 0x0 0x2305cab1288 0x6249 0x0 0x0 0x8e0003 0xa5d8 0xfffffffffffffc98 0x940003 0x5c0d 0xfffffffffffffc28 0x980002 0x385 0x0 0x0 0x0 0x0 0x0 0x0 0x9 0x1 0x0 oops 8 55  @bci org/languagetool/AnalyzedSentence indexLemmas ([Lorg/languagetool/AnalyzedTokenReadings;)Ljava/util/Map; 76 <appendix> argL0 ; 59 java/util/HashMap 66 java/util/ArrayList 73 java/util/ArrayList 84 java/util/ArrayList 91 java/util/ArrayList 98 java/lang/Integer 118 java/util/ArrayList methods 0
ciMethodData org/languagetool/AnalyzedSentence indexTokens ([Lorg/languagetool/AnalyzedTokenReadings;)Ljava/util/Map; 2 959 orig 80 0 0 0 0 0 0 0 0 0 0 0 0 48 2 0 0 0 0 0 0 0 0 0 0 0 0 0 0 0 0 0 0 0 0 0 0 0 0 0 0 0 0 0 0 0 0 0 0 0 0 0 0 0 0 0 0 0 0 0 0 0 0 0 0 0 0 0 0 0 0 0 0 0 0 0 0 0 0 0 0 data 61 0x60002 0x3bf 0xf0007 0x3c0 0x180 0x60d2 0x160005 0x60d2 0x0 0x0 0x0 0x0 0x0 0x190005 0x60d2 0x0 0x0 0x0 0x0 0x0 0x1c000a 0x60d2 0x1 0x23063fb29a0 0x210005 0x0 0x0 0x23063fb1858 0x60d2 0x0 0x0 0x260004 0x0 0x0 0x2305cab1288 0x60d2 0x0 0x0 0x2a0002 0x60d2 0x2d0005 0x0 0x0 0x2305cab1288 0x60d2 0x0 0x0 0x360003 0x60d3 0xfffffffffffffe98 0x3a0002 0x3c0 0x0 0x0 0x0 0x0 0x0 0x0 0x9 0x1 0x0 oops 4 23  @bci org/languagetool/AnalyzedSentence indexTokens ([Lorg/languagetool/AnalyzedTokenReadings;)Ljava/util/Map; 28 <appendix> argL0 ; 27 java/util/HashMap 34 java/util/ArrayList 43 java/util/ArrayList methods 0
ciMethodData org/languagetool/tagging/disambiguation/MultiWordChunker getMultiWordAnalyzedToken ([Lorg/languagetool/AnalyzedTokenReadings;Ljava/lang/Integer;)Lorg/languagetool/AnalyzedToken; 2 6174 orig 80 0 0 0 0 0 0 0 0 0 0 0 0 48 2 0 0 0 0 0 0 0 0 0 0 0 0 0 0 0 0 0 0 0 0 0 0 0 0 0 0 0 0 0 0 0 0 0 0 0 0 0 0 0 0 0 0 0 0 0 0 0 0 0 0 0 0 0 0 0 0 0 0 0 0 0 0 0 0 0 0 data 261 0x40002 0x181e 0xa0005 0x181e 0x0 0x0 0x0 0x0 0x0 0xe0005 0x181e 0x0 0x0 0x0 0x0 0x0 0x150005 0x0 0x0 0x23065255048 0x428a 0x0 0x0 0x1a0007 0x181e 0x240 0x2a6c 0x1f0005 0x0 0x0 0x23065255048 0x2a6c 0x0 0x0 0x240004 0x0 0x0 0x23062170390 0x2a6c 0x0 0x0 0x2b0005 0x2a6c 0x0 0x0 0x0 0x0 0x0 0x320007 0x5a4 0x160 0x24c8 0x3a0005 0x24c8 0x0 0x0 0x0 0x0 0x0 0x3d0007 0x24c8 0x108 0x0 0x450005 0x0 0x0 0x0 0x0 0x0 0x0 0x480007 0x0 0xb0 0x0 0x500005 0x0 0x0 0x0 0x0 0x0 0x0 0x530007 0x0 0x58 0x0 0x590005 0x0 0x0 0x0 0x0 0x0 0x0 0x5f0003 0x2a6c 0xfffffffffffffda0 0x630005 0x0 0x0 0x2305cab1288 0x181e 0x0 0x0 0x680007 0x181e 0x4a0 0x0 0x720005 0x0 0x0 0x0 0x0 0x0 0x0 0x7b0005 0x0 0x0 0x0 0x0 0x0 0x0 0x800007 0x0 0x410 0x0 0x850005 0x0 0x0 0x0 0x0 0x0 0x0 0x8a0004 0x0 0x0 0x0 0x0 0x0 0x0 0x910005 0x0 0x0 0x0 0x0 0x0 0x0 0x950005 0x0 0x0 0x0 0x0 0x0 0x0 0x98000a 0x0 0x3 0x0 0x2305caad948 0x2305caad948 0xa10005 0x0 0x0 0x0 0x0 0x0 0x0 0xa70005 0x0 0x0 0x0 0x0 0x0 0x0 0xaa0005 0x0 0x0 0x0 0x0 0x0 0x0 0xaf0005 0x0 0x0 0x0 0x0 0x0 0x0 0xb60005 0x0 0x0 0x0 0x0 0x0 0x0 0xbf0005 0x0 0x0 0x0 0x0 0x0 0x0 0xc70007 0x0 0x178 0x0 0xcc0005 0x0 0x0 0x0 0x0 0x0 0x0 0xd70005 0x0 0x0 0x0 0x0 0x0 0x0 0xda0007 0x0 0xd0 0x0 0xe10007 0x0 0x20 0x0 0xf00007 0x0 0xa8 0x0 0xf60005 0x0 0x0 0x0 0x0 0x0 0x0 0xf90007 0x0 0x50 0x0 0x1040003 0x0 0x30 0x10a0003 0x0 0xfffffffffffffe68 0x10d0003 0x0 0xfffffffffffffbd0 0x0 0x0 0x0 0x0 0x0 0x0 0x9 0x3 0x0 0x0 0x0 oops 6 19 org/languagetool/AnalyzedTokenReadings$1 30 org/languagetool/AnalyzedTokenReadings$1 37 org/languagetool/AnalyzedToken 98 java/util/ArrayList 156 java/lang/String 157 java/lang/String methods 0
ciMethodData org/languagetool/AnalyzedTokenReadings hasPosTagAndLemma (Ljava/lang/String;Ljava/lang/String;)Z 1 4 orig 80 0 0 0 0 0 0 0 0 0 0 0 0 48 2 0 0 0 0 0 0 0 0 0 0 0 0 0 0 0 0 0 0 0 0 0 0 0 0 0 0 0 0 0 0 0 0 0 0 0 0 0 0 0 0 0 0 0 0 0 0 0 0 0 0 0 0 0 0 0 0 0 0 0 0 0 0 0 0 0 0 data 54 0x100007 0x2 0x158 0xc 0x1c0005 0xc 0x0 0x0 0x0 0x0 0x0 0x1f0005 0xc 0x0 0x0 0x0 0x0 0x0 0x220007 0xa 0xb0 0x2 0x280005 0x2 0x0 0x0 0x0 0x0 0x0 0x2b0005 0x2 0x0 0x0 0x0 0x0 0x0 0x2e0007 0x0 0x20 0x2 0x360003 0xa 0xfffffffffffffec0 0x0 0x0 0x0 0x0 0x0 0x0 0x9 0x3 0x0 0x0 0x0 oops 0 methods 0
ciMethodData org/languagetool/AnalyzedTokenReadings <init> (Lorg/languagetool/AnalyzedTokenReadings;Ljava/util/List;Ljava/lang/String;)V 2 6229 orig 80 0 0 0 0 0 0 0 0 0 0 0 0 48 2 0 0 0 0 0 0 0 0 0 0 0 0 0 0 0 0 0 0 0 0 0 0 0 0 0 0 0 0 0 0 0 0 0 0 0 0 0 0 0 0 0 0 0 0 0 0 0 0 0 0 0 0 0 0 0 0 0 0 0 0 0 0 0 0 0 0 data 174 0x30005 0x1855 0x0 0x0 0x0 0x0 0x0 0x60002 0x1855 0xa0005 0x1855 0x0 0x0 0x0 0x0 0x0 0xd0007 0x17d1 0x58 0x84 0x110005 0x84 0x0 0x0 0x0 0x0 0x0 0x150005 0x1855 0x0 0x0 0x0 0x0 0x0 0x180007 0x184d 0x58 0x8 0x1c0005 0x8 0x0 0x0 0x0 0x0 0x0 0x210005 0x1855 0x0 0x0 0x0 0x0 0x0 0x240005 0x1855 0x0 0x0 0x0 0x0 0x0 0x290005 0x1855 0x0 0x0 0x0 0x0 0x0 0x2c0005 0x1855 0x0 0x0 0x0 0x0 0x0 0x300005 0x1855 0x0 0x0 0x0 0x0 0x0 0x330007 0x1855 0x90 0x0 0x380005 0x0 0x0 0x0 0x0 0x0 0x0 0x3b0005 0x0 0x0 0x0 0x0 0x0 0x0 0x3f0005 0x1855 0x0 0x0 0x0 0x0 0x0 0x420007 0x1826 0x58 0x2f 0x460005 0x2f 0x0 0x0 0x0 0x0 0x0 0x4a0005 0x1855 0x0 0x0 0x0 0x0 0x0 0x4d0007 0x1855 0x58 0x0 0x510005 0x0 0x0 0x0 0x0 0x0 0x0 0x560005 0x1855 0x0 0x0 0x0 0x0 0x0 0x590005 0x1855 0x0 0x0 0x0 0x0 0x0 0x5e0005 0x1855 0x0 0x0 0x0 0x0 0x0 0x620005 0x1855 0x0 0x0 0x0 0x0 0x0 0x0 0x0 0x0 0x0 0x0 0x0 0x9 0x4 0xffffffffffffffff 0xffffffffffffffff 0xffffffffffffffff 0x0 oops 0 methods 0
ciMethodData org/languagetool/tagging/disambiguation/MultiWordChunker disambiguate (Lorg/languagetool/AnalyzedSentence;Lorg/languagetool/JLanguageTool$CheckCancelledCallback;)Lorg/languagetool/AnalyzedSentence; 2 495 orig 80 1 0 0 0 0 0 0 0 0 0 0 0 48 2 0 0 0 0 0 0 0 0 0 0 0 0 0 0 0 0 0 0 0 0 1 0 0 0 0 0 0 0 0 0 0 0 0 0 0 0 0 0 0 0 0 0 0 0 0 0 0 0 0 0 0 0 0 0 0 0 0 0 0 0 0 0 0 0 0 0 data 639 0x10005 0x1ef 0x0 0x0 0x0 0x0 0x0 0x50005 0x1ef 0x0 0x0 0x0 0x0 0x0 0x130007 0x1ef 0x1250 0x53c1 0x1b0005 0x53c1 0x0 0x0 0x0 0x0 0x0 0x220005 0x53c1 0x0 0x0 0x0 0x0 0x0 0x260007 0x51d2 0x38 0x1ef 0x290003 0x1ef 0x1188 0x320002 0x51d2 0x410007 0x1f7 0x100 0x8d27 0x480005 0x8d27 0x0 0x0 0x0 0x0 0x0 0x4b0007 0x4fdc 0xa8 0x3d4b 0x550005 0x3d4b 0x0 0x0 0x0 0x0 0x0 0x580005 0x3d4b 0x0 0x0 0x0 0x0 0x0 0x5f0003 0x3d4c 0xffffffffffffff18 0x640005 0x51d3 0x0 0x0 0x0 0x0 0x0 0x6a0007 0x0 0x90 0x51d3 0x6e0005 0x0 0x0 0x23062170180 0x51d3 0x0 0x0 0x730007 0x51d2 0x38 0x0 0x760003 0x0 0xfc8 0x7f0005 0x0 0x0 0x23062170230 0x51d2 0x0 0x0 0x840007 0x4e7e 0x800 0x354 0x8e0002 0x354 0x990005 0x0 0x0 0x23062170230 0x354 0x0 0x0 0x9e0004 0x0 0x0 0x2305cab1c58 0x354 0x0 0x0 0xa10005 0x354 0x0 0x0 0x0 0x0 0x0 0xb10007 0x34 0x728 0x1324 0xbb0007 0x0 0x708 0x1324 0xc20005 0x1324 0x0 0x0 0x0 0x0 0x0 0xc50007 0x8fe 0x5b0 0xa26 0xce0005 0xa26 0x0 0x0 0x0 0x0 0x0 0xd10005 0xa26 0x0 0x0 0x0 0x0 0x0 0xd70005 0xa26 0x0 0x0 0x0 0x0 0x0 0xe20005 0x0 0x0 0x230621702e0 0xa26 0x0 0x0 0xe70104 0x0 0x0 0x23062170390 0xb 0x0 0x0 0xee0007 0xa1b 0x460 0xb 0xf30005 0xb 0x0 0x0 0x0 0x0 0x0 0xf90005 0xb 0x0 0x0 0x0 0x0 0x0 0xfc0007 0xb 0x2d0 0x0 0x1010007 0x0 0x160 0x0 0x1160005 0x0 0x0 0x0 0x0 0x0 0x0 0x11b0005 0x0 0x0 0x0 0x0 0x0 0x0 0x1200005 0x0 0x0 0x0 0x0 0x0 0x0 0x1230002 0x0 0x1260005 0x0 0x0 0x0 0x0 0x0 0x0 0x1290004 0x0 0x0 0x0 0x0 0x0 0x0 0x12a0003 0x0 0x168 0x1390005 0x0 0x0 0x0 0x0 0x0 0x0 0x1420005 0x0 0x0 0x0 0x0 0x0 0x0 0x1450004 0x0 0x0 0x0 0x0 0x0 0x0 0x1510005 0x0 0x0 0x0 0x0 0x0 0x0 0x15a0005 0x0 0x0 0x0 0x0 0x0 0x0 0x15d0004 0x0 0x0 0x0 0x0 0x0 0x0 0x1620007 0x0 0x100 0xb 0x1670007 0xb 0x70 0x0 0x16f0005 0x0 0x0 0x0 0x0 0x0 0x0 0x1720003 0x0 0x88 0x17d0007 0xb 0x70 0x21 0x1850005 0x21 0x0 0x0 0x0 0x0 0x0 0x18b0003 0x21 0xffffffffffffffa8 0x18e0003 0xa26 0x100 0x1940007 0x0 0xb0 0x8fe 0x19d0005 0x8fe 0x0 0x0 0x0 0x0 0x0 0x1a00007 0xa 0x58 0x8f4 0x1a70005 0x8f4 0x0 0x0 0x0 0x0 0x0 0x1b20007 0x5de 0x38 0x320 0x1b50003 0x320 0x30 0x1bf0003 0x1004 0xfffffffffffff8f0 0x1ca0005 0x51d2 0x0 0x0 0x0 0x0 0x0 0x1cd0005 0x0 0x0 0x23062170230 0x51d2 0x0 0x0 0x1d20007 0x3121 0x6f0 0x20b1 0x1dd0002 0x20b1 0x1e60007 0x8 0x6c0 0x4b22 0x1ed0005 0x4b22 0x0 0x0 0x0 0x0 0x0 0x1f00007 0x20aa 0x668 0x2a78 0x1fa0007 0x0 0x648 0x2a78 0x2030005 0x2a78 0x0 0x0 0x0 0x0 0x0 0x2060005 0x2a78 0x0 0x0 0x0 0x0 0x0 0x20c0005 0x2a78 0x0 0x0 0x0 0x0 0x0 0x2170005 0x0 0x0 0x230621702e0 0x2a78 0x0 0x0 0x21c0104 0x0 0x0 0x23062170390 0x52 0x0 0x0 0x2230007 0x2a26 0x4f8 0x52 0x2280005 0x52 0x0 0x0 0x0 0x0 0x0 0x22e0005 0x52 0x0 0x0 0x0 0x0 0x0 0x2310007 0x52 0x3d8 0x0 0x2380007 0x0 0x268 0x0 0x23d0005 0x0 0x0 0x0 0x0 0x0 0x0 0x2450005 0x0 0x0 0x0 0x0 0x0 0x0 0x2480007 0x0 0xd0 0x0 0x2500005 0x0 0x0 0x0 0x0 0x0 0x0 0x2530007 0x0 0x78 0x0 0x25b0005 0x0 0x0 0x0 0x0 0x0 0x0 0x25e0007 0x0 0x110 0x0 0x2730005 0x0 0x0 0x0 0x0 0x0 0x0 0x27a0005 0x0 0x0 0x0 0x0 0x0 0x0 0x27d0002 0x0 0x2800005 0x0 0x0 0x0 0x0 0x0 0x0 0x2830004 0x0 0x0 0x0 0x0 0x0 0x0 0x2840003 0x0 0x168 0x2920005 0x0 0x0 0x0 0x0 0x0 0x0 0x29b0005 0x0 0x0 0x0 0x0 0x0 0x0 0x29e0004 0x0 0x0 0x0 0x0 0x0 0x0 0x2aa0005 0x0 0x0 0x0 0x0 0x0 0x0 0x2b30005 0x0 0x0 0x0 0x0 0x0 0x0 0x2b60004 0x0 0x0 0x0 0x0 0x0 0x0 0x2bb0007 0x0 0x90 0x52 0x2c60007 0x53 0x70 0x53 0x2ce0005 0x53 0x0 0x0 0x0 0x0 0x0 0x2d40003 0x53 0xffffffffffffffa8 0x2da0003 0x2a79 0xfffffffffffff958 0x2e00003 0x53c2 0xffffffffffffedc8 0x2e70007 0xf8 0x68 0xf7 0x2f10005 0xf7 0x0 0x0 0x0 0x0 0x0 0x2f40002 0xf7 0x2fe0002 0xf8 0x0 0x0 0x0 0x0 0x0 0x0 0x0 0x0 0x0 0x0 0x0 0x0 0x0 0x0 0x0 0x0 0x0 0x0 0x0 0x9 0x3 0x0 0x0 0x0 oops 9 87  @bci org/bsplines/ltexls/languagetool/LanguageToolJavaInterface checkInternal (Lorg/bsplines/ltexls/parsing/AnnotatedTextFragment;)Ljava/util/List; 79 <appendix> member <vmtarget> ; 101 it/unimi/dsi/fastutil/objects/Object2IntOpenHashMap 114 it/unimi/dsi/fastutil/objects/Object2IntOpenHashMap 121 java/lang/Integer 175 it/unimi/dsi/fastutil/objects/Object2ObjectOpenHashMap 182 org/languagetool/AnalyzedToken 371 it/unimi/dsi/fastutil/objects/Object2IntOpenHashMap 424 it/unimi/dsi/fastutil/objects/Object2ObjectOpenHashMap 431 org/languagetool/AnalyzedToken methods 0
ciMethodData org/languagetool/tagging/disambiguation/MultiWordChunker lazyInit ()V 1 129 orig 80 0 0 0 0 0 0 0 0 0 0 0 0 48 2 0 0 0 0 0 0 0 0 0 0 0 0 0 0 0 0 0 0 0 0 0 0 0 0 0 0 0 0 0 0 0 0 0 0 0 0 0 0 0 0 0 0 0 0 0 0 0 0 0 0 0 0 0 0 0 0 0 0 0 0 0 0 0 0 0 0 data 65 0x40007 0x0 0x20 0x81 0x100007 0x0 0x20 0x0 0x1a0002 0x0 0x220002 0x0 0x2a0002 0x0 0x330002 0x0 0x3f0005 0x0 0x0 0x0 0x0 0x0 0x0 0x430005 0x0 0x0 0x0 0x0 0x0 0x0 0x480005 0x0 0x0 0x0 0x0 0x0 0x0 0x4e0005 0x0 0x0 0x0 0x0 0x0 0x0 0x540005 0x0 0x0 0x0 0x0 0x0 0x0 0x750003 0x0 0x18 0x0 0x0 0x0 0x0 0x0 0x0 0x0 0x0 0x9 0x1 0x0 oops 0 methods 0
ciMethodData org/languagetool/tagging/disambiguation/MultiWordChunker setAndAnnotate (Lorg/languagetool/AnalyzedTokenReadings;Lorg/languagetool/AnalyzedToken;)Lorg/languagetool/AnalyzedTokenReadings; 1 0 orig 80 0 0 0 0 0 0 0 0 0 0 0 0 48 2 0 0 0 0 0 0 0 0 0 0 0 0 0 0 0 0 0 0 0 0 0 0 0 0 0 0 0 0 0 0 0 0 0 0 0 0 0 0 0 0 0 0 0 0 0 0 0 0 0 0 0 0 0 0 0 0 0 0 0 0 0 0 0 0 0 0 data 18 0x70005 0x0 0x0 0x0 0x0 0x0 0x0 0x0 0x0 0x0 0x0 0x0 0x0 0x9 0x3 0x0 0xffffffffffffffff 0xffffffffffffffff oops 0 methods 0
ciMethodData org/languagetool/tagging/disambiguation/MultiWordChunker prepareNewReading (Lorg/languagetool/AnalyzedToken;Ljava/lang/String;Lorg/languagetool/AnalyzedTokenReadings;Z)Lorg/languagetool/AnalyzedTokenReadings; 1 0 orig 80 0 0 0 0 0 0 0 0 0 0 0 0 48 2 0 0 0 0 0 0 0 0 0 0 0 0 0 0 0 0 0 0 0 0 0 0 0 0 0 0 0 0 0 0 0 0 0 0 0 0 0 0 0 0 0 0 0 0 0 0 0 0 0 0 0 0 0 0 0 0 0 0 0 0 0 0 0 0 0 0 data 77 0x40002 0x0 0xd0005 0x0 0x0 0x0 0x0 0x0 0x0 0x130007 0x0 0x58 0x0 0x1a0005 0x0 0x0 0x0 0x0 0x0 0x0 0x210005 0x0 0x0 0x0 0x0 0x0 0x0 0x240005 0x0 0x0 0x0 0x0 0x0 0x0 0x2c0005 0x0 0x0 0x0 0x0 0x0 0x0 0x390005 0x0 0x0 0x0 0x0 0x0 0x0 0x3d0005 0x0 0x0 0x0 0x0 0x0 0x0 0x400002 0x0 0x430005 0x0 0x0 0x0 0x0 0x0 0x0 0x0 0x0 0x0 0x0 0x0 0x0 0x9 0x5 0x0 0x0 0x0 0xffffffffffffffff 0x0 oops 0 methods 0
ciMethodData org/languagetool/tagging/disambiguation/MultiWordChunker removePreviousTags ([Lorg/languagetool/AnalyzedTokenReadings;)[Lorg/languagetool/AnalyzedTokenReadings; 1 53 orig 80 0 0 0 0 0 0 0 0 0 0 0 0 48 2 0 0 0 0 0 0 0 0 0 0 0 0 0 0 0 0 0 0 0 0 0 0 0 0 0 0 0 0 0 0 0 0 0 0 0 0 0 0 0 0 0 0 0 0 0 0 0 0 0 0 0 0 0 0 0 0 0 0 0 0 0 0 0 0 0 0 data 233 0x160007 0x35 0x6e0 0x84d 0x1c0005 0x84d 0x0 0x0 0x0 0x0 0x0 0x1f0007 0x3e3 0x670 0x46a 0x240005 0x46a 0x0 0x0 0x0 0x0 0x0 0x270007 0x46a 0x160 0x0 0x310005 0x0 0x0 0x0 0x0 0x0 0x0 0x380002 0x0 0x41000a 0x0 0x3 0x0 0x0 0x0 0x480005 0x0 0x0 0x0 0x0 0x0 0x0 0x4b0007 0x0 0x20 0x0 0x630002 0x0 0x690002 0x0 0x6c0004 0x0 0x0 0x0 0x0 0x0 0x0 0x6d0003 0x0 0x4d0 0x730002 0x46a 0x760005 0x46a 0x0 0x0 0x0 0x0 0x0 0x7c0007 0x46a 0x470 0x0 0x810005 0x0 0x0 0x0 0x0 0x0 0x0 0x870005 0x0 0x0 0x0 0x0 0x0 0x0 0x8a0005 0x0 0x0 0x0 0x0 0x0 0x0 0x8f0005 0x0 0x0 0x0 0x0 0x0 0x0 0x950005 0x0 0x0 0x0 0x0 0x0 0x0 0x9e000a 0x0 0x3 0x0 0x0 0x0 0xa50005 0x0 0x0 0x0 0x0 0x0 0x0 0xa80007 0x0 0x1f8 0x0 0xb2000a 0x0 0x3 0x0 0x0 0x0 0xb70005 0x0 0x0 0x0 0x0 0x0 0x0 0xbd0005 0x0 0x0 0x0 0x0 0x0 0x0 0xc7000a 0x0 0x3 0x0 0x0 0x0 0xcc0005 0x0 0x0 0x0 0x0 0x0 0x0 0xd20005 0x0 0x0 0x0 0x0 0x0 0x0 0xde0005 0x0 0x0 0x0 0x0 0x0 0x0 0xe40002 0x0 0xea0005 0x0 0x0 0x0 0x0 0x0 0x0 0xf70003 0x0 0xf0 0x1000005 0x0 0x0 0x0 0x0 0x0 0x0 0x1060002 0x0 0x1160002 0x0 0x11c0002 0x0 0x11f0004 0x0 0x0 0x0 0x0 0x0 0x0 0x1220005 0x0 0x0 0x0 0x0 0x0 0x0 0x12a0003 0x84d 0xfffffffffffff938 0x0 0x0 0x0 0x0 0x0 0x0 0x0 0x0 0x0 0x9 0x2 0x0 0x0 oops 0 methods 0
ciMethodData org/languagetool/AnalyzedSentence <init> ([Lorg/languagetool/AnalyzedTokenReadings;)V 1 553 orig 80 0 0 0 0 0 0 0 0 0 0 0 0 48 2 0 0 0 0 0 0 0 0 0 0 0 0 0 0 0 0 0 0 0 0 0 0 0 0 0 0 0 0 0 0 0 0 0 0 0 0 0 0 0 0 0 0 0 0 0 0 0 0 0 0 0 0 0 0 0 0 0 0 0 0 0 0 0 0 0 0 data 8 0x30002 0x229 0x0 0x0 0x9 0x2 0x3e 0x0 oops 0 methods 0
ciMethodData org/languagetool/tagging/disambiguation/MultiWordChunker getNextPosTag (Ljava/lang/String;)Ljava/lang/String; 1 0 orig 80 0 0 0 0 0 0 0 0 0 0 0 0 48 2 0 0 0 0 0 0 0 0 0 0 0 0 0 0 0 0 0 0 0 0 0 0 0 0 0 0 0 0 0 0 0 0 0 0 0 0 0 0 0 0 0 0 0 0 0 0 0 0 0 0 0 0 0 0 0 0 0 0 0 0 0 0 0 0 0 0 data 58 0x40005 0x0 0x0 0x0 0x0 0x0 0x0 0x70007 0x0 0x88 0x0 0xd0005 0x0 0x0 0x0 0x0 0x0 0x0 0x10000a 0x0 0x3 0x0 0x0 0x0 0x1a0005 0x0 0x0 0x0 0x0 0x0 0x0 0x1d0007 0x0 0x88 0x0 0x220005 0x0 0x0 0x0 0x0 0x0 0x0 0x25000a 0x0 0x3 0x0 0x0 0x0 0x0 0x0 0x0 0x0 0x0 0x0 0x9 0x2 0x0 0x0 oops 0 methods 0
ciMethodData it/unimi/dsi/fastutil/objects/Object2IntOpenHashMap <init> ()V 1 6 orig 80 0 0 0 0 0 0 0 0 0 0 0 0 48 2 0 0 0 0 0 0 0 0 0 0 0 0 0 0 0 0 0 0 0 0 0 0 0 0 0 0 0 0 0 0 0 0 0 0 0 0 0 0 0 0 0 0 0 0 0 0 0 0 0 0 0 0 0 0 0 0 0 0 0 0 0 0 0 0 0 0 data 8 0x50002 0x6 0x0 0x0 0x0 0x9 0x1 0x0 oops 0 methods 0
ciMethodData it/unimi/dsi/fastutil/objects/Object2IntOpenHashMap <init> (IF)V 1 6 orig 80 0 0 0 0 0 0 0 0 0 0 0 0 48 2 0 0 0 0 0 0 0 0 0 0 0 0 0 0 0 0 0 0 0 0 0 0 0 0 0 0 0 0 0 0 0 0 0 0 0 0 0 0 0 0 0 0 0 0 0 0 0 0 0 0 0 0 0 0 0 0 0 0 0 0 0 0 0 0 0 0 data 36 0x10002 0x6 0x70007 0x0 0x40 0x6 0xd0007 0x6 0x30 0x0 0x160002 0x0 0x1b0007 0x6 0x30 0x0 0x240002 0x0 0x310002 0x6 0x4b0002 0x6 0x0 0x0 0x0 0x0 0x0 0x0 0x0 0x0 0x0 0x9 0x3 0x7c 0x0 0x0 oops 0 methods 0
ciMethodData it/unimi/dsi/fastutil/objects/Object2ObjectOpenHashMap <init> ()V 1 6 orig 80 0 0 0 0 0 0 0 0 0 0 0 0 48 2 0 0 0 0 0 0 0 0 0 0 0 0 0 0 0 0 0 0 0 0 0 0 0 0 0 0 0 0 0 0 0 0 0 0 0 0 0 0 0 0 0 0 0 0 0 0 0 0 0 0 0 0 0 0 0 0 0 0 0 0 0 0 0 0 0 0 data 8 0x50002 0x6 0x0 0x0 0x0 0x9 0x1 0x0 oops 0 methods 0
ciMethodData it/unimi/dsi/fastutil/objects/Object2ObjectOpenHashMap <init> (IF)V 1 6 orig 80 0 0 0 0 0 0 0 0 0 0 0 0 48 2 0 0 0 0 0 0 0 0 0 0 0 0 0 0 0 0 0 0 0 0 0 0 0 0 0 0 0 0 0 0 0 0 0 0 0 0 0 0 0 0 0 0 0 0 0 0 0 0 0 0 0 0 0 0 0 0 0 0 0 0 0 0 0 0 0 0 data 36 0x10002 0x6 0x70007 0x0 0x40 0x6 0xd0007 0x6 0x30 0x0 0x160002 0x0 0x1b0007 0x6 0x30 0x0 0x240002 0x0 0x310002 0x6 0x4b0002 0x6 0x0 0x0 0x0 0x0 0x0 0x0 0x0 0x0 0x0 0x9 0x3 0x7c 0x0 0x0 oops 0 methods 0
ciMethodData it/unimi/dsi/fastutil/objects/Object2IntOpenHashMap trim ()Z 1 6 orig 80 0 0 0 0 0 0 0 0 0 0 0 0 48 2 0 0 0 0 0 0 0 0 0 0 0 0 0 0 0 0 0 0 0 0 0 0 0 0 0 0 0 0 0 0 0 0 0 0 0 0 0 0 0 0 0 0 0 0 0 0 0 0 0 0 0 0 0 0 0 0 0 0 0 0 0 0 0 0 0 0 data 16 0x50005 0x0 0x0 0x23062170230 0x6 0x0 0x0 0x0 0x0 0x0 0x0 0x0 0x0 0x9 0x1 0xffffffffffffffff oops 1 3 it/unimi/dsi/fastutil/objects/Object2IntOpenHashMap methods 0
ciMethodData it/unimi/dsi/fastutil/objects/Object2ObjectOpenHashMap trim ()Z 1 6 orig 80 0 0 0 0 0 0 0 0 0 0 0 0 48 2 0 0 0 0 0 0 0 0 0 0 0 0 0 0 0 0 0 0 0 0 0 0 0 0 0 0 0 0 0 0 0 0 0 0 0 0 0 0 0 0 0 0 0 0 0 0 0 0 0 0 0 0 0 0 0 0 0 0 0 0 0 0 0 0 0 0 data 16 0x50005 0x0 0x0 0x230621702e0 0x6 0x0 0x0 0x0 0x0 0x0 0x0 0x0 0x0 0x9 0x1 0xffffffffffffffff oops 1 3 it/unimi/dsi/fastutil/objects/Object2ObjectOpenHashMap methods 0
ciMethodData java/util/concurrent/CompletableFuture isCancelled ()Z 2 3720 orig 80 0 0 0 0 0 0 0 0 0 0 0 0 48 2 0 0 0 1 0 0 0 0 0 0 0 0 0 0 0 0 0 0 0 0 0 0 0 0 0 1 0 0 0 0 0 0 0 0 0 0 0 0 0 0 0 0 0 0 0 0 0 0 0 0 0 0 0 0 0 0 0 0 0 0 0 0 0 0 0 0 data 41 0x8000000100060104 0xfffffffffffff17e 0x0 0x2305cab1288 0xd 0x0 0x0 0x8000000600090007 0xe89 0xc8 0x1 0xd0004 0x0 0x0 0x23061941878 0x1 0x0 0x0 0x130004 0x0 0x0 0x23065be2028 0x1 0x0 0x0 0x160007 0x0 0x38 0x1 0x1a0003 0x1 0x18 0x0 0x0 0x0 0x0 0x0 0x0 0x9 0x1 0x0 oops 3 3 java/util/ArrayList 14 java/util/concurrent/CompletableFuture$AltResult 21 java/util/concurrent/CancellationException methods 0
ciMethod org/eclipse/lsp4j/jsonrpc/CompletableFutures$FutureCancelChecker isCanceled ()Z 520 0 3982 0 0
ciMethodData org/eclipse/lsp4j/jsonrpc/CompletableFutures$FutureCancelChecker isCanceled ()Z 2 3722 orig 80 0 0 0 0 0 0 0 0 0 0 0 0 48 2 0 0 0 0 0 0 0 0 0 0 0 0 0 0 0 0 0 0 0 0 0 0 0 0 0 0 0 0 0 0 0 0 0 0 0 0 0 0 0 0 0 0 0 0 0 0 0 0 0 0 0 0 0 0 0 0 0 0 0 0 0 0 0 0 0 0 data 16 0x40005 0x0 0x0 0x23061940678 0xe8a 0x0 0x0 0x0 0x0 0x0 0x0 0x0 0x0 0x9 0x1 0x0 oops 1 3 java/util/concurrent/CompletableFuture methods 0
compile org/languagetool/tagging/disambiguation/MultiWordChunker disambiguate (Lorg/languagetool/AnalyzedSentence;Lorg/languagetool/JLanguageTool$CheckCancelledCallback;)Lorg/languagetool/AnalyzedSentence; -1 4 inline 221 0 -1 0 org/languagetool/tagging/disambiguation/MultiWordChunker disambiguate (Lorg/languagetool/AnalyzedSentence;Lorg/languagetool/JLanguageTool$CheckCancelledCallback;)Lorg/languagetool/AnalyzedSentence; 1 1 0 org/languagetool/tagging/disambiguation/MultiWordChunker lazyInit ()V 2 26 0 it/unimi/dsi/fastutil/objects/Object2IntOpenHashMap <init> ()V 3 5 0 it/unimi/dsi/fastutil/objects/Object2IntOpenHashMap <init> (IF)V 4 1 0 it/unimi/dsi/fastutil/objects/AbstractObject2IntMap <init> ()V 5 1 0 it/unimi/dsi/fastutil/objects/AbstractObject2IntFunction <init> ()V 6 1 0 java/lang/Object <init> ()V 2 34 0 it/unimi/dsi/fastutil/objects/Object2IntOpenHashMap <init> ()V 3 5 0 it/unimi/dsi/fastutil/objects/Object2IntOpenHashMap <init> (IF)V 4 1 0 it/unimi/dsi/fastutil/objects/AbstractObject2IntMap <init> ()V 5 1 0 it/unimi/dsi/fastutil/objects/AbstractObject2IntFunction <init> ()V 6 1 0 java/lang/Object <init> ()V 2 42 0 it/unimi/dsi/fastutil/objects/Object2ObjectOpenHashMap <init> ()V 3 5 0 it/unimi/dsi/fastutil/objects/Object2ObjectOpenHashMap <init> (IF)V 4 1 0 it/unimi/dsi/fastutil/objects/AbstractObject2ObjectMap <init> ()V 5 1 0 it/unimi/dsi/fastutil/objects/AbstractObject2ObjectFunction <init> ()V 6 1 0 java/lang/Object <init> ()V 2 51 0 it/unimi/dsi/fastutil/objects/Object2ObjectOpenHashMap <init> ()V 3 5 0 it/unimi/dsi/fastutil/objects/Object2ObjectOpenHashMap <init> (IF)V 4 1 0 it/unimi/dsi/fastutil/objects/AbstractObject2ObjectMap <init> ()V 5 1 0 it/unimi/dsi/fastutil/objects/AbstractObject2ObjectFunction <init> ()V 6 1 0 java/lang/Object <init> ()V 1 5 0 org/languagetool/AnalyzedSentence getTokens ()[Lorg/languagetool/AnalyzedTokenReadings; 1 27 0 org/languagetool/AnalyzedTokenReadings getToken ()Ljava/lang/String; 1 34 0 java/lang/String length ()I 2 6 0 java/lang/String coder ()B 1 50 0 java/lang/StringBuilder <init> (Ljava/lang/String;)V 1 72 0 org/languagetool/AnalyzedTokenReadings isWhitespace ()Z 1 85 0 org/languagetool/AnalyzedTokenReadings getToken ()Ljava/lang/String; 1 88 0 java/lang/StringBuilder append (Ljava/lang/String;)Ljava/lang/StringBuilder; 1 100 0 java/lang/StringBuilder toString ()Ljava/lang/String; 1 110 0  @bci org/bsplines/ltexls/languagetool/LanguageToolJavaInterface checkInternal (Lorg/bsplines/ltexls/parsing/AnnotatedTextFragment;)Ljava/util/List; 79 <appendix> member <vmtarget> ; checkCancelled ()Z 2 4 0 org/bsplines/ltexls/languagetool/LanguageToolJavaInterface checkInternal$lambda$0 (Lorg/bsplines/ltexls/parsing/AnnotatedTextFragment;)Z 3 1 0 org/bsplines/ltexls/parsing/AnnotatedTextFragment getDocument ()Lorg/bsplines/ltexls/server/LtexTextDocumentItem; 3 4 0 org/bsplines/ltexls/server/LtexTextDocumentItem raiseExceptionIfCanceled ()V 4 10 0 org/eclipse/lsp4j/jsonrpc/CompletableFutures$FutureCancelChecker isCanceled ()Z 5 4 0 java/util/concurrent/CompletableFuture isCancelled ()Z 4 26 0 org/bsplines/ltexls/tools/Logging getLOGGER ()Ljava/util/logging/Logger; 4 70 0 org/bsplines/ltexls/tools/Logging getLOGGER ()Ljava/util/logging/Logger; 1 127 0 it/unimi/dsi/fastutil/objects/Object2IntOpenHashMap containsKey (Ljava/lang/Object;)Z 2 16 0 java/lang/String hashCode ()I 3 17 0 java/lang/String isLatin1 ()Z 3 27 0 java/lang/StringLatin1 hashCode ([B)I 2 19 0 it/unimi/dsi/fastutil/HashCommon mix (I)I 2 40 0 java/lang/String equals (Ljava/lang/Object;)Z 2 71 0 java/lang/String equals (Ljava/lang/Object;)Z 1 142 0 java/lang/StringBuilder <init> ()V 1 153 0 it/unimi/dsi/fastutil/objects/Object2IntMap get (Ljava/lang/Object;)Ljava/lang/Object; 2 2 0 it/unimi/dsi/fastutil/objects/Object2IntMap get (Ljava/lang/Object;)Ljava/lang/Integer; 3 2 0 it/unimi/dsi/fastutil/objects/Object2IntFunction get (Ljava/lang/Object;)Ljava/lang/Integer; 4 4 0 it/unimi/dsi/fastutil/objects/Object2IntOpenHashMap getInt (Ljava/lang/Object;)I 5 35 0 java/lang/String hashCode ()I 6 17 0 java/lang/String isLatin1 ()Z 6 27 0 java/lang/StringLatin1 hashCode ([B)I 5 38 0 it/unimi/dsi/fastutil/HashCommon mix (I)I 5 102 0 java/lang/String equals (Ljava/lang/Object;)Z 4 12 0 it/unimi/dsi/fastutil/objects/AbstractObject2IntFunction defaultReturnValue ()I 4 31 0 java/lang/Integer valueOf (I)Ljava/lang/Integer; 1 161 0 java/lang/Integer intValue ()I 1 194 0 org/languagetool/AnalyzedTokenReadings isWhitespace ()Z 1 206 0 org/languagetool/AnalyzedTokenReadings getToken ()Ljava/lang/String; 1 209 0 java/lang/StringBuilder append (Ljava/lang/String;)Ljava/lang/StringBuilder; 1 215 0 java/lang/StringBuilder toString ()Ljava/lang/String; 1 226 0 it/unimi/dsi/fastutil/objects/Object2ObjectOpenHashMap get (Ljava/lang/Object;)Ljava/lang/Object; 2 35 0 java/lang/String hashCode ()I 3 17 0 java/lang/String isLatin1 ()Z 3 27 0 java/lang/StringLatin1 hashCode ([B)I 2 38 0 it/unimi/dsi/fastutil/HashCommon mix (I)I 2 62 0 java/lang/String equals (Ljava/lang/Object;)Z 2 102 0 java/lang/String equals (Ljava/lang/Object;)Z 1 243 0 org/languagetool/AnalyzedToken getPOSTag ()Ljava/lang/String; 1 278 0 org/languagetool/AnalyzedTokenReadings getToken ()Ljava/lang/String; 1 283 0 org/languagetool/AnalyzedToken getPOSTag ()Ljava/lang/String; 1 288 0 org/languagetool/AnalyzedToken getLemma ()Ljava/lang/String; 1 313 0 org/languagetool/AnalyzedTokenReadings getToken ()Ljava/lang/String; 1 337 0 org/languagetool/AnalyzedTokenReadings getToken ()Ljava/lang/String; 1 367 0 org/languagetool/AnalyzedTokenReadings ignoreSpelling ()V 1 389 0 org/languagetool/AnalyzedTokenReadings ignoreSpelling ()V 1 413 0 org/languagetool/AnalyzedTokenReadings isWhitespace ()Z 1 423 0 java/lang/StringBuilder append (C)Ljava/lang/StringBuilder; 1 458 0 java/lang/String substring (II)Ljava/lang/String; 2 1 0 java/lang/String length ()I 3 6 0 java/lang/String coder ()B 2 8 0 java/lang/String checkBoundsBeginEnd (III)V 3 6 0 jdk/internal/util/Preconditions checkFromToIndex (IIILjava/util/function/BiFunction;)I 2 28 0 java/lang/String isLatin1 ()Z 2 41 0 java/lang/StringLatin1 newString ([BII)Ljava/lang/String; 3 16 0 java/util/Arrays copyOfRange ([BII)[B 4 13 0 java/util/Arrays copyOfRangeByte ([BII)[B 5 2 0 java/util/Arrays checkLength (II)V 3 20 0 java/lang/String <init> ([BB)V 4 1 0 java/lang/Object <init> ()V 1 461 0 it/unimi/dsi/fastutil/objects/Object2IntOpenHashMap containsKey (Ljava/lang/Object;)Z 2 16 0 java/lang/String hashCode ()I 3 17 0 java/lang/String isLatin1 ()Z 3 27 0 java/lang/StringLatin1 hashCode ([B)I 2 19 0 it/unimi/dsi/fastutil/HashCommon mix (I)I 2 40 0 java/lang/String equals (Ljava/lang/Object;)Z 2 71 0 java/lang/String equals (Ljava/lang/Object;)Z 1 477 0 java/lang/StringBuilder <init> ()V 1 493 0 org/languagetool/AnalyzedTokenReadings isWhitespace ()Z 1 515 0 org/languagetool/AnalyzedTokenReadings getToken ()Ljava/lang/String; 1 518 0 java/lang/StringBuilder append (Ljava/lang/String;)Ljava/lang/StringBuilder; 1 524 0 java/lang/StringBuilder toString ()Ljava/lang/String; 1 535 0 it/unimi/dsi/fastutil/objects/Object2ObjectOpenHashMap get (Ljava/lang/Object;)Ljava/lang/Object; 2 35 0 java/lang/String hashCode ()I 3 17 0 java/lang/String isLatin1 ()Z 3 27 0 java/lang/StringLatin1 hashCode ([B)I 2 38 0 it/unimi/dsi/fastutil/HashCommon mix (I)I 2 62 0 java/lang/String equals (Ljava/lang/Object;)Z 2 102 0 java/lang/String equals (Ljava/lang/Object;)Z 1 552 0 org/languagetool/AnalyzedToken getPOSTag ()Ljava/lang/String; 1 718 0 org/languagetool/AnalyzedTokenReadings ignoreSpelling ()V 1 753 0 org/languagetool/tagging/disambiguation/MultiWordChunker removePreviousTags ([Lorg/languagetool/AnalyzedTokenReadings;)[Lorg/languagetool/AnalyzedTokenReadings; 2 28 0 org/languagetool/AnalyzedTokenReadings isWhitespace ()Z 2 49 0 org/languagetool/AnalyzedTokenReadings getToken ()Ljava/lang/String; 2 65 0 java/lang/invoke/Invokers$Holder linkToTargetMethod (Ljava/lang/Object;Ljava/lang/Object;)Ljava/lang/Object; 3 5 0  @bci org/bsplines/ltexls/parsing/latex/LatexAnnotatedTextBuilderDefaults <clinit> ()V 16727 <appendix> form vmentry <vmtarget> ; invoke (Ljava/lang/Object;Ljava/lang/Object;)Ljava/lang/Object; 4 15 0 java/lang/invoke/DirectMethodHandle$Holder invokeStatic (Ljava/lang/Object;Ljava/lang/Object;)Ljava/lang/Object; 5 1 0 java/lang/invoke/DirectMethodHandle internalMemberName (Ljava/lang/Object;)Ljava/lang/Object; 5 10 0 java/lang/StringConcatHelper stringOf (Ljava/lang/Object;)Ljava/lang/String; 6 5 0 java/lang/String toString ()Ljava/lang/String; 4 31 0  @bci com/vladsch/flexmark/util/sequence/Escaping <clinit> ()V 23 <appendix> argL3 form vmentry <vmtarget> ; invoke (Ljava/lang/Object;Ljava/lang/Object;)J 5 23 0 java/lang/invoke/DirectMethodHandle$Holder invokeStatic (Ljava/lang/Object;JLjava/lang/Object;)J 6 1 0 java/lang/invoke/DirectMethodHandle internalMemberName (Ljava/lang/Object;)Ljava/lang/Object; 6 13 0 java/lang/StringConcatHelper mix (JLjava/lang/String;)J 7 2 0 java/lang/String length ()I 8 6 0 java/lang/String coder ()B 7 9 0 java/lang/String coder ()B 7 23 0 java/lang/StringConcatHelper checkOverflow (J)J 4 49 0  @bci com/vladsch/flexmark/util/sequence/Escaping <clinit> ()V 23 <appendix> argL2 form vmentry <vmtarget> ; invoke (Ljava/lang/Object;J)Ljava/lang/Object; 5 23 0 java/lang/invoke/DirectMethodHandle$Holder invokeStatic (Ljava/lang/Object;Ljava/lang/Object;J)Ljava/lang/Object; 6 1 0 java/lang/invoke/DirectMethodHandle internalMemberName (Ljava/lang/Object;)Ljava/lang/Object; 6 13 0 java/lang/StringConcatHelper newArrayWithSuffix (Ljava/lang/String;J)[B 7 2 0 java/lang/String length ()I 8 6 0 java/lang/String coder ()B 7 7 0 java/lang/StringConcatHelper newArray (J)[B 8 33 0 jdk/internal/misc/Unsafe allocateUninitializedArray (Ljava/lang/Class;I)Ljava/lang/Object; 7 24 0 java/lang/String getBytes ([BIB)V 8 1 0 java/lang/String coder ()B 4 70 0  @bci com/vladsch/flexmark/util/sequence/Escaping <clinit> ()V 23 <appendix> argL1 form vmentry <vmtarget> ; invoke (Ljava/lang/Object;JLjava/lang/Object;Ljava/lang/Object;)J 5 28 0 java/lang/invoke/DirectMethodHandle$Holder invokeStatic (Ljava/lang/Object;JLjava/lang/Object;Ljava/lang/Object;Ljava/lang/Object;)J 6 1 0 java/lang/invoke/DirectMethodHandle internalMemberName (Ljava/lang/Object;)Ljava/lang/Object; 6 17 0 java/lang/StringConcatHelper prepend (J[BLjava/lang/String;Ljava/lang/String;)J 7 3 0 java/lang/StringConcatHelper prepend (J[BLjava/lang/String;)J 8 2 0 java/lang/String length ()I 9 6 0 java/lang/String coder ()B 8 21 0 java/lang/String getBytes ([BIB)V 9 1 0 java/lang/String coder ()B 4 90 0 java/lang/invoke/DirectMethodHandle$Holder invokeStatic (Ljava/lang/Object;Ljava/lang/Object;J)Ljava/lang/Object; 5 1 0 java/lang/invoke/DirectMethodHandle internalMemberName (Ljava/lang/Object;)Ljava/lang/Object; 5 13 0 java/lang/StringConcatHelper newString ([BJ)Ljava/lang/String; 6 12 0 java/lang/String <init> ([BB)V 7 1 0 java/lang/Object <init> ()V 6 30 0 java/lang/String <init> ([BB)V 7 1 0 java/lang/Object <init> ()V 2 115 0 java/lang/Integer valueOf (I)Ljava/lang/Integer; 3 28 0 java/lang/Integer <init> (I)V 4 1 0 java/lang/Number <init> ()V 5 1 0 java/lang/Object <init> ()V 2 129 0 org/languagetool/AnalyzedToken getPOSTag ()Ljava/lang/String; 2 135 0 org/languagetool/AnalyzedToken getPOSTag ()Ljava/lang/String; 2 149 0 org/languagetool/AnalyzedToken getLemma ()Ljava/lang/String; 2 158 0 java/lang/invoke/Invokers$Holder linkToTargetMethod (Ljava/lang/Object;Ljava/lang/Object;)Ljava/lang/Object; 3 5 0  @bci org/bsplines/ltexls/parsing/latex/LatexAnnotatedTextBuilderDefaults <clinit> ()V 16727 <appendix> form vmentry <vmtarget> ; invoke (Ljava/lang/Object;Ljava/lang/Object;)Ljava/lang/Object; 4 15 0 java/lang/invoke/DirectMethodHandle$Holder invokeStatic (Ljava/lang/Object;Ljava/lang/Object;)Ljava/lang/Object; 5 1 0 java/lang/invoke/DirectMethodHandle internalMemberName (Ljava/lang/Object;)Ljava/lang/Object; 5 10 0 java/lang/StringConcatHelper stringOf (Ljava/lang/Object;)Ljava/lang/String; 6 5 0 java/lang/String toString ()Ljava/lang/String; 4 31 0  @bci com/vladsch/flexmark/util/sequence/Escaping <clinit> ()V 23 <appendix> argL3 form vmentry <vmtarget> ; invoke (Ljava/lang/Object;Ljava/lang/Object;)J 5 23 0 java/lang/invoke/DirectMethodHandle$Holder invokeStatic (Ljava/lang/Object;JLjava/lang/Object;)J 6 1 0 java/lang/invoke/DirectMethodHandle internalMemberName (Ljava/lang/Object;)Ljava/lang/Object; 6 13 0 java/lang/StringConcatHelper mix (JLjava/lang/String;)J 7 2 0 java/lang/String length ()I 8 6 0 java/lang/String coder ()B 7 9 0 java/lang/String coder ()B 7 23 0 java/lang/StringConcatHelper checkOverflow (J)J 4 49 0  @bci com/vladsch/flexmark/util/sequence/Escaping <clinit> ()V 23 <appendix> argL2 form vmentry <vmtarget> ; invoke (Ljava/lang/Object;J)Ljava/lang/Object; 5 23 0 java/lang/invoke/DirectMethodHandle$Holder invokeStatic (Ljava/lang/Object;Ljava/lang/Object;J)Ljava/lang/Object; 6 1 0 java/lang/invoke/DirectMethodHandle internalMemberName (Ljava/lang/Object;)Ljava/lang/Object; 6 13 0 java/lang/StringConcatHelper newArrayWithSuffix (Ljava/lang/String;J)[B 7 2 0 java/lang/String length ()I 8 6 0 java/lang/String coder ()B 7 7 0 java/lang/StringConcatHelper newArray (J)[B 8 33 0 jdk/internal/misc/Unsafe allocateUninitializedArray (Ljava/lang/Class;I)Ljava/lang/Object; 7 24 0 java/lang/String getBytes ([BIB)V 8 1 0 java/lang/String coder ()B 4 70 0  @bci com/vladsch/flexmark/util/sequence/Escaping <clinit> ()V 23 <appendix> argL1 form vmentry <vmtarget> ; invoke (Ljava/lang/Object;JLjava/lang/Object;Ljava/lang/Object;)J 5 28 0 java/lang/invoke/DirectMethodHandle$Holder invokeStatic (Ljava/lang/Object;JLjava/lang/Object;Ljava/lang/Object;Ljava/lang/Object;)J 6 1 0 java/lang/invoke/DirectMethodHandle internalMemberName (Ljava/lang/Object;)Ljava/lang/Object; 6 17 0 java/lang/StringConcatHelper prepend (J[BLjava/lang/String;Ljava/lang/String;)J 7 3 0 java/lang/StringConcatHelper prepend (J[BLjava/lang/String;)J 8 2 0 java/lang/String length ()I 9 6 0 java/lang/String coder ()B 8 21 0 java/lang/String getBytes ([BIB)V 9 1 0 java/lang/String coder ()B 4 90 0 java/lang/invoke/DirectMethodHandle$Holder invokeStatic (Ljava/lang/Object;Ljava/lang/Object;J)Ljava/lang/Object; 5 1 0 java/lang/invoke/DirectMethodHandle internalMemberName (Ljava/lang/Object;)Ljava/lang/Object; 5 13 0 java/lang/StringConcatHelper newString ([BJ)Ljava/lang/String; 6 12 0 java/lang/String <init> ([BB)V 7 1 0 java/lang/Object <init> ()V 6 30 0 java/lang/String <init> ([BB)V 7 1 0 java/lang/Object <init> ()V 2 256 0 org/languagetool/AnalyzedToken getToken ()Ljava/lang/String; 1 756 0 org/languagetool/AnalyzedSentence <init> ([Lorg/languagetool/AnalyzedTokenReadings;)V 2 3 0 org/languagetool/AnalyzedSentence <init> ([Lorg/languagetool/AnalyzedTokenReadings;[Lorg/languagetool/AnalyzedTokenReadings;)V 3 1 0 java/lang/Object <init> ()V 3 41 0 org/languagetool/AnalyzedSentence getNonBlankReadings ([Lorg/languagetool/AnalyzedTokenReadings;II[I)Ljava/util/List; 4 4 0 java/util/ArrayList <init> ()V 5 1 0 java/util/AbstractList <init> ()V 6 1 0 java/util/AbstractCollection <init> ()V 7 1 0 java/lang/Object <init> ()V 4 36 0 org/languagetool/AnalyzedTokenReadings isWhitespace ()Z 4 44 0 org/languagetool/AnalyzedTokenReadings isSentenceStart ()Z 4 52 0 org/languagetool/AnalyzedTokenReadings isSentenceEnd ()Z 4 60 0 org/languagetool/AnalyzedTokenReadings isParagraphEnd ()Z 4 70 0 java/util/ArrayList add (Ljava/lang/Object;)Z 5 20 0 java/util/ArrayList add (Ljava/lang/Object;[Ljava/lang/Object;I)V 6 7 0 java/util/ArrayList grow ()[Ljava/lang/Object; 7 7 0 java/util/ArrayList grow (I)[Ljava/lang/Object; 8 27 0 jdk/internal/util/ArraysSupport newLength (III)I
