=== SEA-Net [web] run started on musa-4.sophia.grid5000.fr at Mon 03 Aug 2026 05:11:40 PM CEST ===
models: sv1/fcn sv1/millet sv1/resnet sv2/seanet sv3/seanet_acp sv3/seanet_classwise sv3/seanet_conjunctive sv3/seanet_softmax sv4/seanet_bottleneck_adaptive sv4/seanet_bottleneck_attnmax sv4/seanet_bottleneck_softmax sv4/seanet_bottleneck_topk sv4/seanet_bottleneck sv4/seanet_gated_last_adaptive sv4/seanet_gated_last_attnmax sv4/seanet_gated_last_softmax sv4/seanet_gated_last_topk sv4/seanet_gated_last sv4/seanet_gated_max_adaptive sv4/seanet_gated_max_attnmax sv4/seanet_gated_max_softmax sv4/seanet_gated_max_topk sv4/seanet_gated_max sv4/seanet_gated_mean_adaptive sv4/seanet_gated_mean_attnmax sv4/seanet_gated_mean_softmax sv4/seanet_gated_mean_topk sv4/seanet_gated_mean sv4/seanet_inputgate_adaptive sv4/seanet_inputgate_attnmax sv4/seanet_inputgate_softmax sv4/seanet_inputgate_topk sv4/seanet_inputgate sv4/seanet_recon_adaptive sv4/seanet_recon_attnmax sv4/seanet_recon_softmax sv4/seanet_recon_topk sv4/seanet_recon sv4/seanet_slim_adaptive sv4/seanet_slim_attnmax sv4/seanet_slim_softmax sv4/seanet_slim_topk sv4/seanet_slim sv4/seanet_spiketrend_adaptive sv4/seanet_spiketrend_attnmax sv4/seanet_spiketrend_softmax sv4/seanet_spiketrend_topk sv4/seanet_spiketrend sv5/seanet_bottleneck_dualstream sv5/seanet_bottleneck_gatedattn sv5/seanet_gated_last_dualstream sv5/seanet_gated_last_gatedattn sv5/seanet_slim_dualstream sv5/seanet_slim_gatedattn sv5/seanet_spiketrend_dualstream sv5/seanet_spiketrend_gatedattn

############################################################
# MODEL: sv1/fcn   (started Mon 03 Aug 2026 05:11:40 PM CEST)
############################################################
[log] command 'run' started at 2026-08-03_17-11-46 for model 'fcn__mil_fcn__mil_conjunctive'
[log] a copy of everything below is being saved to: results/SEA_NET/fcn__mil_fcn__mil_conjunctive/logs/run_2026-08-03_17-11-46.log

=== run: model=fcn__mil_fcn__mil_conjunctive (config sv1/fcn) dataset=WebTraffic device=cuda mode=full ===
resolved config:
  model = sv1/fcn
  run.mode = single
  run.dataset = WebTraffic
  run.smoke = False
  run.re_train = False
  preprocessing.instance_type = single_point
  preprocessing.window_size = 5
  preprocessing.window_stride = 5
  seed = 0
  device = auto
  output.results_dir = results/SEA_NET
  interpretability.dataset = WebTraffic
  interpretability.n_classes = 3
  interpretability.per_class = 1
  mlflow.enabled = True
  mlflow.experiment_name = SEA-Net
  mlflow.tracking_uri = sqlite:///mlflow.db
  mlflow.log_model_weights = True
  model_config.name = fcn
  model_config.encoder.type = mil_fcn
  model_config.pooling.type = mil_conjunctive
  model_config.pooling.d_attn = 8
  model_config.pooling.dropout = 0.1
  model_config.pooling.positional_encoding = True
  model_config.training.n_epochs = 400
  model_config.training.patience = 60
  model_config.training.max_batch = 16
  model_config.training.learning_rate = 0.00125
  model_config.training.weight_decay = 0.00012
  model_config.training.label_smoothing = 0.13
  model_config.training.lambda_entropy = 0.0
  model_config.training.min_train_for_val = 100
  model_config.training.val_frac = 0.2
  model_config.training.optimizer = adam
  model_config.records.default.metrics.test_acc = 0.742
  model_config.records.default.metrics.test_loss = 0.9105
  model_config.records.default.metrics.test_auroc = 0.9545
  model_config.records.default.metrics.dataset = WebTraffic
  model_config.records.default.metrics.recorded = 2026-07-23 13:27:42
[params] using DEFAULT recipe (no Optuna record yet - run 'python main.py optuna --model sv1/fcn').

WebTraffic already done for fcn__mil_fcn__mil_conjunctive -> skip
  (set 're_train: true' in configs/main.yaml to train it again, or delete the line
   'WebTraffic' from results/SEA_NET/fcn__mil_fcn__mil_conjunctive/done_train_dataset.txt.)

[log] finished; full output saved to results/SEA_NET/fcn__mil_fcn__mil_conjunctive/logs/run_2026-08-03_17-11-46.log

############################################################
# MODEL: sv1/millet   (started Mon 03 Aug 2026 05:11:47 PM CEST)
############################################################
[log] command 'run' started at 2026-08-03_17-11-49 for model 'millet__mil_inceptiontime__mil_conjunctive'
[log] a copy of everything below is being saved to: results/SEA_NET/millet__mil_inceptiontime__mil_conjunctive/logs/run_2026-08-03_17-11-49.log

=== run: model=millet__mil_inceptiontime__mil_conjunctive (config sv1/millet) dataset=WebTraffic device=cuda mode=full ===
resolved config:
  model = sv1/millet
  run.mode = single
  run.dataset = WebTraffic
  run.smoke = False
  run.re_train = False
  preprocessing.instance_type = single_point
  preprocessing.window_size = 5
  preprocessing.window_stride = 5
  seed = 0
  device = auto
  output.results_dir = results/SEA_NET
  interpretability.dataset = WebTraffic
  interpretability.n_classes = 3
  interpretability.per_class = 1
  mlflow.enabled = True
  mlflow.experiment_name = SEA-Net
  mlflow.tracking_uri = sqlite:///mlflow.db
  mlflow.log_model_weights = True
  model_config.name = millet
  model_config.encoder.type = mil_inceptiontime
  model_config.pooling.type = mil_conjunctive
  model_config.pooling.d_attn = 8
  model_config.pooling.dropout = 0.1
  model_config.pooling.positional_encoding = True
  model_config.training.n_epochs = 400
  model_config.training.patience = 60
  model_config.training.max_batch = 16
  model_config.training.learning_rate = 0.00125
  model_config.training.weight_decay = 0.00012
  model_config.training.label_smoothing = 0.13
  model_config.training.lambda_entropy = 0.0
  model_config.training.min_train_for_val = 100
  model_config.training.val_frac = 0.2
  model_config.training.optimizer = adam
  model_config.records.default.metrics.test_acc = 0.894
  model_config.records.default.metrics.test_loss = 0.515
  model_config.records.default.metrics.test_auroc = 0.9898
  model_config.records.default.metrics.dataset = WebTraffic
  model_config.records.default.metrics.recorded = 2026-07-23 13:27:10
[params] using DEFAULT recipe (no Optuna record yet - run 'python main.py optuna --model sv1/millet').

WebTraffic already done for millet__mil_inceptiontime__mil_conjunctive -> skip
  (set 're_train: true' in configs/main.yaml to train it again, or delete the line
   'WebTraffic' from results/SEA_NET/millet__mil_inceptiontime__mil_conjunctive/done_train_dataset.txt.)

[log] finished; full output saved to results/SEA_NET/millet__mil_inceptiontime__mil_conjunctive/logs/run_2026-08-03_17-11-49.log

############################################################
# MODEL: sv1/resnet   (started Mon 03 Aug 2026 05:11:49 PM CEST)
############################################################
[log] command 'run' started at 2026-08-03_17-11-51 for model 'resnet__mil_resnet__mil_conjunctive'
[log] a copy of everything below is being saved to: results/SEA_NET/resnet__mil_resnet__mil_conjunctive/logs/run_2026-08-03_17-11-51.log

=== run: model=resnet__mil_resnet__mil_conjunctive (config sv1/resnet) dataset=WebTraffic device=cuda mode=full ===
resolved config:
  model = sv1/resnet
  run.mode = single
  run.dataset = WebTraffic
  run.smoke = False
  run.re_train = False
  preprocessing.instance_type = single_point
  preprocessing.window_size = 5
  preprocessing.window_stride = 5
  seed = 0
  device = auto
  output.results_dir = results/SEA_NET
  interpretability.dataset = WebTraffic
  interpretability.n_classes = 3
  interpretability.per_class = 1
  mlflow.enabled = True
  mlflow.experiment_name = SEA-Net
  mlflow.tracking_uri = sqlite:///mlflow.db
  mlflow.log_model_weights = True
  model_config.name = resnet
  model_config.encoder.type = mil_resnet
  model_config.pooling.type = mil_conjunctive
  model_config.pooling.d_attn = 8
  model_config.pooling.dropout = 0.1
  model_config.pooling.positional_encoding = True
  model_config.training.n_epochs = 400
  model_config.training.patience = 60
  model_config.training.max_batch = 16
  model_config.training.learning_rate = 0.00125
  model_config.training.weight_decay = 0.00012
  model_config.training.label_smoothing = 0.13
  model_config.training.lambda_entropy = 0.0
  model_config.training.min_train_for_val = 100
  model_config.training.val_frac = 0.2
  model_config.training.optimizer = adam
  model_config.records.default.metrics.test_acc = 0.772
  model_config.records.default.metrics.test_loss = 0.8237
  model_config.records.default.metrics.test_auroc = 0.9566
  model_config.records.default.metrics.dataset = WebTraffic
  model_config.records.default.metrics.recorded = 2026-07-23 13:28:32
[params] using DEFAULT recipe (no Optuna record yet - run 'python main.py optuna --model sv1/resnet').

WebTraffic already done for resnet__mil_resnet__mil_conjunctive -> skip
  (set 're_train: true' in configs/main.yaml to train it again, or delete the line
   'WebTraffic' from results/SEA_NET/resnet__mil_resnet__mil_conjunctive/done_train_dataset.txt.)

[log] finished; full output saved to results/SEA_NET/resnet__mil_resnet__mil_conjunctive/logs/run_2026-08-03_17-11-51.log

############################################################
# MODEL: sv2/seanet   (started Mon 03 Aug 2026 05:11:52 PM CEST)
############################################################
[log] command 'run' started at 2026-08-03_17-11-53 for model 'seanet__sea_mstcn_sep__mil_additive'
[log] a copy of everything below is being saved to: results/SEA_NET/seanet__sea_mstcn_sep__mil_additive/logs/run_2026-08-03_17-11-53.log

=== run: model=seanet__sea_mstcn_sep__mil_additive (config sv2/seanet) dataset=WebTraffic device=cuda mode=full ===
resolved config:
  model = sv2/seanet
  run.mode = single
  run.dataset = WebTraffic
  run.smoke = False
  run.re_train = False
  preprocessing.instance_type = single_point
  preprocessing.window_size = 5
  preprocessing.window_stride = 5
  seed = 0
  device = auto
  output.results_dir = results/SEA_NET
  interpretability.dataset = WebTraffic
  interpretability.n_classes = 3
  interpretability.per_class = 1
  mlflow.enabled = True
  mlflow.experiment_name = SEA-Net
  mlflow.tracking_uri = sqlite:///mlflow.db
  mlflow.log_model_weights = True
  model_config.name = seanet
  model_config.use_params = auto
  model_config.encoder.type = sea_mstcn_sep
  model_config.encoder.d = 128
  model_config.encoder.n_blocks = 6
  model_config.encoder.dropout = 0.2
  model_config.encoder.max_dilation = 16
  model_config.encoder.kernels = [5, 11, 23]
  model_config.pooling.type = mil_additive
  model_config.pooling.d_attn = 8
  model_config.pooling.dropout = 0.2
  model_config.pooling.positional_encoding = True
  model_config.training.n_epochs = 400
  model_config.training.patience = 60
  model_config.training.max_batch = 16
  model_config.training.learning_rate = 0.00125
  model_config.training.weight_decay = 0.00012
  model_config.training.label_smoothing = 0.13
  model_config.training.lambda_entropy = 0.01
  model_config.training.min_train_for_val = 100
  model_config.training.val_frac = 0.2
  model_config.training.optimizer = adam
  model_config.optuna.enabled = True
  model_config.optuna.n_trials = 30
  model_config.optuna.timeout = None
  model_config.optuna.sampler = tpe
  model_config.optuna.pruner = median
  model_config.optuna.save_best_parameters = True
  model_config.optuna.search_space.training.learning_rate.type = float
  model_config.optuna.search_space.training.learning_rate.low = 0.0003
  model_config.optuna.search_space.training.learning_rate.high = 0.005
  model_config.optuna.search_space.training.learning_rate.log = True
  model_config.optuna.search_space.training.weight_decay.type = float
  model_config.optuna.search_space.training.weight_decay.low = 1e-05
  model_config.optuna.search_space.training.weight_decay.high = 0.0005
  model_config.optuna.search_space.training.weight_decay.log = True
  model_config.optuna.search_space.training.label_smoothing.type = float
  model_config.optuna.search_space.training.label_smoothing.low = 0.0
  model_config.optuna.search_space.training.label_smoothing.high = 0.2
  model_config.optuna.search_space.training.lambda_entropy.type = float
  model_config.optuna.search_space.training.lambda_entropy.low = 0.0
  model_config.optuna.search_space.training.lambda_entropy.high = 0.05
  model_config.optuna.search_space.training.max_batch.type = categorical
  model_config.optuna.search_space.training.max_batch.choices = [8, 16, 32]
  model_config.optuna.search_space.encoder.d.type = categorical
  model_config.optuna.search_space.encoder.d.choices = [64, 96, 128]
  model_config.optuna.search_space.encoder.n_blocks.type = int
  model_config.optuna.search_space.encoder.n_blocks.low = 3
  model_config.optuna.search_space.encoder.n_blocks.high = 8
  model_config.optuna.search_space.encoder.dropout.type = float
  model_config.optuna.search_space.encoder.dropout.low = 0.1
  model_config.optuna.search_space.encoder.dropout.high = 0.4
  model_config.optuna.search_space.encoder.max_dilation.type = categorical
  model_config.optuna.search_space.encoder.max_dilation.choices = [8, 16, 32]
  model_config.optuna.search_space.pooling.d_attn.type = categorical
  model_config.optuna.search_space.pooling.d_attn.choices = [4, 8, 16, 32]
  model_config.optuna.search_space.pooling.dropout.type = float
  model_config.optuna.search_space.pooling.dropout.low = 0.1
  model_config.optuna.search_space.pooling.dropout.high = 0.4
  model_config.records.optuna_best.params.training.learning_rate = 0.0005076417815298255
  model_config.records.optuna_best.params.training.weight_decay = 4.091626401527854e-05
  model_config.records.optuna_best.params.training.label_smoothing = 0.014544866656788336
  model_config.records.optuna_best.params.training.lambda_entropy = 0.007608685664283788
  model_config.records.optuna_best.params.training.max_batch = 8
  model_config.records.optuna_best.params.encoder.d = 128
  model_config.records.optuna_best.params.encoder.n_blocks = 3
  model_config.records.optuna_best.params.encoder.dropout = 0.15583378869148168
  model_config.records.optuna_best.params.encoder.max_dilation = 16
  model_config.records.optuna_best.params.pooling.d_attn = 16
  model_config.records.optuna_best.params.pooling.dropout = 0.28079526048212006
  model_config.records.optuna_best.metrics.test_acc = 0.906
  model_config.records.optuna_best.metrics.test_loss = 0.3068
  model_config.records.optuna_best.metrics.test_auroc = 0.9922
  model_config.records.optuna_best.metrics.val_loss = 0.3982
  model_config.records.optuna_best.metrics.dataset = WebTraffic
  model_config.records.optuna_best.metrics.n_trials = 30
  model_config.records.optuna_best.metrics.recorded = 2026-07-14 14:37:20
  model_config.records.default.metrics.test_acc = 0.942
  model_config.records.default.metrics.test_loss = 0.2597
  model_config.records.default.metrics.test_auroc = 0.9975
  model_config.records.default.metrics.dataset = WebTraffic
  model_config.records.default.metrics.recorded = 2026-07-23 13:30:06
[params] using DEFAULT recipe (test_acc: default 0.9420 vs optuna-best 0.9060; better = default).

WebTraffic already done for seanet__sea_mstcn_sep__mil_additive -> skip
  (set 're_train: true' in configs/main.yaml to train it again, or delete the line
   'WebTraffic' from results/SEA_NET/seanet__sea_mstcn_sep__mil_additive/done_train_dataset.txt.)

[log] finished; full output saved to results/SEA_NET/seanet__sea_mstcn_sep__mil_additive/logs/run_2026-08-03_17-11-53.log

############################################################
# MODEL: sv3/seanet_acp   (started Mon 03 Aug 2026 05:11:54 PM CEST)
############################################################
[log] command 'run' started at 2026-08-03_17-11-55 for model 'seanet_acp__sea_mstcn_sep__sea_adaptive_classwise'
[log] a copy of everything below is being saved to: results/SEA_NET/seanet_acp__sea_mstcn_sep__sea_adaptive_classwise/logs/run_2026-08-03_17-11-55.log

=== run: model=seanet_acp__sea_mstcn_sep__sea_adaptive_classwise (config sv3/seanet_acp) dataset=WebTraffic device=cuda mode=full ===
resolved config:
  model = sv3/seanet_acp
  run.mode = single
  run.dataset = WebTraffic
  run.smoke = False
  run.re_train = False
  preprocessing.instance_type = single_point
  preprocessing.window_size = 5
  preprocessing.window_stride = 5
  seed = 0
  device = auto
  output.results_dir = results/SEA_NET
  interpretability.dataset = WebTraffic
  interpretability.n_classes = 3
  interpretability.per_class = 1
  mlflow.enabled = True
  mlflow.experiment_name = SEA-Net
  mlflow.tracking_uri = sqlite:///mlflow.db
  mlflow.log_model_weights = True
  model_config.name = seanet_acp
  model_config.use_params = auto
  model_config.encoder.type = sea_mstcn_sep
  model_config.encoder.d = 128
  model_config.encoder.n_blocks = 4
  model_config.encoder.dropout = 0.15495740860213505
  model_config.encoder.max_dilation = 32
  model_config.encoder.kernels = [5, 11, 23]
  model_config.pooling.type = sea_adaptive_classwise
  model_config.pooling.d_attn = 32
  model_config.pooling.dropout = 0.3886565635352315
  model_config.pooling.positional_encoding = True
  model_config.pooling.init_beta = 0.13844928509004092
  model_config.training.n_epochs = 400
  model_config.training.patience = 60
  model_config.training.max_batch = 16
  model_config.training.learning_rate = 0.0014771429739046443
  model_config.training.weight_decay = 2.824156663833462e-05
  model_config.training.label_smoothing = 0.10464961069333995
  model_config.training.lambda_entropy = 0.004697025537922084
  model_config.training.min_train_for_val = 100
  model_config.training.val_frac = 0.2
  model_config.training.optimizer = adam
  model_config.optuna.enabled = True
  model_config.optuna.n_trials = 30
  model_config.optuna.timeout = None
  model_config.optuna.sampler = tpe
  model_config.optuna.pruner = median
  model_config.optuna.save_best_parameters = True
  model_config.optuna.search_space.training.learning_rate.type = float
  model_config.optuna.search_space.training.learning_rate.low = 0.0003
  model_config.optuna.search_space.training.learning_rate.high = 0.005
  model_config.optuna.search_space.training.learning_rate.log = True
  model_config.optuna.search_space.training.weight_decay.type = float
  model_config.optuna.search_space.training.weight_decay.low = 1e-05
  model_config.optuna.search_space.training.weight_decay.high = 0.0005
  model_config.optuna.search_space.training.weight_decay.log = True
  model_config.optuna.search_space.training.label_smoothing.type = float
  model_config.optuna.search_space.training.label_smoothing.low = 0.0
  model_config.optuna.search_space.training.label_smoothing.high = 0.2
  model_config.optuna.search_space.training.lambda_entropy.type = float
  model_config.optuna.search_space.training.lambda_entropy.low = 0.0
  model_config.optuna.search_space.training.lambda_entropy.high = 0.05
  model_config.optuna.search_space.training.max_batch.type = categorical
  model_config.optuna.search_space.training.max_batch.choices = [8, 16, 32]
  model_config.optuna.search_space.encoder.d.type = categorical
  model_config.optuna.search_space.encoder.d.choices = [64, 96, 128]
  model_config.optuna.search_space.encoder.n_blocks.type = int
  model_config.optuna.search_space.encoder.n_blocks.low = 3
  model_config.optuna.search_space.encoder.n_blocks.high = 8
  model_config.optuna.search_space.encoder.dropout.type = float
  model_config.optuna.search_space.encoder.dropout.low = 0.1
  model_config.optuna.search_space.encoder.dropout.high = 0.4
  model_config.optuna.search_space.encoder.max_dilation.type = categorical
  model_config.optuna.search_space.encoder.max_dilation.choices = [8, 16, 32]
  model_config.optuna.search_space.pooling.d_attn.type = categorical
  model_config.optuna.search_space.pooling.d_attn.choices = [4, 8, 16, 32]
  model_config.optuna.search_space.pooling.dropout.type = float
  model_config.optuna.search_space.pooling.dropout.low = 0.1
  model_config.optuna.search_space.pooling.dropout.high = 0.4
  model_config.optuna.search_space.pooling.init_beta.type = float
  model_config.optuna.search_space.pooling.init_beta.low = 0.05
  model_config.optuna.search_space.pooling.init_beta.high = 3.0
  model_config.optuna.search_space.pooling.init_beta.log = True
  model_config.records.optuna_best.params.training.learning_rate = 0.0014771429739046443
  model_config.records.optuna_best.params.training.weight_decay = 2.824156663833462e-05
  model_config.records.optuna_best.params.training.label_smoothing = 0.10464961069333995
  model_config.records.optuna_best.params.training.lambda_entropy = 0.004697025537922084
  model_config.records.optuna_best.params.training.max_batch = 16
  model_config.records.optuna_best.params.encoder.d = 128
  model_config.records.optuna_best.params.encoder.n_blocks = 4
  model_config.records.optuna_best.params.encoder.dropout = 0.15495740860213505
  model_config.records.optuna_best.params.encoder.max_dilation = 32
  model_config.records.optuna_best.params.pooling.d_attn = 32
  model_config.records.optuna_best.params.pooling.dropout = 0.3886565635352315
  model_config.records.optuna_best.params.pooling.init_beta = 0.13844928509004092
  model_config.records.optuna_best.metrics.test_acc = 0.938
  model_config.records.optuna_best.metrics.test_loss = 0.2963
  model_config.records.optuna_best.metrics.test_auroc = 0.9976
  model_config.records.optuna_best.metrics.val_loss = 0.7557
  model_config.records.optuna_best.metrics.dataset = WebTraffic
  model_config.records.optuna_best.metrics.n_trials = 30
  model_config.records.optuna_best.metrics.recorded = 2026-07-14 15:01:02
  model_config.records.default.metrics.test_acc = 0.918
  model_config.records.default.metrics.test_loss = 0.3601
  model_config.records.default.metrics.test_auroc = 0.9957
  model_config.records.default.metrics.dataset = WebTraffic
  model_config.records.default.metrics.recorded = 2026-07-23 13:31:17
[params] using OPTUNA-BEST recipe (test_acc: default 0.9180 vs optuna-best 0.9380; better = optuna-best).

WebTraffic already done for seanet_acp__sea_mstcn_sep__sea_adaptive_classwise -> skip
  (set 're_train: true' in configs/main.yaml to train it again, or delete the line
   'WebTraffic' from results/SEA_NET/seanet_acp__sea_mstcn_sep__sea_adaptive_classwise/done_train_dataset.txt.)

[log] finished; full output saved to results/SEA_NET/seanet_acp__sea_mstcn_sep__sea_adaptive_classwise/logs/run_2026-08-03_17-11-55.log

############################################################
# MODEL: sv3/seanet_classwise   (started Mon 03 Aug 2026 05:11:56 PM CEST)
############################################################
[log] command 'run' started at 2026-08-03_17-11-57 for model 'seanet_classwise__sea_mstcn_sep__sea_classwise_conjunctive'
[log] a copy of everything below is being saved to: results/SEA_NET/seanet_classwise__sea_mstcn_sep__sea_classwise_conjunctive/logs/run_2026-08-03_17-11-57.log

=== run: model=seanet_classwise__sea_mstcn_sep__sea_classwise_conjunctive (config sv3/seanet_classwise) dataset=WebTraffic device=cuda mode=full ===
resolved config:
  model = sv3/seanet_classwise
  run.mode = single
  run.dataset = WebTraffic
  run.smoke = False
  run.re_train = False
  preprocessing.instance_type = single_point
  preprocessing.window_size = 5
  preprocessing.window_stride = 5
  seed = 0
  device = auto
  output.results_dir = results/SEA_NET
  interpretability.dataset = WebTraffic
  interpretability.n_classes = 3
  interpretability.per_class = 1
  mlflow.enabled = True
  mlflow.experiment_name = SEA-Net
  mlflow.tracking_uri = sqlite:///mlflow.db
  mlflow.log_model_weights = True
  model_config.name = seanet_classwise
  model_config.use_params = auto
  model_config.encoder.type = sea_mstcn_sep
  model_config.encoder.d = 128
  model_config.encoder.n_blocks = 6
  model_config.encoder.dropout = 0.2
  model_config.encoder.max_dilation = 16
  model_config.encoder.kernels = [5, 11, 23]
  model_config.pooling.type = sea_classwise_conjunctive
  model_config.pooling.d_attn = 8
  model_config.pooling.dropout = 0.2
  model_config.pooling.positional_encoding = True
  model_config.training.n_epochs = 400
  model_config.training.patience = 60
  model_config.training.max_batch = 16
  model_config.training.learning_rate = 0.00125
  model_config.training.weight_decay = 0.00012
  model_config.training.label_smoothing = 0.13
  model_config.training.lambda_entropy = 0.01
  model_config.training.min_train_for_val = 100
  model_config.training.val_frac = 0.2
  model_config.training.optimizer = adam
  model_config.optuna.enabled = True
  model_config.optuna.n_trials = 30
  model_config.optuna.timeout = None
  model_config.optuna.sampler = tpe
  model_config.optuna.pruner = median
  model_config.optuna.save_best_parameters = True
  model_config.optuna.search_space.training.learning_rate.type = float
  model_config.optuna.search_space.training.learning_rate.low = 0.0003
  model_config.optuna.search_space.training.learning_rate.high = 0.005
  model_config.optuna.search_space.training.learning_rate.log = True
  model_config.optuna.search_space.training.weight_decay.type = float
  model_config.optuna.search_space.training.weight_decay.low = 1e-05
  model_config.optuna.search_space.training.weight_decay.high = 0.0005
  model_config.optuna.search_space.training.weight_decay.log = True
  model_config.optuna.search_space.training.label_smoothing.type = float
  model_config.optuna.search_space.training.label_smoothing.low = 0.0
  model_config.optuna.search_space.training.label_smoothing.high = 0.2
  model_config.optuna.search_space.training.lambda_entropy.type = float
  model_config.optuna.search_space.training.lambda_entropy.low = 0.0
  model_config.optuna.search_space.training.lambda_entropy.high = 0.05
  model_config.optuna.search_space.training.max_batch.type = categorical
  model_config.optuna.search_space.training.max_batch.choices = [8, 16, 32]
  model_config.optuna.search_space.encoder.d.type = categorical
  model_config.optuna.search_space.encoder.d.choices = [64, 96, 128]
  model_config.optuna.search_space.encoder.n_blocks.type = int
  model_config.optuna.search_space.encoder.n_blocks.low = 3
  model_config.optuna.search_space.encoder.n_blocks.high = 8
  model_config.optuna.search_space.encoder.dropout.type = float
  model_config.optuna.search_space.encoder.dropout.low = 0.1
  model_config.optuna.search_space.encoder.dropout.high = 0.4
  model_config.optuna.search_space.encoder.max_dilation.type = categorical
  model_config.optuna.search_space.encoder.max_dilation.choices = [8, 16, 32]
  model_config.optuna.search_space.pooling.d_attn.type = categorical
  model_config.optuna.search_space.pooling.d_attn.choices = [4, 8, 16, 32]
  model_config.optuna.search_space.pooling.dropout.type = float
  model_config.optuna.search_space.pooling.dropout.low = 0.1
  model_config.optuna.search_space.pooling.dropout.high = 0.4
  model_config.records.optuna_best.params.training.learning_rate = 0.0007339198007141648
  model_config.records.optuna_best.params.training.weight_decay = 5.056155262003501e-05
  model_config.records.optuna_best.params.training.label_smoothing = 0.012829499269756873
  model_config.records.optuna_best.params.training.lambda_entropy = 0.034623605968500996
  model_config.records.optuna_best.params.training.max_batch = 8
  model_config.records.optuna_best.params.encoder.d = 128
  model_config.records.optuna_best.params.encoder.n_blocks = 4
  model_config.records.optuna_best.params.encoder.dropout = 0.3002231139891045
  model_config.records.optuna_best.params.encoder.max_dilation = 16
  model_config.records.optuna_best.params.pooling.d_attn = 32
  model_config.records.optuna_best.params.pooling.dropout = 0.10140864285776413
  model_config.records.optuna_best.metrics.test_acc = 0.934
  model_config.records.optuna_best.metrics.test_loss = 0.2312
  model_config.records.optuna_best.metrics.test_auroc = 0.9967
  model_config.records.optuna_best.metrics.val_loss = 0.5112
  model_config.records.optuna_best.metrics.dataset = WebTraffic
  model_config.records.optuna_best.metrics.n_trials = 30
  model_config.records.optuna_best.metrics.recorded = 2026-07-14 14:41:22
  model_config.records.default.metrics.test_acc = 0.946
  model_config.records.default.metrics.test_loss = 0.2917
  model_config.records.default.metrics.test_auroc = 0.9964
  model_config.records.default.metrics.dataset = WebTraffic
  model_config.records.default.metrics.recorded = 2026-07-23 13:32:37
[params] using DEFAULT recipe (test_acc: default 0.9460 vs optuna-best 0.9340; better = default).

WebTraffic already done for seanet_classwise__sea_mstcn_sep__sea_classwise_conjunctive -> skip
  (set 're_train: true' in configs/main.yaml to train it again, or delete the line
   'WebTraffic' from results/SEA_NET/seanet_classwise__sea_mstcn_sep__sea_classwise_conjunctive/done_train_dataset.txt.)

[log] finished; full output saved to results/SEA_NET/seanet_classwise__sea_mstcn_sep__sea_classwise_conjunctive/logs/run_2026-08-03_17-11-57.log

############################################################
# MODEL: sv3/seanet_conjunctive   (started Mon 03 Aug 2026 05:11:58 PM CEST)
############################################################
[log] command 'run' started at 2026-08-03_17-11-59 for model 'seanet_conjunctive__sea_mstcn_sep__mil_conjunctive'
[log] a copy of everything below is being saved to: results/SEA_NET/seanet_conjunctive__sea_mstcn_sep__mil_conjunctive/logs/run_2026-08-03_17-11-59.log

=== run: model=seanet_conjunctive__sea_mstcn_sep__mil_conjunctive (config sv3/seanet_conjunctive) dataset=WebTraffic device=cuda mode=full ===
resolved config:
  model = sv3/seanet_conjunctive
  run.mode = single
  run.dataset = WebTraffic
  run.smoke = False
  run.re_train = False
  preprocessing.instance_type = single_point
  preprocessing.window_size = 5
  preprocessing.window_stride = 5
  seed = 0
  device = auto
  output.results_dir = results/SEA_NET
  interpretability.dataset = WebTraffic
  interpretability.n_classes = 3
  interpretability.per_class = 1
  mlflow.enabled = True
  mlflow.experiment_name = SEA-Net
  mlflow.tracking_uri = sqlite:///mlflow.db
  mlflow.log_model_weights = True
  model_config.name = seanet_conjunctive
  model_config.use_params = auto
  model_config.encoder.type = sea_mstcn_sep
  model_config.encoder.d = 128
  model_config.encoder.n_blocks = 6
  model_config.encoder.dropout = 0.2
  model_config.encoder.max_dilation = 16
  model_config.encoder.kernels = [5, 11, 23]
  model_config.pooling.type = mil_conjunctive
  model_config.pooling.d_attn = 8
  model_config.pooling.dropout = 0.2
  model_config.pooling.positional_encoding = True
  model_config.training.n_epochs = 400
  model_config.training.patience = 60
  model_config.training.max_batch = 16
  model_config.training.learning_rate = 0.00125
  model_config.training.weight_decay = 0.00012
  model_config.training.label_smoothing = 0.13
  model_config.training.lambda_entropy = 0.01
  model_config.training.min_train_for_val = 100
  model_config.training.val_frac = 0.2
  model_config.training.optimizer = adam
  model_config.optuna.enabled = True
  model_config.optuna.n_trials = 30
  model_config.optuna.timeout = None
  model_config.optuna.sampler = tpe
  model_config.optuna.pruner = median
  model_config.optuna.save_best_parameters = True
  model_config.optuna.search_space.training.learning_rate.type = float
  model_config.optuna.search_space.training.learning_rate.low = 0.0003
  model_config.optuna.search_space.training.learning_rate.high = 0.005
  model_config.optuna.search_space.training.learning_rate.log = True
  model_config.optuna.search_space.training.weight_decay.type = float
  model_config.optuna.search_space.training.weight_decay.low = 1e-05
  model_config.optuna.search_space.training.weight_decay.high = 0.0005
  model_config.optuna.search_space.training.weight_decay.log = True
  model_config.optuna.search_space.training.label_smoothing.type = float
  model_config.optuna.search_space.training.label_smoothing.low = 0.0
  model_config.optuna.search_space.training.label_smoothing.high = 0.2
  model_config.optuna.search_space.training.lambda_entropy.type = float
  model_config.optuna.search_space.training.lambda_entropy.low = 0.0
  model_config.optuna.search_space.training.lambda_entropy.high = 0.05
  model_config.optuna.search_space.training.max_batch.type = categorical
  model_config.optuna.search_space.training.max_batch.choices = [8, 16, 32]
  model_config.optuna.search_space.encoder.d.type = categorical
  model_config.optuna.search_space.encoder.d.choices = [64, 96, 128]
  model_config.optuna.search_space.encoder.n_blocks.type = int
  model_config.optuna.search_space.encoder.n_blocks.low = 3
  model_config.optuna.search_space.encoder.n_blocks.high = 8
  model_config.optuna.search_space.encoder.dropout.type = float
  model_config.optuna.search_space.encoder.dropout.low = 0.1
  model_config.optuna.search_space.encoder.dropout.high = 0.4
  model_config.optuna.search_space.encoder.max_dilation.type = categorical
  model_config.optuna.search_space.encoder.max_dilation.choices = [8, 16, 32]
  model_config.optuna.search_space.pooling.d_attn.type = categorical
  model_config.optuna.search_space.pooling.d_attn.choices = [4, 8, 16, 32]
  model_config.optuna.search_space.pooling.dropout.type = float
  model_config.optuna.search_space.pooling.dropout.low = 0.1
  model_config.optuna.search_space.pooling.dropout.high = 0.4
  model_config.records.optuna_best.params.training.learning_rate = 0.0016863092586043896
  model_config.records.optuna_best.params.training.weight_decay = 4.054910197722372e-05
  model_config.records.optuna_best.params.training.label_smoothing = 0.0004374153795219382
  model_config.records.optuna_best.params.training.lambda_entropy = 0.005281271576396442
  model_config.records.optuna_best.params.training.max_batch = 8
  model_config.records.optuna_best.params.encoder.d = 128
  model_config.records.optuna_best.params.encoder.n_blocks = 5
  model_config.records.optuna_best.params.encoder.dropout = 0.19169605369074288
  model_config.records.optuna_best.params.encoder.max_dilation = 8
  model_config.records.optuna_best.params.pooling.d_attn = 4
  model_config.records.optuna_best.params.pooling.dropout = 0.39889583133816825
  model_config.records.optuna_best.metrics.test_acc = 0.892
  model_config.records.optuna_best.metrics.test_loss = 0.3678
  model_config.records.optuna_best.metrics.test_auroc = 0.99
  model_config.records.optuna_best.metrics.val_loss = 0.4052
  model_config.records.optuna_best.metrics.dataset = WebTraffic
  model_config.records.optuna_best.metrics.n_trials = 30
  model_config.records.optuna_best.metrics.recorded = 2026-07-14 14:37:21
  model_config.records.default.metrics.test_acc = 0.954
  model_config.records.default.metrics.test_loss = 0.2623
  model_config.records.default.metrics.test_auroc = 0.9969
  model_config.records.default.metrics.dataset = WebTraffic
  model_config.records.default.metrics.recorded = 2026-07-23 13:33:49
[params] using DEFAULT recipe (test_acc: default 0.9540 vs optuna-best 0.8920; better = default).

WebTraffic already done for seanet_conjunctive__sea_mstcn_sep__mil_conjunctive -> skip
  (set 're_train: true' in configs/main.yaml to train it again, or delete the line
   'WebTraffic' from results/SEA_NET/seanet_conjunctive__sea_mstcn_sep__mil_conjunctive/done_train_dataset.txt.)

[log] finished; full output saved to results/SEA_NET/seanet_conjunctive__sea_mstcn_sep__mil_conjunctive/logs/run_2026-08-03_17-11-59.log

############################################################
# MODEL: sv3/seanet_softmax   (started Mon 03 Aug 2026 05:12:00 PM CEST)
############################################################
[log] command 'run' started at 2026-08-03_17-12-01 for model 'seanet_softmax__sea_mstcn_sep__sea_softmax_conjunctive'
[log] a copy of everything below is being saved to: results/SEA_NET/seanet_softmax__sea_mstcn_sep__sea_softmax_conjunctive/logs/run_2026-08-03_17-12-01.log

=== run: model=seanet_softmax__sea_mstcn_sep__sea_softmax_conjunctive (config sv3/seanet_softmax) dataset=WebTraffic device=cuda mode=full ===
resolved config:
  model = sv3/seanet_softmax
  run.mode = single
  run.dataset = WebTraffic
  run.smoke = False
  run.re_train = False
  preprocessing.instance_type = single_point
  preprocessing.window_size = 5
  preprocessing.window_stride = 5
  seed = 0
  device = auto
  output.results_dir = results/SEA_NET
  interpretability.dataset = WebTraffic
  interpretability.n_classes = 3
  interpretability.per_class = 1
  mlflow.enabled = True
  mlflow.experiment_name = SEA-Net
  mlflow.tracking_uri = sqlite:///mlflow.db
  mlflow.log_model_weights = True
  model_config.name = seanet_softmax
  model_config.use_params = auto
  model_config.encoder.type = sea_mstcn_sep
  model_config.encoder.d = 64
  model_config.encoder.n_blocks = 3
  model_config.encoder.dropout = 0.22294761630610715
  model_config.encoder.max_dilation = 8
  model_config.encoder.kernels = [5, 11, 23]
  model_config.pooling.type = sea_softmax_conjunctive
  model_config.pooling.d_attn = 8
  model_config.pooling.dropout = 0.1650404086693623
  model_config.pooling.positional_encoding = True
  model_config.pooling.temperature = 1.0454492672536897
  model_config.training.n_epochs = 400
  model_config.training.patience = 60
  model_config.training.max_batch = 8
  model_config.training.learning_rate = 0.0011577365765245713
  model_config.training.weight_decay = 3.145649768799423e-05
  model_config.training.label_smoothing = 0.017597091084706286
  model_config.training.lambda_entropy = 0.048980432248188106
  model_config.training.min_train_for_val = 100
  model_config.training.val_frac = 0.2
  model_config.training.optimizer = adam
  model_config.optuna.enabled = True
  model_config.optuna.n_trials = 30
  model_config.optuna.timeout = None
  model_config.optuna.sampler = tpe
  model_config.optuna.pruner = median
  model_config.optuna.save_best_parameters = True
  model_config.optuna.search_space.training.learning_rate.type = float
  model_config.optuna.search_space.training.learning_rate.low = 0.0003
  model_config.optuna.search_space.training.learning_rate.high = 0.005
  model_config.optuna.search_space.training.learning_rate.log = True
  model_config.optuna.search_space.training.weight_decay.type = float
  model_config.optuna.search_space.training.weight_decay.low = 1e-05
  model_config.optuna.search_space.training.weight_decay.high = 0.0005
  model_config.optuna.search_space.training.weight_decay.log = True
  model_config.optuna.search_space.training.label_smoothing.type = float
  model_config.optuna.search_space.training.label_smoothing.low = 0.0
  model_config.optuna.search_space.training.label_smoothing.high = 0.2
  model_config.optuna.search_space.training.lambda_entropy.type = float
  model_config.optuna.search_space.training.lambda_entropy.low = 0.0
  model_config.optuna.search_space.training.lambda_entropy.high = 0.05
  model_config.optuna.search_space.training.max_batch.type = categorical
  model_config.optuna.search_space.training.max_batch.choices = [8, 16, 32]
  model_config.optuna.search_space.encoder.d.type = categorical
  model_config.optuna.search_space.encoder.d.choices = [64, 96, 128]
  model_config.optuna.search_space.encoder.n_blocks.type = int
  model_config.optuna.search_space.encoder.n_blocks.low = 3
  model_config.optuna.search_space.encoder.n_blocks.high = 8
  model_config.optuna.search_space.encoder.dropout.type = float
  model_config.optuna.search_space.encoder.dropout.low = 0.1
  model_config.optuna.search_space.encoder.dropout.high = 0.4
  model_config.optuna.search_space.encoder.max_dilation.type = categorical
  model_config.optuna.search_space.encoder.max_dilation.choices = [8, 16, 32]
  model_config.optuna.search_space.pooling.d_attn.type = categorical
  model_config.optuna.search_space.pooling.d_attn.choices = [4, 8, 16, 32]
  model_config.optuna.search_space.pooling.dropout.type = float
  model_config.optuna.search_space.pooling.dropout.low = 0.1
  model_config.optuna.search_space.pooling.dropout.high = 0.4
  model_config.optuna.search_space.pooling.temperature.type = float
  model_config.optuna.search_space.pooling.temperature.low = 0.2
  model_config.optuna.search_space.pooling.temperature.high = 5.0
  model_config.optuna.search_space.pooling.temperature.log = True
  model_config.records.optuna_best.params.training.learning_rate = 0.0011577365765245713
  model_config.records.optuna_best.params.training.weight_decay = 3.145649768799423e-05
  model_config.records.optuna_best.params.training.label_smoothing = 0.017597091084706286
  model_config.records.optuna_best.params.training.lambda_entropy = 0.048980432248188106
  model_config.records.optuna_best.params.training.max_batch = 8
  model_config.records.optuna_best.params.encoder.d = 64
  model_config.records.optuna_best.params.encoder.n_blocks = 3
  model_config.records.optuna_best.params.encoder.dropout = 0.22294761630610715
  model_config.records.optuna_best.params.encoder.max_dilation = 8
  model_config.records.optuna_best.params.pooling.d_attn = 8
  model_config.records.optuna_best.params.pooling.dropout = 0.1650404086693623
  model_config.records.optuna_best.params.pooling.temperature = 1.0454492672536897
  model_config.records.optuna_best.metrics.test_acc = 0.904
  model_config.records.optuna_best.metrics.test_loss = 0.3163
  model_config.records.optuna_best.metrics.test_auroc = 0.9919
  model_config.records.optuna_best.metrics.val_loss = 0.4227
  model_config.records.optuna_best.metrics.dataset = WebTraffic
  model_config.records.optuna_best.metrics.n_trials = 30
  model_config.records.optuna_best.metrics.recorded = 2026-07-14 14:44:12
  model_config.records.default.metrics.test_acc = 0.88
  model_config.records.default.metrics.test_loss = 0.4549
  model_config.records.default.metrics.test_auroc = 0.988
  model_config.records.default.metrics.dataset = WebTraffic
  model_config.records.default.metrics.recorded = 2026-07-23 13:34:42
[params] using OPTUNA-BEST recipe (test_acc: default 0.8800 vs optuna-best 0.9040; better = optuna-best).

WebTraffic already done for seanet_softmax__sea_mstcn_sep__sea_softmax_conjunctive -> skip
  (set 're_train: true' in configs/main.yaml to train it again, or delete the line
   'WebTraffic' from results/SEA_NET/seanet_softmax__sea_mstcn_sep__sea_softmax_conjunctive/done_train_dataset.txt.)

[log] finished; full output saved to results/SEA_NET/seanet_softmax__sea_mstcn_sep__sea_softmax_conjunctive/logs/run_2026-08-03_17-12-01.log

############################################################
# MODEL: sv4/seanet_bottleneck_adaptive   (started Mon 03 Aug 2026 05:12:02 PM CEST)
############################################################
[log] command 'run' started at 2026-08-03_17-12-03 for model 'seanet_bottleneck_adaptive__sea_mstcn_sep_bottleneck__sea_adaptive_classwise'
[log] a copy of everything below is being saved to: results/SEA_NET/seanet_bottleneck_adaptive__sea_mstcn_sep_bottleneck__sea_adaptive_classwise/logs/run_2026-08-03_17-12-03.log

=== run: model=seanet_bottleneck_adaptive__sea_mstcn_sep_bottleneck__sea_adaptive_classwise (config sv4/seanet_bottleneck_adaptive) dataset=WebTraffic device=cuda mode=full ===
resolved config:
  model = sv4/seanet_bottleneck_adaptive
  run.mode = single
  run.dataset = WebTraffic
  run.smoke = False
  run.re_train = False
  preprocessing.instance_type = single_point
  preprocessing.window_size = 5
  preprocessing.window_stride = 5
  seed = 0
  device = auto
  output.results_dir = results/SEA_NET
  interpretability.dataset = WebTraffic
  interpretability.n_classes = 3
  interpretability.per_class = 1
  mlflow.enabled = True
  mlflow.experiment_name = SEA-Net
  mlflow.tracking_uri = sqlite:///mlflow.db
  mlflow.log_model_weights = True
  model_config.name = seanet_bottleneck_adaptive
  model_config.use_params = default
  model_config.encoder.type = sea_mstcn_sep_bottleneck
  model_config.encoder.d = 64
  model_config.encoder.n_blocks = 4
  model_config.encoder.dropout = 0.2
  model_config.encoder.max_dilation = 16
  model_config.encoder.kernels = [5, 11, 23]
  model_config.encoder.bottleneck_ratio = 4
  model_config.pooling.type = sea_adaptive_classwise
  model_config.pooling.d_attn = 8
  model_config.pooling.dropout = 0.2
  model_config.pooling.positional_encoding = True
  model_config.pooling.init_beta = 0.3
  model_config.training.n_epochs = 400
  model_config.training.patience = 60
  model_config.training.max_batch = 16
  model_config.training.learning_rate = 0.00125
  model_config.training.weight_decay = 0.00012
  model_config.training.label_smoothing = 0.13
  model_config.training.lambda_entropy = 0.01
  model_config.training.min_train_for_val = 100
  model_config.training.val_frac = 0.2
  model_config.training.optimizer = adam
[params] using DEFAULT recipe (no Optuna record yet - run 'python main.py optuna --model sv4/seanet_bottleneck_adaptive').

WebTraffic already done for seanet_bottleneck_adaptive__sea_mstcn_sep_bottleneck__sea_adaptive_classwise -> skip
  (set 're_train: true' in configs/main.yaml to train it again, or delete the line
   'WebTraffic' from results/SEA_NET/seanet_bottleneck_adaptive__sea_mstcn_sep_bottleneck__sea_adaptive_classwise/done_train_dataset.txt.)

[log] finished; full output saved to results/SEA_NET/seanet_bottleneck_adaptive__sea_mstcn_sep_bottleneck__sea_adaptive_classwise/logs/run_2026-08-03_17-12-03.log

############################################################
# MODEL: sv4/seanet_bottleneck_attnmax   (started Mon 03 Aug 2026 05:12:04 PM CEST)
############################################################
[log] command 'run' started at 2026-08-03_17-12-06 for model 'seanet_bottleneck_attnmax__sea_mstcn_sep_bottleneck__sea_attention_max'
[log] a copy of everything below is being saved to: results/SEA_NET/seanet_bottleneck_attnmax__sea_mstcn_sep_bottleneck__sea_attention_max/logs/run_2026-08-03_17-12-06.log

=== run: model=seanet_bottleneck_attnmax__sea_mstcn_sep_bottleneck__sea_attention_max (config sv4/seanet_bottleneck_attnmax) dataset=WebTraffic device=cuda mode=full ===
resolved config:
  model = sv4/seanet_bottleneck_attnmax
  run.mode = single
  run.dataset = WebTraffic
  run.smoke = False
  run.re_train = False
  preprocessing.instance_type = single_point
  preprocessing.window_size = 5
  preprocessing.window_stride = 5
  seed = 0
  device = auto
  output.results_dir = results/SEA_NET
  interpretability.dataset = WebTraffic
  interpretability.n_classes = 3
  interpretability.per_class = 1
  mlflow.enabled = True
  mlflow.experiment_name = SEA-Net
  mlflow.tracking_uri = sqlite:///mlflow.db
  mlflow.log_model_weights = True
  model_config.name = seanet_bottleneck_attnmax
  model_config.use_params = default
  model_config.encoder.type = sea_mstcn_sep_bottleneck
  model_config.encoder.d = 64
  model_config.encoder.n_blocks = 4
  model_config.encoder.dropout = 0.2
  model_config.encoder.max_dilation = 16
  model_config.encoder.kernels = [5, 11, 23]
  model_config.encoder.bottleneck_ratio = 4
  model_config.pooling.type = sea_attention_max
  model_config.pooling.d_attn = 8
  model_config.pooling.dropout = 0.2
  model_config.pooling.positional_encoding = True
  model_config.pooling.init_lam = 0.5
  model_config.training.n_epochs = 400
  model_config.training.patience = 60
  model_config.training.max_batch = 16
  model_config.training.learning_rate = 0.00125
  model_config.training.weight_decay = 0.00012
  model_config.training.label_smoothing = 0.13
  model_config.training.lambda_entropy = 0.01
  model_config.training.min_train_for_val = 100
  model_config.training.val_frac = 0.2
  model_config.training.optimizer = adam
  model_config.records.default.metrics.test_acc = 0.816
  model_config.records.default.metrics.test_loss = 0.7318
  model_config.records.default.metrics.test_auroc = 0.9767
  model_config.records.default.metrics.dataset = WebTraffic
  model_config.records.default.metrics.recorded = 2026-07-23 16:31:59
[params] using DEFAULT recipe (no Optuna record yet - run 'python main.py optuna --model sv4/seanet_bottleneck_attnmax').

WebTraffic already done for seanet_bottleneck_attnmax__sea_mstcn_sep_bottleneck__sea_attention_max -> skip
  (set 're_train: true' in configs/main.yaml to train it again, or delete the line
   'WebTraffic' from results/SEA_NET/seanet_bottleneck_attnmax__sea_mstcn_sep_bottleneck__sea_attention_max/done_train_dataset.txt.)

[log] finished; full output saved to results/SEA_NET/seanet_bottleneck_attnmax__sea_mstcn_sep_bottleneck__sea_attention_max/logs/run_2026-08-03_17-12-06.log

############################################################
# MODEL: sv4/seanet_bottleneck_softmax   (started Mon 03 Aug 2026 05:12:06 PM CEST)
############################################################
[log] command 'run' started at 2026-08-03_17-12-08 for model 'seanet_bottleneck_softmax__sea_mstcn_sep_bottleneck__sea_softmax_conjunctive'
[log] a copy of everything below is being saved to: results/SEA_NET/seanet_bottleneck_softmax__sea_mstcn_sep_bottleneck__sea_softmax_conjunctive/logs/run_2026-08-03_17-12-08.log

=== run: model=seanet_bottleneck_softmax__sea_mstcn_sep_bottleneck__sea_softmax_conjunctive (config sv4/seanet_bottleneck_softmax) dataset=WebTraffic device=cuda mode=full ===
resolved config:
  model = sv4/seanet_bottleneck_softmax
  run.mode = single
  run.dataset = WebTraffic
  run.smoke = False
  run.re_train = False
  preprocessing.instance_type = single_point
  preprocessing.window_size = 5
  preprocessing.window_stride = 5
  seed = 0
  device = auto
  output.results_dir = results/SEA_NET
  interpretability.dataset = WebTraffic
  interpretability.n_classes = 3
  interpretability.per_class = 1
  mlflow.enabled = True
  mlflow.experiment_name = SEA-Net
  mlflow.tracking_uri = sqlite:///mlflow.db
  mlflow.log_model_weights = True
  model_config.name = seanet_bottleneck_softmax
  model_config.use_params = default
  model_config.encoder.type = sea_mstcn_sep_bottleneck
  model_config.encoder.d = 64
  model_config.encoder.n_blocks = 4
  model_config.encoder.dropout = 0.2
  model_config.encoder.max_dilation = 16
  model_config.encoder.kernels = [5, 11, 23]
  model_config.encoder.bottleneck_ratio = 4
  model_config.pooling.type = sea_softmax_conjunctive
  model_config.pooling.d_attn = 8
  model_config.pooling.dropout = 0.2
  model_config.pooling.positional_encoding = True
  model_config.pooling.temperature = 1.0
  model_config.training.n_epochs = 400
  model_config.training.patience = 60
  model_config.training.max_batch = 16
  model_config.training.learning_rate = 0.00125
  model_config.training.weight_decay = 0.00012
  model_config.training.label_smoothing = 0.13
  model_config.training.lambda_entropy = 0.01
  model_config.training.min_train_for_val = 100
  model_config.training.val_frac = 0.2
  model_config.training.optimizer = adam
  model_config.records.default.metrics.test_acc = 0.94
  model_config.records.default.metrics.test_loss = 0.3446
  model_config.records.default.metrics.test_auroc = 0.9942
  model_config.records.default.metrics.dataset = WebTraffic
  model_config.records.default.metrics.recorded = 2026-07-23 16:33:39
[params] using DEFAULT recipe (no Optuna record yet - run 'python main.py optuna --model sv4/seanet_bottleneck_softmax').

WebTraffic already done for seanet_bottleneck_softmax__sea_mstcn_sep_bottleneck__sea_softmax_conjunctive -> skip
  (set 're_train: true' in configs/main.yaml to train it again, or delete the line
   'WebTraffic' from results/SEA_NET/seanet_bottleneck_softmax__sea_mstcn_sep_bottleneck__sea_softmax_conjunctive/done_train_dataset.txt.)

[log] finished; full output saved to results/SEA_NET/seanet_bottleneck_softmax__sea_mstcn_sep_bottleneck__sea_softmax_conjunctive/logs/run_2026-08-03_17-12-08.log

############################################################
# MODEL: sv4/seanet_bottleneck_topk   (started Mon 03 Aug 2026 05:12:08 PM CEST)
############################################################
[log] command 'run' started at 2026-08-03_17-12-10 for model 'seanet_bottleneck_topk__sea_mstcn_sep_bottleneck__sea_topk_conjunctive'
[log] a copy of everything below is being saved to: results/SEA_NET/seanet_bottleneck_topk__sea_mstcn_sep_bottleneck__sea_topk_conjunctive/logs/run_2026-08-03_17-12-10.log

=== run: model=seanet_bottleneck_topk__sea_mstcn_sep_bottleneck__sea_topk_conjunctive (config sv4/seanet_bottleneck_topk) dataset=WebTraffic device=cuda mode=full ===
resolved config:
  model = sv4/seanet_bottleneck_topk
  run.mode = single
  run.dataset = WebTraffic
  run.smoke = False
  run.re_train = False
  preprocessing.instance_type = single_point
  preprocessing.window_size = 5
  preprocessing.window_stride = 5
  seed = 0
  device = auto
  output.results_dir = results/SEA_NET
  interpretability.dataset = WebTraffic
  interpretability.n_classes = 3
  interpretability.per_class = 1
  mlflow.enabled = True
  mlflow.experiment_name = SEA-Net
  mlflow.tracking_uri = sqlite:///mlflow.db
  mlflow.log_model_weights = True
  model_config.name = seanet_bottleneck_topk
  model_config.use_params = default
  model_config.encoder.type = sea_mstcn_sep_bottleneck
  model_config.encoder.d = 64
  model_config.encoder.n_blocks = 4
  model_config.encoder.dropout = 0.2
  model_config.encoder.max_dilation = 16
  model_config.encoder.kernels = [5, 11, 23]
  model_config.encoder.bottleneck_ratio = 4
  model_config.pooling.type = sea_topk_conjunctive
  model_config.pooling.d_attn = 8
  model_config.pooling.dropout = 0.2
  model_config.pooling.positional_encoding = True
  model_config.pooling.top_frac = 0.1
  model_config.training.n_epochs = 400
  model_config.training.patience = 60
  model_config.training.max_batch = 16
  model_config.training.learning_rate = 0.00125
  model_config.training.weight_decay = 0.00012
  model_config.training.label_smoothing = 0.13
  model_config.training.lambda_entropy = 0.01
  model_config.training.min_train_for_val = 100
  model_config.training.val_frac = 0.2
  model_config.training.optimizer = adam
  model_config.records.default.metrics.test_acc = 0.938
  model_config.records.default.metrics.test_loss = 0.2992
  model_config.records.default.metrics.test_auroc = 0.9968
  model_config.records.default.metrics.dataset = WebTraffic
  model_config.records.default.metrics.recorded = 2026-07-23 16:36:17
[params] using DEFAULT recipe (no Optuna record yet - run 'python main.py optuna --model sv4/seanet_bottleneck_topk').

WebTraffic already done for seanet_bottleneck_topk__sea_mstcn_sep_bottleneck__sea_topk_conjunctive -> skip
  (set 're_train: true' in configs/main.yaml to train it again, or delete the line
   'WebTraffic' from results/SEA_NET/seanet_bottleneck_topk__sea_mstcn_sep_bottleneck__sea_topk_conjunctive/done_train_dataset.txt.)

[log] finished; full output saved to results/SEA_NET/seanet_bottleneck_topk__sea_mstcn_sep_bottleneck__sea_topk_conjunctive/logs/run_2026-08-03_17-12-10.log

############################################################
# MODEL: sv4/seanet_bottleneck   (started Mon 03 Aug 2026 05:12:10 PM CEST)
############################################################
[log] command 'run' started at 2026-08-03_17-12-12 for model 'seanet_bottleneck__sea_mstcn_sep_bottleneck__sea_classwise_conjunctive'
[log] a copy of everything below is being saved to: results/SEA_NET/seanet_bottleneck__sea_mstcn_sep_bottleneck__sea_classwise_conjunctive/logs/run_2026-08-03_17-12-12.log

=== run: model=seanet_bottleneck__sea_mstcn_sep_bottleneck__sea_classwise_conjunctive (config sv4/seanet_bottleneck) dataset=WebTraffic device=cuda mode=full ===
resolved config:
  model = sv4/seanet_bottleneck
  run.mode = single
  run.dataset = WebTraffic
  run.smoke = False
  run.re_train = False
  preprocessing.instance_type = single_point
  preprocessing.window_size = 5
  preprocessing.window_stride = 5
  seed = 0
  device = auto
  output.results_dir = results/SEA_NET
  interpretability.dataset = WebTraffic
  interpretability.n_classes = 3
  interpretability.per_class = 1
  mlflow.enabled = True
  mlflow.experiment_name = SEA-Net
  mlflow.tracking_uri = sqlite:///mlflow.db
  mlflow.log_model_weights = True
  model_config.name = seanet_bottleneck
  model_config.use_params = default
  model_config.encoder.type = sea_mstcn_sep_bottleneck
  model_config.encoder.d = 64
  model_config.encoder.n_blocks = 4
  model_config.encoder.dropout = 0.2
  model_config.encoder.max_dilation = 16
  model_config.encoder.kernels = [5, 11, 23]
  model_config.encoder.bottleneck_ratio = 4
  model_config.pooling.type = sea_classwise_conjunctive
  model_config.pooling.d_attn = 8
  model_config.pooling.dropout = 0.2
  model_config.pooling.positional_encoding = True
  model_config.training.n_epochs = 400
  model_config.training.patience = 60
  model_config.training.max_batch = 16
  model_config.training.learning_rate = 0.00125
  model_config.training.weight_decay = 0.00012
  model_config.training.label_smoothing = 0.13
  model_config.training.lambda_entropy = 0.01
  model_config.training.min_train_for_val = 100
  model_config.training.val_frac = 0.2
  model_config.training.optimizer = adam
  model_config.records.default.metrics.test_acc = 0.902
  model_config.records.default.metrics.test_loss = 0.3952
  model_config.records.default.metrics.test_auroc = 0.9894
  model_config.records.default.metrics.dataset = WebTraffic
  model_config.records.default.metrics.recorded = 2026-07-23 13:38:48
[params] using DEFAULT recipe (no Optuna record yet - run 'python main.py optuna --model sv4/seanet_bottleneck').

WebTraffic already done for seanet_bottleneck__sea_mstcn_sep_bottleneck__sea_classwise_conjunctive -> skip
  (set 're_train: true' in configs/main.yaml to train it again, or delete the line
   'WebTraffic' from results/SEA_NET/seanet_bottleneck__sea_mstcn_sep_bottleneck__sea_classwise_conjunctive/done_train_dataset.txt.)

[log] finished; full output saved to results/SEA_NET/seanet_bottleneck__sea_mstcn_sep_bottleneck__sea_classwise_conjunctive/logs/run_2026-08-03_17-12-12.log

############################################################
# MODEL: sv4/seanet_gated_last_adaptive   (started Mon 03 Aug 2026 05:12:12 PM CEST)
############################################################
[log] command 'run' started at 2026-08-03_17-12-14 for model 'seanet_gated_last_adaptive__sea_mstcn_sep_gated__sea_adaptive_classwise'
[log] a copy of everything below is being saved to: results/SEA_NET/seanet_gated_last_adaptive__sea_mstcn_sep_gated__sea_adaptive_classwise/logs/run_2026-08-03_17-12-14.log

=== run: model=seanet_gated_last_adaptive__sea_mstcn_sep_gated__sea_adaptive_classwise (config sv4/seanet_gated_last_adaptive) dataset=WebTraffic device=cuda mode=full ===
resolved config:
  model = sv4/seanet_gated_last_adaptive
  run.mode = single
  run.dataset = WebTraffic
  run.smoke = False
  run.re_train = False
  preprocessing.instance_type = single_point
  preprocessing.window_size = 5
  preprocessing.window_stride = 5
  seed = 0
  device = auto
  output.results_dir = results/SEA_NET
  interpretability.dataset = WebTraffic
  interpretability.n_classes = 3
  interpretability.per_class = 1
  mlflow.enabled = True
  mlflow.experiment_name = SEA-Net
  mlflow.tracking_uri = sqlite:///mlflow.db
  mlflow.log_model_weights = True
  model_config.name = seanet_gated_last_adaptive
  model_config.use_params = default
  model_config.encoder.type = sea_mstcn_sep_gated
  model_config.encoder.d = 64
  model_config.encoder.n_blocks = 4
  model_config.encoder.dropout = 0.2
  model_config.encoder.max_dilation = 16
  model_config.encoder.kernels = [5, 11, 23]
  model_config.encoder.summary = last
  model_config.pooling.type = sea_adaptive_classwise
  model_config.pooling.d_attn = 8
  model_config.pooling.dropout = 0.2
  model_config.pooling.positional_encoding = True
  model_config.pooling.init_beta = 0.3
  model_config.training.n_epochs = 400
  model_config.training.patience = 60
  model_config.training.max_batch = 16
  model_config.training.learning_rate = 0.00125
  model_config.training.weight_decay = 0.00012
  model_config.training.label_smoothing = 0.13
  model_config.training.lambda_entropy = 0.01
  model_config.training.min_train_for_val = 100
  model_config.training.val_frac = 0.2
  model_config.training.optimizer = adam
  model_config.records.default.metrics.test_acc = 0.938
  model_config.records.default.metrics.test_loss = 0.2888
  model_config.records.default.metrics.test_auroc = 0.9967
  model_config.records.default.metrics.dataset = WebTraffic
  model_config.records.default.metrics.recorded = 2026-07-23 16:38:58
[params] using DEFAULT recipe (no Optuna record yet - run 'python main.py optuna --model sv4/seanet_gated_last_adaptive').

WebTraffic already done for seanet_gated_last_adaptive__sea_mstcn_sep_gated__sea_adaptive_classwise -> skip
  (set 're_train: true' in configs/main.yaml to train it again, or delete the line
   'WebTraffic' from results/SEA_NET/seanet_gated_last_adaptive__sea_mstcn_sep_gated__sea_adaptive_classwise/done_train_dataset.txt.)

[log] finished; full output saved to results/SEA_NET/seanet_gated_last_adaptive__sea_mstcn_sep_gated__sea_adaptive_classwise/logs/run_2026-08-03_17-12-14.log

############################################################
# MODEL: sv4/seanet_gated_last_attnmax   (started Mon 03 Aug 2026 05:12:15 PM CEST)
############################################################
[log] command 'run' started at 2026-08-03_17-12-16 for model 'seanet_gated_last_attnmax__sea_mstcn_sep_gated__sea_attention_max'
[log] a copy of everything below is being saved to: results/SEA_NET/seanet_gated_last_attnmax__sea_mstcn_sep_gated__sea_attention_max/logs/run_2026-08-03_17-12-16.log

=== run: model=seanet_gated_last_attnmax__sea_mstcn_sep_gated__sea_attention_max (config sv4/seanet_gated_last_attnmax) dataset=WebTraffic device=cuda mode=full ===
resolved config:
  model = sv4/seanet_gated_last_attnmax
  run.mode = single
  run.dataset = WebTraffic
  run.smoke = False
  run.re_train = False
  preprocessing.instance_type = single_point
  preprocessing.window_size = 5
  preprocessing.window_stride = 5
  seed = 0
  device = auto
  output.results_dir = results/SEA_NET
  interpretability.dataset = WebTraffic
  interpretability.n_classes = 3
  interpretability.per_class = 1
  mlflow.enabled = True
  mlflow.experiment_name = SEA-Net
  mlflow.tracking_uri = sqlite:///mlflow.db
  mlflow.log_model_weights = True
  model_config.name = seanet_gated_last_attnmax
  model_config.use_params = default
  model_config.encoder.type = sea_mstcn_sep_gated
  model_config.encoder.d = 64
  model_config.encoder.n_blocks = 4
  model_config.encoder.dropout = 0.2
  model_config.encoder.max_dilation = 16
  model_config.encoder.kernels = [5, 11, 23]
  model_config.encoder.summary = last
  model_config.pooling.type = sea_attention_max
  model_config.pooling.d_attn = 8
  model_config.pooling.dropout = 0.2
  model_config.pooling.positional_encoding = True
  model_config.pooling.init_lam = 0.5
  model_config.training.n_epochs = 400
  model_config.training.patience = 60
  model_config.training.max_batch = 16
  model_config.training.learning_rate = 0.00125
  model_config.training.weight_decay = 0.00012
  model_config.training.label_smoothing = 0.13
  model_config.training.lambda_entropy = 0.01
  model_config.training.min_train_for_val = 100
  model_config.training.val_frac = 0.2
  model_config.training.optimizer = adam
  model_config.records.default.metrics.test_acc = 0.854
  model_config.records.default.metrics.test_loss = 0.5984
  model_config.records.default.metrics.test_auroc = 0.9899
  model_config.records.default.metrics.dataset = WebTraffic
  model_config.records.default.metrics.recorded = 2026-07-23 13:42:13
[params] using DEFAULT recipe (no Optuna record yet - run 'python main.py optuna --model sv4/seanet_gated_last_attnmax').

WebTraffic already done for seanet_gated_last_attnmax__sea_mstcn_sep_gated__sea_attention_max -> skip
  (set 're_train: true' in configs/main.yaml to train it again, or delete the line
   'WebTraffic' from results/SEA_NET/seanet_gated_last_attnmax__sea_mstcn_sep_gated__sea_attention_max/done_train_dataset.txt.)

[log] finished; full output saved to results/SEA_NET/seanet_gated_last_attnmax__sea_mstcn_sep_gated__sea_attention_max/logs/run_2026-08-03_17-12-16.log

############################################################
# MODEL: sv4/seanet_gated_last_softmax   (started Mon 03 Aug 2026 05:12:17 PM CEST)
############################################################
[log] command 'run' started at 2026-08-03_17-12-18 for model 'seanet_gated_last_softmax__sea_mstcn_sep_gated__sea_softmax_conjunctive'
[log] a copy of everything below is being saved to: results/SEA_NET/seanet_gated_last_softmax__sea_mstcn_sep_gated__sea_softmax_conjunctive/logs/run_2026-08-03_17-12-18.log

=== run: model=seanet_gated_last_softmax__sea_mstcn_sep_gated__sea_softmax_conjunctive (config sv4/seanet_gated_last_softmax) dataset=WebTraffic device=cuda mode=full ===
resolved config:
  model = sv4/seanet_gated_last_softmax
  run.mode = single
  run.dataset = WebTraffic
  run.smoke = False
  run.re_train = False
  preprocessing.instance_type = single_point
  preprocessing.window_size = 5
  preprocessing.window_stride = 5
  seed = 0
  device = auto
  output.results_dir = results/SEA_NET
  interpretability.dataset = WebTraffic
  interpretability.n_classes = 3
  interpretability.per_class = 1
  mlflow.enabled = True
  mlflow.experiment_name = SEA-Net
  mlflow.tracking_uri = sqlite:///mlflow.db
  mlflow.log_model_weights = True
  model_config.name = seanet_gated_last_softmax
  model_config.use_params = default
  model_config.encoder.type = sea_mstcn_sep_gated
  model_config.encoder.d = 64
  model_config.encoder.n_blocks = 4
  model_config.encoder.dropout = 0.2
  model_config.encoder.max_dilation = 16
  model_config.encoder.kernels = [5, 11, 23]
  model_config.encoder.summary = last
  model_config.pooling.type = sea_softmax_conjunctive
  model_config.pooling.d_attn = 8
  model_config.pooling.dropout = 0.2
  model_config.pooling.positional_encoding = True
  model_config.pooling.temperature = 1.0
  model_config.training.n_epochs = 400
  model_config.training.patience = 60
  model_config.training.max_batch = 16
  model_config.training.learning_rate = 0.00125
  model_config.training.weight_decay = 0.00012
  model_config.training.label_smoothing = 0.13
  model_config.training.lambda_entropy = 0.01
  model_config.training.min_train_for_val = 100
  model_config.training.val_frac = 0.2
  model_config.training.optimizer = adam
  model_config.records.default.metrics.test_acc = 0.92
  model_config.records.default.metrics.test_loss = 0.3806
  model_config.records.default.metrics.test_auroc = 0.9906
  model_config.records.default.metrics.dataset = WebTraffic
  model_config.records.default.metrics.recorded = 2026-07-23 16:40:32
[params] using DEFAULT recipe (no Optuna record yet - run 'python main.py optuna --model sv4/seanet_gated_last_softmax').

WebTraffic already done for seanet_gated_last_softmax__sea_mstcn_sep_gated__sea_softmax_conjunctive -> skip
  (set 're_train: true' in configs/main.yaml to train it again, or delete the line
   'WebTraffic' from results/SEA_NET/seanet_gated_last_softmax__sea_mstcn_sep_gated__sea_softmax_conjunctive/done_train_dataset.txt.)

[log] finished; full output saved to results/SEA_NET/seanet_gated_last_softmax__sea_mstcn_sep_gated__sea_softmax_conjunctive/logs/run_2026-08-03_17-12-18.log

############################################################
# MODEL: sv4/seanet_gated_last_topk   (started Mon 03 Aug 2026 05:12:19 PM CEST)
############################################################
[log] command 'run' started at 2026-08-03_17-12-20 for model 'seanet_gated_last_topk__sea_mstcn_sep_gated__sea_topk_conjunctive'
[log] a copy of everything below is being saved to: results/SEA_NET/seanet_gated_last_topk__sea_mstcn_sep_gated__sea_topk_conjunctive/logs/run_2026-08-03_17-12-20.log

=== run: model=seanet_gated_last_topk__sea_mstcn_sep_gated__sea_topk_conjunctive (config sv4/seanet_gated_last_topk) dataset=WebTraffic device=cuda mode=full ===
resolved config:
  model = sv4/seanet_gated_last_topk
  run.mode = single
  run.dataset = WebTraffic
  run.smoke = False
  run.re_train = False
  preprocessing.instance_type = single_point
  preprocessing.window_size = 5
  preprocessing.window_stride = 5
  seed = 0
  device = auto
  output.results_dir = results/SEA_NET
  interpretability.dataset = WebTraffic
  interpretability.n_classes = 3
  interpretability.per_class = 1
  mlflow.enabled = True
  mlflow.experiment_name = SEA-Net
  mlflow.tracking_uri = sqlite:///mlflow.db
  mlflow.log_model_weights = True
  model_config.name = seanet_gated_last_topk
  model_config.use_params = default
  model_config.encoder.type = sea_mstcn_sep_gated
  model_config.encoder.d = 64
  model_config.encoder.n_blocks = 4
  model_config.encoder.dropout = 0.2
  model_config.encoder.max_dilation = 16
  model_config.encoder.kernels = [5, 11, 23]
  model_config.encoder.summary = last
  model_config.pooling.type = sea_topk_conjunctive
  model_config.pooling.d_attn = 8
  model_config.pooling.dropout = 0.2
  model_config.pooling.positional_encoding = True
  model_config.pooling.top_frac = 0.1
  model_config.training.n_epochs = 400
  model_config.training.patience = 60
  model_config.training.max_batch = 16
  model_config.training.learning_rate = 0.00125
  model_config.training.weight_decay = 0.00012
  model_config.training.label_smoothing = 0.13
  model_config.training.lambda_entropy = 0.01
  model_config.training.min_train_for_val = 100
  model_config.training.val_frac = 0.2
  model_config.training.optimizer = adam
  model_config.records.default.metrics.test_acc = 0.942
  model_config.records.default.metrics.test_loss = 0.3276
  model_config.records.default.metrics.test_auroc = 0.9963
  model_config.records.default.metrics.dataset = WebTraffic
  model_config.records.default.metrics.recorded = 2026-07-23 13:41:10
[params] using DEFAULT recipe (no Optuna record yet - run 'python main.py optuna --model sv4/seanet_gated_last_topk').

WebTraffic already done for seanet_gated_last_topk__sea_mstcn_sep_gated__sea_topk_conjunctive -> skip
  (set 're_train: true' in configs/main.yaml to train it again, or delete the line
   'WebTraffic' from results/SEA_NET/seanet_gated_last_topk__sea_mstcn_sep_gated__sea_topk_conjunctive/done_train_dataset.txt.)

[log] finished; full output saved to results/SEA_NET/seanet_gated_last_topk__sea_mstcn_sep_gated__sea_topk_conjunctive/logs/run_2026-08-03_17-12-20.log

############################################################
# MODEL: sv4/seanet_gated_last   (started Mon 03 Aug 2026 05:12:21 PM CEST)
############################################################
[log] command 'run' started at 2026-08-03_17-12-22 for model 'seanet_gated_last__sea_mstcn_sep_gated__sea_classwise_conjunctive'
[log] a copy of everything below is being saved to: results/SEA_NET/seanet_gated_last__sea_mstcn_sep_gated__sea_classwise_conjunctive/logs/run_2026-08-03_17-12-22.log

=== run: model=seanet_gated_last__sea_mstcn_sep_gated__sea_classwise_conjunctive (config sv4/seanet_gated_last) dataset=WebTraffic device=cuda mode=full ===
resolved config:
  model = sv4/seanet_gated_last
  run.mode = single
  run.dataset = WebTraffic
  run.smoke = False
  run.re_train = False
  preprocessing.instance_type = single_point
  preprocessing.window_size = 5
  preprocessing.window_stride = 5
  seed = 0
  device = auto
  output.results_dir = results/SEA_NET
  interpretability.dataset = WebTraffic
  interpretability.n_classes = 3
  interpretability.per_class = 1
  mlflow.enabled = True
  mlflow.experiment_name = SEA-Net
  mlflow.tracking_uri = sqlite:///mlflow.db
  mlflow.log_model_weights = True
  model_config.name = seanet_gated_last
  model_config.use_params = default
  model_config.encoder.type = sea_mstcn_sep_gated
  model_config.encoder.d = 64
  model_config.encoder.n_blocks = 4
  model_config.encoder.dropout = 0.2
  model_config.encoder.max_dilation = 16
  model_config.encoder.kernels = [5, 11, 23]
  model_config.encoder.summary = last
  model_config.pooling.type = sea_classwise_conjunctive
  model_config.pooling.d_attn = 8
  model_config.pooling.dropout = 0.2
  model_config.pooling.positional_encoding = True
  model_config.training.n_epochs = 400
  model_config.training.patience = 60
  model_config.training.max_batch = 16
  model_config.training.learning_rate = 0.00125
  model_config.training.weight_decay = 0.00012
  model_config.training.label_smoothing = 0.13
  model_config.training.lambda_entropy = 0.01
  model_config.training.min_train_for_val = 100
  model_config.training.val_frac = 0.2
  model_config.training.optimizer = adam
  model_config.records.default.metrics.test_acc = 0.942
  model_config.records.default.metrics.test_loss = 0.3272
  model_config.records.default.metrics.test_auroc = 0.9966
  model_config.records.default.metrics.dataset = WebTraffic
  model_config.records.default.metrics.recorded = 2026-07-23 13:38:07
[params] using DEFAULT recipe (no Optuna record yet - run 'python main.py optuna --model sv4/seanet_gated_last').

WebTraffic already done for seanet_gated_last__sea_mstcn_sep_gated__sea_classwise_conjunctive -> skip
  (set 're_train: true' in configs/main.yaml to train it again, or delete the line
   'WebTraffic' from results/SEA_NET/seanet_gated_last__sea_mstcn_sep_gated__sea_classwise_conjunctive/done_train_dataset.txt.)

[log] finished; full output saved to results/SEA_NET/seanet_gated_last__sea_mstcn_sep_gated__sea_classwise_conjunctive/logs/run_2026-08-03_17-12-22.log

############################################################
# MODEL: sv4/seanet_gated_max_adaptive   (started Mon 03 Aug 2026 05:12:23 PM CEST)
############################################################
[log] command 'run' started at 2026-08-03_17-12-24 for model 'seanet_gated_max_adaptive__sea_mstcn_sep_gated__sea_adaptive_classwise'
[log] a copy of everything below is being saved to: results/SEA_NET/seanet_gated_max_adaptive__sea_mstcn_sep_gated__sea_adaptive_classwise/logs/run_2026-08-03_17-12-24.log

=== run: model=seanet_gated_max_adaptive__sea_mstcn_sep_gated__sea_adaptive_classwise (config sv4/seanet_gated_max_adaptive) dataset=WebTraffic device=cuda mode=full ===
resolved config:
  model = sv4/seanet_gated_max_adaptive
  run.mode = single
  run.dataset = WebTraffic
  run.smoke = False
  run.re_train = False
  preprocessing.instance_type = single_point
  preprocessing.window_size = 5
  preprocessing.window_stride = 5
  seed = 0
  device = auto
  output.results_dir = results/SEA_NET
  interpretability.dataset = WebTraffic
  interpretability.n_classes = 3
  interpretability.per_class = 1
  mlflow.enabled = True
  mlflow.experiment_name = SEA-Net
  mlflow.tracking_uri = sqlite:///mlflow.db
  mlflow.log_model_weights = True
  model_config.name = seanet_gated_max_adaptive
  model_config.use_params = default
  model_config.encoder.type = sea_mstcn_sep_gated
  model_config.encoder.d = 64
  model_config.encoder.n_blocks = 4
  model_config.encoder.dropout = 0.2
  model_config.encoder.max_dilation = 16
  model_config.encoder.kernels = [5, 11, 23]
  model_config.encoder.summary = max
  model_config.pooling.type = sea_adaptive_classwise
  model_config.pooling.d_attn = 8
  model_config.pooling.dropout = 0.2
  model_config.pooling.positional_encoding = True
  model_config.pooling.init_beta = 0.3
  model_config.training.n_epochs = 400
  model_config.training.patience = 60
  model_config.training.max_batch = 16
  model_config.training.learning_rate = 0.00125
  model_config.training.weight_decay = 0.00012
  model_config.training.label_smoothing = 0.13
  model_config.training.lambda_entropy = 0.01
  model_config.training.min_train_for_val = 100
  model_config.training.val_frac = 0.2
  model_config.training.optimizer = adam
  model_config.records.default.metrics.test_acc = 0.906
  model_config.records.default.metrics.test_loss = 0.4437
  model_config.records.default.metrics.test_auroc = 0.9955
  model_config.records.default.metrics.dataset = WebTraffic
  model_config.records.default.metrics.recorded = 2026-07-23 16:42:36
[params] using DEFAULT recipe (no Optuna record yet - run 'python main.py optuna --model sv4/seanet_gated_max_adaptive').

WebTraffic already done for seanet_gated_max_adaptive__sea_mstcn_sep_gated__sea_adaptive_classwise -> skip
  (set 're_train: true' in configs/main.yaml to train it again, or delete the line
   'WebTraffic' from results/SEA_NET/seanet_gated_max_adaptive__sea_mstcn_sep_gated__sea_adaptive_classwise/done_train_dataset.txt.)

[log] finished; full output saved to results/SEA_NET/seanet_gated_max_adaptive__sea_mstcn_sep_gated__sea_adaptive_classwise/logs/run_2026-08-03_17-12-24.log

############################################################
# MODEL: sv4/seanet_gated_max_attnmax   (started Mon 03 Aug 2026 05:12:25 PM CEST)
############################################################
[log] command 'run' started at 2026-08-03_17-12-26 for model 'seanet_gated_max_attnmax__sea_mstcn_sep_gated__sea_attention_max'
[log] a copy of everything below is being saved to: results/SEA_NET/seanet_gated_max_attnmax__sea_mstcn_sep_gated__sea_attention_max/logs/run_2026-08-03_17-12-26.log

=== run: model=seanet_gated_max_attnmax__sea_mstcn_sep_gated__sea_attention_max (config sv4/seanet_gated_max_attnmax) dataset=WebTraffic device=cuda mode=full ===
resolved config:
  model = sv4/seanet_gated_max_attnmax
  run.mode = single
  run.dataset = WebTraffic
  run.smoke = False
  run.re_train = False
  preprocessing.instance_type = single_point
  preprocessing.window_size = 5
  preprocessing.window_stride = 5
  seed = 0
  device = auto
  output.results_dir = results/SEA_NET
  interpretability.dataset = WebTraffic
  interpretability.n_classes = 3
  interpretability.per_class = 1
  mlflow.enabled = True
  mlflow.experiment_name = SEA-Net
  mlflow.tracking_uri = sqlite:///mlflow.db
  mlflow.log_model_weights = True
  model_config.name = seanet_gated_max_attnmax
  model_config.use_params = default
  model_config.encoder.type = sea_mstcn_sep_gated
  model_config.encoder.d = 64
  model_config.encoder.n_blocks = 4
  model_config.encoder.dropout = 0.2
  model_config.encoder.max_dilation = 16
  model_config.encoder.kernels = [5, 11, 23]
  model_config.encoder.summary = max
  model_config.pooling.type = sea_attention_max
  model_config.pooling.d_attn = 8
  model_config.pooling.dropout = 0.2
  model_config.pooling.positional_encoding = True
  model_config.pooling.init_lam = 0.5
  model_config.training.n_epochs = 400
  model_config.training.patience = 60
  model_config.training.max_batch = 16
  model_config.training.learning_rate = 0.00125
  model_config.training.weight_decay = 0.00012
  model_config.training.label_smoothing = 0.13
  model_config.training.lambda_entropy = 0.01
  model_config.training.min_train_for_val = 100
  model_config.training.val_frac = 0.2
  model_config.training.optimizer = adam
  model_config.records.default.metrics.test_acc = 0.886
  model_config.records.default.metrics.test_loss = 0.5881
  model_config.records.default.metrics.test_auroc = 0.9874
  model_config.records.default.metrics.dataset = WebTraffic
  model_config.records.default.metrics.recorded = 2026-07-23 16:44:58
[params] using DEFAULT recipe (no Optuna record yet - run 'python main.py optuna --model sv4/seanet_gated_max_attnmax').

WebTraffic already done for seanet_gated_max_attnmax__sea_mstcn_sep_gated__sea_attention_max -> skip
  (set 're_train: true' in configs/main.yaml to train it again, or delete the line
   'WebTraffic' from results/SEA_NET/seanet_gated_max_attnmax__sea_mstcn_sep_gated__sea_attention_max/done_train_dataset.txt.)

[log] finished; full output saved to results/SEA_NET/seanet_gated_max_attnmax__sea_mstcn_sep_gated__sea_attention_max/logs/run_2026-08-03_17-12-26.log

############################################################
# MODEL: sv4/seanet_gated_max_softmax   (started Mon 03 Aug 2026 05:12:27 PM CEST)
############################################################
[log] command 'run' started at 2026-08-03_17-12-28 for model 'seanet_gated_max_softmax__sea_mstcn_sep_gated__sea_softmax_conjunctive'
[log] a copy of everything below is being saved to: results/SEA_NET/seanet_gated_max_softmax__sea_mstcn_sep_gated__sea_softmax_conjunctive/logs/run_2026-08-03_17-12-28.log

=== run: model=seanet_gated_max_softmax__sea_mstcn_sep_gated__sea_softmax_conjunctive (config sv4/seanet_gated_max_softmax) dataset=WebTraffic device=cuda mode=full ===
resolved config:
  model = sv4/seanet_gated_max_softmax
  run.mode = single
  run.dataset = WebTraffic
  run.smoke = False
  run.re_train = False
  preprocessing.instance_type = single_point
  preprocessing.window_size = 5
  preprocessing.window_stride = 5
  seed = 0
  device = auto
  output.results_dir = results/SEA_NET
  interpretability.dataset = WebTraffic
  interpretability.n_classes = 3
  interpretability.per_class = 1
  mlflow.enabled = True
  mlflow.experiment_name = SEA-Net
  mlflow.tracking_uri = sqlite:///mlflow.db
  mlflow.log_model_weights = True
  model_config.name = seanet_gated_max_softmax
  model_config.use_params = default
  model_config.encoder.type = sea_mstcn_sep_gated
  model_config.encoder.d = 64
  model_config.encoder.n_blocks = 4
  model_config.encoder.dropout = 0.2
  model_config.encoder.max_dilation = 16
  model_config.encoder.kernels = [5, 11, 23]
  model_config.encoder.summary = max
  model_config.pooling.type = sea_softmax_conjunctive
  model_config.pooling.d_attn = 8
  model_config.pooling.dropout = 0.2
  model_config.pooling.positional_encoding = True
  model_config.pooling.temperature = 1.0
  model_config.training.n_epochs = 400
  model_config.training.patience = 60
  model_config.training.max_batch = 16
  model_config.training.learning_rate = 0.00125
  model_config.training.weight_decay = 0.00012
  model_config.training.label_smoothing = 0.13
  model_config.training.lambda_entropy = 0.01
  model_config.training.min_train_for_val = 100
  model_config.training.val_frac = 0.2
  model_config.training.optimizer = adam
  model_config.records.default.metrics.test_acc = 0.914
  model_config.records.default.metrics.test_loss = 0.3722
  model_config.records.default.metrics.test_auroc = 0.9935
  model_config.records.default.metrics.dataset = WebTraffic
  model_config.records.default.metrics.recorded = 2026-07-23 16:46:22
[params] using DEFAULT recipe (no Optuna record yet - run 'python main.py optuna --model sv4/seanet_gated_max_softmax').

WebTraffic already done for seanet_gated_max_softmax__sea_mstcn_sep_gated__sea_softmax_conjunctive -> skip
  (set 're_train: true' in configs/main.yaml to train it again, or delete the line
   'WebTraffic' from results/SEA_NET/seanet_gated_max_softmax__sea_mstcn_sep_gated__sea_softmax_conjunctive/done_train_dataset.txt.)

[log] finished; full output saved to results/SEA_NET/seanet_gated_max_softmax__sea_mstcn_sep_gated__sea_softmax_conjunctive/logs/run_2026-08-03_17-12-28.log

############################################################
# MODEL: sv4/seanet_gated_max_topk   (started Mon 03 Aug 2026 05:12:29 PM CEST)
############################################################
[log] command 'run' started at 2026-08-03_17-12-30 for model 'seanet_gated_max_topk__sea_mstcn_sep_gated__sea_topk_conjunctive'
[log] a copy of everything below is being saved to: results/SEA_NET/seanet_gated_max_topk__sea_mstcn_sep_gated__sea_topk_conjunctive/logs/run_2026-08-03_17-12-30.log

=== run: model=seanet_gated_max_topk__sea_mstcn_sep_gated__sea_topk_conjunctive (config sv4/seanet_gated_max_topk) dataset=WebTraffic device=cuda mode=full ===
resolved config:
  model = sv4/seanet_gated_max_topk
  run.mode = single
  run.dataset = WebTraffic
  run.smoke = False
  run.re_train = False
  preprocessing.instance_type = single_point
  preprocessing.window_size = 5
  preprocessing.window_stride = 5
  seed = 0
  device = auto
  output.results_dir = results/SEA_NET
  interpretability.dataset = WebTraffic
  interpretability.n_classes = 3
  interpretability.per_class = 1
  mlflow.enabled = True
  mlflow.experiment_name = SEA-Net
  mlflow.tracking_uri = sqlite:///mlflow.db
  mlflow.log_model_weights = True
  model_config.name = seanet_gated_max_topk
  model_config.use_params = default
  model_config.encoder.type = sea_mstcn_sep_gated
  model_config.encoder.d = 64
  model_config.encoder.n_blocks = 4
  model_config.encoder.dropout = 0.2
  model_config.encoder.max_dilation = 16
  model_config.encoder.kernels = [5, 11, 23]
  model_config.encoder.summary = max
  model_config.pooling.type = sea_topk_conjunctive
  model_config.pooling.d_attn = 8
  model_config.pooling.dropout = 0.2
  model_config.pooling.positional_encoding = True
  model_config.pooling.top_frac = 0.1
  model_config.training.n_epochs = 400
  model_config.training.patience = 60
  model_config.training.max_batch = 16
  model_config.training.learning_rate = 0.00125
  model_config.training.weight_decay = 0.00012
  model_config.training.label_smoothing = 0.13
  model_config.training.lambda_entropy = 0.01
  model_config.training.min_train_for_val = 100
  model_config.training.val_frac = 0.2
  model_config.training.optimizer = adam
  model_config.records.default.metrics.test_acc = 0.952
  model_config.records.default.metrics.test_loss = 0.3076
  model_config.records.default.metrics.test_auroc = 0.9973
  model_config.records.default.metrics.dataset = WebTraffic
  model_config.records.default.metrics.recorded = 2026-07-23 16:48:09
[params] using DEFAULT recipe (no Optuna record yet - run 'python main.py optuna --model sv4/seanet_gated_max_topk').

WebTraffic already done for seanet_gated_max_topk__sea_mstcn_sep_gated__sea_topk_conjunctive -> skip
  (set 're_train: true' in configs/main.yaml to train it again, or delete the line
   'WebTraffic' from results/SEA_NET/seanet_gated_max_topk__sea_mstcn_sep_gated__sea_topk_conjunctive/done_train_dataset.txt.)

[log] finished; full output saved to results/SEA_NET/seanet_gated_max_topk__sea_mstcn_sep_gated__sea_topk_conjunctive/logs/run_2026-08-03_17-12-30.log

############################################################
# MODEL: sv4/seanet_gated_max   (started Mon 03 Aug 2026 05:12:31 PM CEST)
############################################################
[log] command 'run' started at 2026-08-03_17-12-33 for model 'seanet_gated_max__sea_mstcn_sep_gated__sea_classwise_conjunctive'
[log] a copy of everything below is being saved to: results/SEA_NET/seanet_gated_max__sea_mstcn_sep_gated__sea_classwise_conjunctive/logs/run_2026-08-03_17-12-33.log

=== run: model=seanet_gated_max__sea_mstcn_sep_gated__sea_classwise_conjunctive (config sv4/seanet_gated_max) dataset=WebTraffic device=cuda mode=full ===
resolved config:
  model = sv4/seanet_gated_max
  run.mode = single
  run.dataset = WebTraffic
  run.smoke = False
  run.re_train = False
  preprocessing.instance_type = single_point
  preprocessing.window_size = 5
  preprocessing.window_stride = 5
  seed = 0
  device = auto
  output.results_dir = results/SEA_NET
  interpretability.dataset = WebTraffic
  interpretability.n_classes = 3
  interpretability.per_class = 1
  mlflow.enabled = True
  mlflow.experiment_name = SEA-Net
  mlflow.tracking_uri = sqlite:///mlflow.db
  mlflow.log_model_weights = True
  model_config.name = seanet_gated_max
  model_config.use_params = default
  model_config.encoder.type = sea_mstcn_sep_gated
  model_config.encoder.d = 64
  model_config.encoder.n_blocks = 4
  model_config.encoder.dropout = 0.2
  model_config.encoder.max_dilation = 16
  model_config.encoder.kernels = [5, 11, 23]
  model_config.encoder.summary = max
  model_config.pooling.type = sea_classwise_conjunctive
  model_config.pooling.d_attn = 8
  model_config.pooling.dropout = 0.2
  model_config.pooling.positional_encoding = True
  model_config.training.n_epochs = 400
  model_config.training.patience = 60
  model_config.training.max_batch = 16
  model_config.training.learning_rate = 0.00125
  model_config.training.weight_decay = 0.00012
  model_config.training.label_smoothing = 0.13
  model_config.training.lambda_entropy = 0.01
  model_config.training.min_train_for_val = 100
  model_config.training.val_frac = 0.2
  model_config.training.optimizer = adam
  model_config.records.default.metrics.test_acc = 0.944
  model_config.records.default.metrics.test_loss = 0.3063
  model_config.records.default.metrics.test_auroc = 0.9966
  model_config.records.default.metrics.dataset = WebTraffic
  model_config.records.default.metrics.recorded = 2026-07-23 13:36:09
[params] using DEFAULT recipe (no Optuna record yet - run 'python main.py optuna --model sv4/seanet_gated_max').

WebTraffic already done for seanet_gated_max__sea_mstcn_sep_gated__sea_classwise_conjunctive -> skip
  (set 're_train: true' in configs/main.yaml to train it again, or delete the line
   'WebTraffic' from results/SEA_NET/seanet_gated_max__sea_mstcn_sep_gated__sea_classwise_conjunctive/done_train_dataset.txt.)

[log] finished; full output saved to results/SEA_NET/seanet_gated_max__sea_mstcn_sep_gated__sea_classwise_conjunctive/logs/run_2026-08-03_17-12-33.log

############################################################
# MODEL: sv4/seanet_gated_mean_adaptive   (started Mon 03 Aug 2026 05:12:33 PM CEST)
############################################################
[log] command 'run' started at 2026-08-03_17-12-35 for model 'seanet_gated_mean_adaptive__sea_mstcn_sep_gated__sea_adaptive_classwise'
[log] a copy of everything below is being saved to: results/SEA_NET/seanet_gated_mean_adaptive__sea_mstcn_sep_gated__sea_adaptive_classwise/logs/run_2026-08-03_17-12-35.log

=== run: model=seanet_gated_mean_adaptive__sea_mstcn_sep_gated__sea_adaptive_classwise (config sv4/seanet_gated_mean_adaptive) dataset=WebTraffic device=cuda mode=full ===
resolved config:
  model = sv4/seanet_gated_mean_adaptive
  run.mode = single
  run.dataset = WebTraffic
  run.smoke = False
  run.re_train = False
  preprocessing.instance_type = single_point
  preprocessing.window_size = 5
  preprocessing.window_stride = 5
  seed = 0
  device = auto
  output.results_dir = results/SEA_NET
  interpretability.dataset = WebTraffic
  interpretability.n_classes = 3
  interpretability.per_class = 1
  mlflow.enabled = True
  mlflow.experiment_name = SEA-Net
  mlflow.tracking_uri = sqlite:///mlflow.db
  mlflow.log_model_weights = True
  model_config.name = seanet_gated_mean_adaptive
  model_config.use_params = default
  model_config.encoder.type = sea_mstcn_sep_gated
  model_config.encoder.d = 64
  model_config.encoder.n_blocks = 4
  model_config.encoder.dropout = 0.2
  model_config.encoder.max_dilation = 16
  model_config.encoder.kernels = [5, 11, 23]
  model_config.encoder.summary = mean
  model_config.pooling.type = sea_adaptive_classwise
  model_config.pooling.d_attn = 8
  model_config.pooling.dropout = 0.2
  model_config.pooling.positional_encoding = True
  model_config.pooling.init_beta = 0.3
  model_config.training.n_epochs = 400
  model_config.training.patience = 60
  model_config.training.max_batch = 16
  model_config.training.learning_rate = 0.00125
  model_config.training.weight_decay = 0.00012
  model_config.training.label_smoothing = 0.13
  model_config.training.lambda_entropy = 0.01
  model_config.training.min_train_for_val = 100
  model_config.training.val_frac = 0.2
  model_config.training.optimizer = adam
  model_config.records.default.metrics.test_acc = 0.86
  model_config.records.default.metrics.test_loss = 0.5491
  model_config.records.default.metrics.test_auroc = 0.9813
  model_config.records.default.metrics.dataset = WebTraffic
  model_config.records.default.metrics.recorded = 2026-07-23 16:50:32
[params] using DEFAULT recipe (no Optuna record yet - run 'python main.py optuna --model sv4/seanet_gated_mean_adaptive').

WebTraffic already done for seanet_gated_mean_adaptive__sea_mstcn_sep_gated__sea_adaptive_classwise -> skip
  (set 're_train: true' in configs/main.yaml to train it again, or delete the line
   'WebTraffic' from results/SEA_NET/seanet_gated_mean_adaptive__sea_mstcn_sep_gated__sea_adaptive_classwise/done_train_dataset.txt.)

[log] finished; full output saved to results/SEA_NET/seanet_gated_mean_adaptive__sea_mstcn_sep_gated__sea_adaptive_classwise/logs/run_2026-08-03_17-12-35.log

############################################################
# MODEL: sv4/seanet_gated_mean_attnmax   (started Mon 03 Aug 2026 05:12:35 PM CEST)
############################################################
[log] command 'run' started at 2026-08-03_17-12-37 for model 'seanet_gated_mean_attnmax__sea_mstcn_sep_gated__sea_attention_max'
[log] a copy of everything below is being saved to: results/SEA_NET/seanet_gated_mean_attnmax__sea_mstcn_sep_gated__sea_attention_max/logs/run_2026-08-03_17-12-37.log

=== run: model=seanet_gated_mean_attnmax__sea_mstcn_sep_gated__sea_attention_max (config sv4/seanet_gated_mean_attnmax) dataset=WebTraffic device=cuda mode=full ===
resolved config:
  model = sv4/seanet_gated_mean_attnmax
  run.mode = single
  run.dataset = WebTraffic
  run.smoke = False
  run.re_train = False
  preprocessing.instance_type = single_point
  preprocessing.window_size = 5
  preprocessing.window_stride = 5
  seed = 0
  device = auto
  output.results_dir = results/SEA_NET
  interpretability.dataset = WebTraffic
  interpretability.n_classes = 3
  interpretability.per_class = 1
  mlflow.enabled = True
  mlflow.experiment_name = SEA-Net
  mlflow.tracking_uri = sqlite:///mlflow.db
  mlflow.log_model_weights = True
  model_config.name = seanet_gated_mean_attnmax
  model_config.use_params = default
  model_config.encoder.type = sea_mstcn_sep_gated
  model_config.encoder.d = 64
  model_config.encoder.n_blocks = 4
  model_config.encoder.dropout = 0.2
  model_config.encoder.max_dilation = 16
  model_config.encoder.kernels = [5, 11, 23]
  model_config.encoder.summary = mean
  model_config.pooling.type = sea_attention_max
  model_config.pooling.d_attn = 8
  model_config.pooling.dropout = 0.2
  model_config.pooling.positional_encoding = True
  model_config.pooling.init_lam = 0.5
  model_config.training.n_epochs = 400
  model_config.training.patience = 60
  model_config.training.max_batch = 16
  model_config.training.learning_rate = 0.00125
  model_config.training.weight_decay = 0.00012
  model_config.training.label_smoothing = 0.13
  model_config.training.lambda_entropy = 0.01
  model_config.training.min_train_for_val = 100
  model_config.training.val_frac = 0.2
  model_config.training.optimizer = adam
  model_config.records.default.metrics.test_acc = 0.832
  model_config.records.default.metrics.test_loss = 0.6653
  model_config.records.default.metrics.test_auroc = 0.9855
  model_config.records.default.metrics.dataset = WebTraffic
  model_config.records.default.metrics.recorded = 2026-07-23 16:52:44
[params] using DEFAULT recipe (no Optuna record yet - run 'python main.py optuna --model sv4/seanet_gated_mean_attnmax').

WebTraffic already done for seanet_gated_mean_attnmax__sea_mstcn_sep_gated__sea_attention_max -> skip
  (set 're_train: true' in configs/main.yaml to train it again, or delete the line
   'WebTraffic' from results/SEA_NET/seanet_gated_mean_attnmax__sea_mstcn_sep_gated__sea_attention_max/done_train_dataset.txt.)

[log] finished; full output saved to results/SEA_NET/seanet_gated_mean_attnmax__sea_mstcn_sep_gated__sea_attention_max/logs/run_2026-08-03_17-12-37.log

############################################################
# MODEL: sv4/seanet_gated_mean_softmax   (started Mon 03 Aug 2026 05:12:37 PM CEST)
############################################################
[log] command 'run' started at 2026-08-03_17-12-39 for model 'seanet_gated_mean_softmax__sea_mstcn_sep_gated__sea_softmax_conjunctive'
[log] a copy of everything below is being saved to: results/SEA_NET/seanet_gated_mean_softmax__sea_mstcn_sep_gated__sea_softmax_conjunctive/logs/run_2026-08-03_17-12-39.log

=== run: model=seanet_gated_mean_softmax__sea_mstcn_sep_gated__sea_softmax_conjunctive (config sv4/seanet_gated_mean_softmax) dataset=WebTraffic device=cuda mode=full ===
resolved config:
  model = sv4/seanet_gated_mean_softmax
  run.mode = single
  run.dataset = WebTraffic
  run.smoke = False
  run.re_train = False
  preprocessing.instance_type = single_point
  preprocessing.window_size = 5
  preprocessing.window_stride = 5
  seed = 0
  device = auto
  output.results_dir = results/SEA_NET
  interpretability.dataset = WebTraffic
  interpretability.n_classes = 3
  interpretability.per_class = 1
  mlflow.enabled = True
  mlflow.experiment_name = SEA-Net
  mlflow.tracking_uri = sqlite:///mlflow.db
  mlflow.log_model_weights = True
  model_config.name = seanet_gated_mean_softmax
  model_config.use_params = default
  model_config.encoder.type = sea_mstcn_sep_gated
  model_config.encoder.d = 64
  model_config.encoder.n_blocks = 4
  model_config.encoder.dropout = 0.2
  model_config.encoder.max_dilation = 16
  model_config.encoder.kernels = [5, 11, 23]
  model_config.encoder.summary = mean
  model_config.pooling.type = sea_softmax_conjunctive
  model_config.pooling.d_attn = 8
  model_config.pooling.dropout = 0.2
  model_config.pooling.positional_encoding = True
  model_config.pooling.temperature = 1.0
  model_config.training.n_epochs = 400
  model_config.training.patience = 60
  model_config.training.max_batch = 16
  model_config.training.learning_rate = 0.00125
  model_config.training.weight_decay = 0.00012
  model_config.training.label_smoothing = 0.13
  model_config.training.lambda_entropy = 0.01
  model_config.training.min_train_for_val = 100
  model_config.training.val_frac = 0.2
  model_config.training.optimizer = adam
  model_config.records.default.metrics.test_acc = 0.912
  model_config.records.default.metrics.test_loss = 0.3684
  model_config.records.default.metrics.test_auroc = 0.992
  model_config.records.default.metrics.dataset = WebTraffic
  model_config.records.default.metrics.recorded = 2026-07-23 16:53:49
[params] using DEFAULT recipe (no Optuna record yet - run 'python main.py optuna --model sv4/seanet_gated_mean_softmax').

WebTraffic already done for seanet_gated_mean_softmax__sea_mstcn_sep_gated__sea_softmax_conjunctive -> skip
  (set 're_train: true' in configs/main.yaml to train it again, or delete the line
   'WebTraffic' from results/SEA_NET/seanet_gated_mean_softmax__sea_mstcn_sep_gated__sea_softmax_conjunctive/done_train_dataset.txt.)

[log] finished; full output saved to results/SEA_NET/seanet_gated_mean_softmax__sea_mstcn_sep_gated__sea_softmax_conjunctive/logs/run_2026-08-03_17-12-39.log

############################################################
# MODEL: sv4/seanet_gated_mean_topk   (started Mon 03 Aug 2026 05:12:40 PM CEST)
############################################################
[log] command 'run' started at 2026-08-03_17-12-41 for model 'seanet_gated_mean_topk__sea_mstcn_sep_gated__sea_topk_conjunctive'
[log] a copy of everything below is being saved to: results/SEA_NET/seanet_gated_mean_topk__sea_mstcn_sep_gated__sea_topk_conjunctive/logs/run_2026-08-03_17-12-41.log

=== run: model=seanet_gated_mean_topk__sea_mstcn_sep_gated__sea_topk_conjunctive (config sv4/seanet_gated_mean_topk) dataset=WebTraffic device=cuda mode=full ===
resolved config:
  model = sv4/seanet_gated_mean_topk
  run.mode = single
  run.dataset = WebTraffic
  run.smoke = False
  run.re_train = False
  preprocessing.instance_type = single_point
  preprocessing.window_size = 5
  preprocessing.window_stride = 5
  seed = 0
  device = auto
  output.results_dir = results/SEA_NET
  interpretability.dataset = WebTraffic
  interpretability.n_classes = 3
  interpretability.per_class = 1
  mlflow.enabled = True
  mlflow.experiment_name = SEA-Net
  mlflow.tracking_uri = sqlite:///mlflow.db
  mlflow.log_model_weights = True
  model_config.name = seanet_gated_mean_topk
  model_config.use_params = default
  model_config.encoder.type = sea_mstcn_sep_gated
  model_config.encoder.d = 64
  model_config.encoder.n_blocks = 4
  model_config.encoder.dropout = 0.2
  model_config.encoder.max_dilation = 16
  model_config.encoder.kernels = [5, 11, 23]
  model_config.encoder.summary = mean
  model_config.pooling.type = sea_topk_conjunctive
  model_config.pooling.d_attn = 8
  model_config.pooling.dropout = 0.2
  model_config.pooling.positional_encoding = True
  model_config.pooling.top_frac = 0.1
  model_config.training.n_epochs = 400
  model_config.training.patience = 60
  model_config.training.max_batch = 16
  model_config.training.learning_rate = 0.00125
  model_config.training.weight_decay = 0.00012
  model_config.training.label_smoothing = 0.13
  model_config.training.lambda_entropy = 0.01
  model_config.training.min_train_for_val = 100
  model_config.training.val_frac = 0.2
  model_config.training.optimizer = adam
  model_config.records.default.metrics.test_acc = 0.954
  model_config.records.default.metrics.test_loss = 0.2546
  model_config.records.default.metrics.test_auroc = 0.9978
  model_config.records.default.metrics.dataset = WebTraffic
  model_config.records.default.metrics.recorded = 2026-07-23 16:56:01
[params] using DEFAULT recipe (no Optuna record yet - run 'python main.py optuna --model sv4/seanet_gated_mean_topk').

WebTraffic already done for seanet_gated_mean_topk__sea_mstcn_sep_gated__sea_topk_conjunctive -> skip
  (set 're_train: true' in configs/main.yaml to train it again, or delete the line
   'WebTraffic' from results/SEA_NET/seanet_gated_mean_topk__sea_mstcn_sep_gated__sea_topk_conjunctive/done_train_dataset.txt.)

[log] finished; full output saved to results/SEA_NET/seanet_gated_mean_topk__sea_mstcn_sep_gated__sea_topk_conjunctive/logs/run_2026-08-03_17-12-41.log

############################################################
# MODEL: sv4/seanet_gated_mean   (started Mon 03 Aug 2026 05:12:42 PM CEST)
############################################################
[log] command 'run' started at 2026-08-03_17-12-43 for model 'seanet_gated_mean__sea_mstcn_sep_gated__sea_classwise_conjunctive'
[log] a copy of everything below is being saved to: results/SEA_NET/seanet_gated_mean__sea_mstcn_sep_gated__sea_classwise_conjunctive/logs/run_2026-08-03_17-12-43.log

=== run: model=seanet_gated_mean__sea_mstcn_sep_gated__sea_classwise_conjunctive (config sv4/seanet_gated_mean) dataset=WebTraffic device=cuda mode=full ===
resolved config:
  model = sv4/seanet_gated_mean
  run.mode = single
  run.dataset = WebTraffic
  run.smoke = False
  run.re_train = False
  preprocessing.instance_type = single_point
  preprocessing.window_size = 5
  preprocessing.window_stride = 5
  seed = 0
  device = auto
  output.results_dir = results/SEA_NET
  interpretability.dataset = WebTraffic
  interpretability.n_classes = 3
  interpretability.per_class = 1
  mlflow.enabled = True
  mlflow.experiment_name = SEA-Net
  mlflow.tracking_uri = sqlite:///mlflow.db
  mlflow.log_model_weights = True
  model_config.name = seanet_gated_mean
  model_config.use_params = default
  model_config.encoder.type = sea_mstcn_sep_gated
  model_config.encoder.d = 64
  model_config.encoder.n_blocks = 4
  model_config.encoder.dropout = 0.2
  model_config.encoder.max_dilation = 16
  model_config.encoder.kernels = [5, 11, 23]
  model_config.encoder.summary = mean
  model_config.pooling.type = sea_classwise_conjunctive
  model_config.pooling.d_attn = 8
  model_config.pooling.dropout = 0.2
  model_config.pooling.positional_encoding = True
  model_config.training.n_epochs = 400
  model_config.training.patience = 60
  model_config.training.max_batch = 16
  model_config.training.learning_rate = 0.00125
  model_config.training.weight_decay = 0.00012
  model_config.training.label_smoothing = 0.13
  model_config.training.lambda_entropy = 0.01
  model_config.training.min_train_for_val = 100
  model_config.training.val_frac = 0.2
  model_config.training.optimizer = adam
  model_config.records.default.metrics.test_acc = 0.902
  model_config.records.default.metrics.test_loss = 0.3929
  model_config.records.default.metrics.test_auroc = 0.9929
  model_config.records.default.metrics.dataset = WebTraffic
  model_config.records.default.metrics.recorded = 2026-07-23 13:36:57
[params] using DEFAULT recipe (no Optuna record yet - run 'python main.py optuna --model sv4/seanet_gated_mean').

WebTraffic already done for seanet_gated_mean__sea_mstcn_sep_gated__sea_classwise_conjunctive -> skip
  (set 're_train: true' in configs/main.yaml to train it again, or delete the line
   'WebTraffic' from results/SEA_NET/seanet_gated_mean__sea_mstcn_sep_gated__sea_classwise_conjunctive/done_train_dataset.txt.)

[log] finished; full output saved to results/SEA_NET/seanet_gated_mean__sea_mstcn_sep_gated__sea_classwise_conjunctive/logs/run_2026-08-03_17-12-43.log

############################################################
# MODEL: sv4/seanet_inputgate_adaptive   (started Mon 03 Aug 2026 05:12:44 PM CEST)
############################################################
[log] command 'run' started at 2026-08-03_17-12-45 for model 'seanet_inputgate_adaptive__sea_mstcn_sep_inputgate__sea_adaptive_classwise'
[log] a copy of everything below is being saved to: results/SEA_NET/seanet_inputgate_adaptive__sea_mstcn_sep_inputgate__sea_adaptive_classwise/logs/run_2026-08-03_17-12-45.log

=== run: model=seanet_inputgate_adaptive__sea_mstcn_sep_inputgate__sea_adaptive_classwise (config sv4/seanet_inputgate_adaptive) dataset=WebTraffic device=cuda mode=full ===
resolved config:
  model = sv4/seanet_inputgate_adaptive
  run.mode = single
  run.dataset = WebTraffic
  run.smoke = False
  run.re_train = False
  preprocessing.instance_type = single_point
  preprocessing.window_size = 5
  preprocessing.window_stride = 5
  seed = 0
  device = auto
  output.results_dir = results/SEA_NET
  interpretability.dataset = WebTraffic
  interpretability.n_classes = 3
  interpretability.per_class = 1
  mlflow.enabled = True
  mlflow.experiment_name = SEA-Net
  mlflow.tracking_uri = sqlite:///mlflow.db
  mlflow.log_model_weights = True
  model_config.name = seanet_inputgate_adaptive
  model_config.use_params = default
  model_config.encoder.type = sea_mstcn_sep_inputgate
  model_config.encoder.d = 64
  model_config.encoder.n_blocks = 4
  model_config.encoder.dropout = 0.2
  model_config.encoder.max_dilation = 16
  model_config.encoder.kernels = [5, 11, 23]
  model_config.encoder.gate_kernel = 7
  model_config.pooling.type = sea_adaptive_classwise
  model_config.pooling.d_attn = 8
  model_config.pooling.dropout = 0.2
  model_config.pooling.positional_encoding = True
  model_config.pooling.init_beta = 0.3
  model_config.training.n_epochs = 400
  model_config.training.patience = 60
  model_config.training.max_batch = 16
  model_config.training.learning_rate = 0.00125
  model_config.training.weight_decay = 0.00012
  model_config.training.label_smoothing = 0.13
  model_config.training.lambda_entropy = 0.01
  model_config.training.min_train_for_val = 100
  model_config.training.val_frac = 0.2
  model_config.training.optimizer = adam
  model_config.records.default.metrics.test_acc = 0.938
  model_config.records.default.metrics.test_loss = 0.2749
  model_config.records.default.metrics.test_auroc = 0.9964
  model_config.records.default.metrics.dataset = WebTraffic
  model_config.records.default.metrics.recorded = 2026-07-23 16:58:54
[params] using DEFAULT recipe (no Optuna record yet - run 'python main.py optuna --model sv4/seanet_inputgate_adaptive').

WebTraffic already done for seanet_inputgate_adaptive__sea_mstcn_sep_inputgate__sea_adaptive_classwise -> skip
  (set 're_train: true' in configs/main.yaml to train it again, or delete the line
   'WebTraffic' from results/SEA_NET/seanet_inputgate_adaptive__sea_mstcn_sep_inputgate__sea_adaptive_classwise/done_train_dataset.txt.)

[log] finished; full output saved to results/SEA_NET/seanet_inputgate_adaptive__sea_mstcn_sep_inputgate__sea_adaptive_classwise/logs/run_2026-08-03_17-12-45.log

############################################################
# MODEL: sv4/seanet_inputgate_attnmax   (started Mon 03 Aug 2026 05:12:46 PM CEST)
############################################################
[log] command 'run' started at 2026-08-03_17-12-47 for model 'seanet_inputgate_attnmax__sea_mstcn_sep_inputgate__sea_attention_max'
[log] a copy of everything below is being saved to: results/SEA_NET/seanet_inputgate_attnmax__sea_mstcn_sep_inputgate__sea_attention_max/logs/run_2026-08-03_17-12-47.log

=== run: model=seanet_inputgate_attnmax__sea_mstcn_sep_inputgate__sea_attention_max (config sv4/seanet_inputgate_attnmax) dataset=WebTraffic device=cuda mode=full ===
resolved config:
  model = sv4/seanet_inputgate_attnmax
  run.mode = single
  run.dataset = WebTraffic
  run.smoke = False
  run.re_train = False
  preprocessing.instance_type = single_point
  preprocessing.window_size = 5
  preprocessing.window_stride = 5
  seed = 0
  device = auto
  output.results_dir = results/SEA_NET
  interpretability.dataset = WebTraffic
  interpretability.n_classes = 3
  interpretability.per_class = 1
  mlflow.enabled = True
  mlflow.experiment_name = SEA-Net
  mlflow.tracking_uri = sqlite:///mlflow.db
  mlflow.log_model_weights = True
  model_config.name = seanet_inputgate_attnmax
  model_config.use_params = default
  model_config.encoder.type = sea_mstcn_sep_inputgate
  model_config.encoder.d = 64
  model_config.encoder.n_blocks = 4
  model_config.encoder.dropout = 0.2
  model_config.encoder.max_dilation = 16
  model_config.encoder.kernels = [5, 11, 23]
  model_config.encoder.gate_kernel = 7
  model_config.pooling.type = sea_attention_max
  model_config.pooling.d_attn = 8
  model_config.pooling.dropout = 0.2
  model_config.pooling.positional_encoding = True
  model_config.pooling.init_lam = 0.5
  model_config.training.n_epochs = 400
  model_config.training.patience = 60
  model_config.training.max_batch = 16
  model_config.training.learning_rate = 0.00125
  model_config.training.weight_decay = 0.00012
  model_config.training.label_smoothing = 0.13
  model_config.training.lambda_entropy = 0.01
  model_config.training.min_train_for_val = 100
  model_config.training.val_frac = 0.2
  model_config.training.optimizer = adam
  model_config.records.default.metrics.test_acc = 0.858
  model_config.records.default.metrics.test_loss = 0.6245
  model_config.records.default.metrics.test_auroc = 0.9825
  model_config.records.default.metrics.dataset = WebTraffic
  model_config.records.default.metrics.recorded = 2026-07-23 17:01:07
[params] using DEFAULT recipe (no Optuna record yet - run 'python main.py optuna --model sv4/seanet_inputgate_attnmax').

WebTraffic already done for seanet_inputgate_attnmax__sea_mstcn_sep_inputgate__sea_attention_max -> skip
  (set 're_train: true' in configs/main.yaml to train it again, or delete the line
   'WebTraffic' from results/SEA_NET/seanet_inputgate_attnmax__sea_mstcn_sep_inputgate__sea_attention_max/done_train_dataset.txt.)

[log] finished; full output saved to results/SEA_NET/seanet_inputgate_attnmax__sea_mstcn_sep_inputgate__sea_attention_max/logs/run_2026-08-03_17-12-47.log

############################################################
# MODEL: sv4/seanet_inputgate_softmax   (started Mon 03 Aug 2026 05:12:48 PM CEST)
############################################################
[log] command 'run' started at 2026-08-03_17-12-49 for model 'seanet_inputgate_softmax__sea_mstcn_sep_inputgate__sea_softmax_conjunctive'
[log] a copy of everything below is being saved to: results/SEA_NET/seanet_inputgate_softmax__sea_mstcn_sep_inputgate__sea_softmax_conjunctive/logs/run_2026-08-03_17-12-49.log

=== run: model=seanet_inputgate_softmax__sea_mstcn_sep_inputgate__sea_softmax_conjunctive (config sv4/seanet_inputgate_softmax) dataset=WebTraffic device=cuda mode=full ===
resolved config:
  model = sv4/seanet_inputgate_softmax
  run.mode = single
  run.dataset = WebTraffic
  run.smoke = False
  run.re_train = False
  preprocessing.instance_type = single_point
  preprocessing.window_size = 5
  preprocessing.window_stride = 5
  seed = 0
  device = auto
  output.results_dir = results/SEA_NET
  interpretability.dataset = WebTraffic
  interpretability.n_classes = 3
  interpretability.per_class = 1
  mlflow.enabled = True
  mlflow.experiment_name = SEA-Net
  mlflow.tracking_uri = sqlite:///mlflow.db
  mlflow.log_model_weights = True
  model_config.name = seanet_inputgate_softmax
  model_config.use_params = default
  model_config.encoder.type = sea_mstcn_sep_inputgate
  model_config.encoder.d = 64
  model_config.encoder.n_blocks = 4
  model_config.encoder.dropout = 0.2
  model_config.encoder.max_dilation = 16
  model_config.encoder.kernels = [5, 11, 23]
  model_config.encoder.gate_kernel = 7
  model_config.pooling.type = sea_softmax_conjunctive
  model_config.pooling.d_attn = 8
  model_config.pooling.dropout = 0.2
  model_config.pooling.positional_encoding = True
  model_config.pooling.temperature = 1.0
  model_config.training.n_epochs = 400
  model_config.training.patience = 60
  model_config.training.max_batch = 16
  model_config.training.learning_rate = 0.00125
  model_config.training.weight_decay = 0.00012
  model_config.training.label_smoothing = 0.13
  model_config.training.lambda_entropy = 0.01
  model_config.training.min_train_for_val = 100
  model_config.training.val_frac = 0.2
  model_config.training.optimizer = adam
  model_config.records.default.metrics.test_acc = 0.894
  model_config.records.default.metrics.test_loss = 0.4539
  model_config.records.default.metrics.test_auroc = 0.9896
  model_config.records.default.metrics.dataset = WebTraffic
  model_config.records.default.metrics.recorded = 2026-07-23 17:02:41
[params] using DEFAULT recipe (no Optuna record yet - run 'python main.py optuna --model sv4/seanet_inputgate_softmax').

WebTraffic already done for seanet_inputgate_softmax__sea_mstcn_sep_inputgate__sea_softmax_conjunctive -> skip
  (set 're_train: true' in configs/main.yaml to train it again, or delete the line
   'WebTraffic' from results/SEA_NET/seanet_inputgate_softmax__sea_mstcn_sep_inputgate__sea_softmax_conjunctive/done_train_dataset.txt.)

[log] finished; full output saved to results/SEA_NET/seanet_inputgate_softmax__sea_mstcn_sep_inputgate__sea_softmax_conjunctive/logs/run_2026-08-03_17-12-49.log

############################################################
# MODEL: sv4/seanet_inputgate_topk   (started Mon 03 Aug 2026 05:12:50 PM CEST)
############################################################
[log] command 'run' started at 2026-08-03_17-12-51 for model 'seanet_inputgate_topk__sea_mstcn_sep_inputgate__sea_topk_conjunctive'
[log] a copy of everything below is being saved to: results/SEA_NET/seanet_inputgate_topk__sea_mstcn_sep_inputgate__sea_topk_conjunctive/logs/run_2026-08-03_17-12-51.log

=== run: model=seanet_inputgate_topk__sea_mstcn_sep_inputgate__sea_topk_conjunctive (config sv4/seanet_inputgate_topk) dataset=WebTraffic device=cuda mode=full ===
resolved config:
  model = sv4/seanet_inputgate_topk
  run.mode = single
  run.dataset = WebTraffic
  run.smoke = False
  run.re_train = False
  preprocessing.instance_type = single_point
  preprocessing.window_size = 5
  preprocessing.window_stride = 5
  seed = 0
  device = auto
  output.results_dir = results/SEA_NET
  interpretability.dataset = WebTraffic
  interpretability.n_classes = 3
  interpretability.per_class = 1
  mlflow.enabled = True
  mlflow.experiment_name = SEA-Net
  mlflow.tracking_uri = sqlite:///mlflow.db
  mlflow.log_model_weights = True
  model_config.name = seanet_inputgate_topk
  model_config.use_params = default
  model_config.encoder.type = sea_mstcn_sep_inputgate
  model_config.encoder.d = 64
  model_config.encoder.n_blocks = 4
  model_config.encoder.dropout = 0.2
  model_config.encoder.max_dilation = 16
  model_config.encoder.kernels = [5, 11, 23]
  model_config.encoder.gate_kernel = 7
  model_config.pooling.type = sea_topk_conjunctive
  model_config.pooling.d_attn = 8
  model_config.pooling.dropout = 0.2
  model_config.pooling.positional_encoding = True
  model_config.pooling.top_frac = 0.1
  model_config.training.n_epochs = 400
  model_config.training.patience = 60
  model_config.training.max_batch = 16
  model_config.training.learning_rate = 0.00125
  model_config.training.weight_decay = 0.00012
  model_config.training.label_smoothing = 0.13
  model_config.training.lambda_entropy = 0.01
  model_config.training.min_train_for_val = 100
  model_config.training.val_frac = 0.2
  model_config.training.optimizer = adam
  model_config.records.default.metrics.test_acc = 0.946
  model_config.records.default.metrics.test_loss = 0.2605
  model_config.records.default.metrics.test_auroc = 0.9972
  model_config.records.default.metrics.dataset = WebTraffic
  model_config.records.default.metrics.recorded = 2026-07-23 17:04:46
[params] using DEFAULT recipe (no Optuna record yet - run 'python main.py optuna --model sv4/seanet_inputgate_topk').

WebTraffic already done for seanet_inputgate_topk__sea_mstcn_sep_inputgate__sea_topk_conjunctive -> skip
  (set 're_train: true' in configs/main.yaml to train it again, or delete the line
   'WebTraffic' from results/SEA_NET/seanet_inputgate_topk__sea_mstcn_sep_inputgate__sea_topk_conjunctive/done_train_dataset.txt.)

[log] finished; full output saved to results/SEA_NET/seanet_inputgate_topk__sea_mstcn_sep_inputgate__sea_topk_conjunctive/logs/run_2026-08-03_17-12-51.log

############################################################
# MODEL: sv4/seanet_inputgate   (started Mon 03 Aug 2026 05:12:52 PM CEST)
############################################################
[log] command 'run' started at 2026-08-03_17-12-53 for model 'seanet_inputgate__sea_mstcn_sep_inputgate__sea_classwise_conjunctive'
[log] a copy of everything below is being saved to: results/SEA_NET/seanet_inputgate__sea_mstcn_sep_inputgate__sea_classwise_conjunctive/logs/run_2026-08-03_17-12-53.log

=== run: model=seanet_inputgate__sea_mstcn_sep_inputgate__sea_classwise_conjunctive (config sv4/seanet_inputgate) dataset=WebTraffic device=cuda mode=full ===
resolved config:
  model = sv4/seanet_inputgate
  run.mode = single
  run.dataset = WebTraffic
  run.smoke = False
  run.re_train = False
  preprocessing.instance_type = single_point
  preprocessing.window_size = 5
  preprocessing.window_stride = 5
  seed = 0
  device = auto
  output.results_dir = results/SEA_NET
  interpretability.dataset = WebTraffic
  interpretability.n_classes = 3
  interpretability.per_class = 1
  mlflow.enabled = True
  mlflow.experiment_name = SEA-Net
  mlflow.tracking_uri = sqlite:///mlflow.db
  mlflow.log_model_weights = True
  model_config.name = seanet_inputgate
  model_config.use_params = default
  model_config.encoder.type = sea_mstcn_sep_inputgate
  model_config.encoder.d = 64
  model_config.encoder.n_blocks = 4
  model_config.encoder.dropout = 0.2
  model_config.encoder.max_dilation = 16
  model_config.encoder.kernels = [5, 11, 23]
  model_config.encoder.gate_kernel = 7
  model_config.pooling.type = sea_classwise_conjunctive
  model_config.pooling.d_attn = 8
  model_config.pooling.dropout = 0.2
  model_config.pooling.positional_encoding = True
  model_config.training.n_epochs = 400
  model_config.training.patience = 60
  model_config.training.max_batch = 16
  model_config.training.learning_rate = 0.00125
  model_config.training.weight_decay = 0.00012
  model_config.training.label_smoothing = 0.13
  model_config.training.lambda_entropy = 0.01
  model_config.training.min_train_for_val = 100
  model_config.training.val_frac = 0.2
  model_config.training.optimizer = adam
  model_config.records.default.metrics.test_acc = 0.914
  model_config.records.default.metrics.test_loss = 0.3976
  model_config.records.default.metrics.test_auroc = 0.9909
  model_config.records.default.metrics.dataset = WebTraffic
  model_config.records.default.metrics.recorded = 2026-07-23 13:39:35
[params] using DEFAULT recipe (no Optuna record yet - run 'python main.py optuna --model sv4/seanet_inputgate').

WebTraffic already done for seanet_inputgate__sea_mstcn_sep_inputgate__sea_classwise_conjunctive -> skip
  (set 're_train: true' in configs/main.yaml to train it again, or delete the line
   'WebTraffic' from results/SEA_NET/seanet_inputgate__sea_mstcn_sep_inputgate__sea_classwise_conjunctive/done_train_dataset.txt.)

[log] finished; full output saved to results/SEA_NET/seanet_inputgate__sea_mstcn_sep_inputgate__sea_classwise_conjunctive/logs/run_2026-08-03_17-12-53.log

############################################################
# MODEL: sv4/seanet_recon_adaptive   (started Mon 03 Aug 2026 05:12:54 PM CEST)
############################################################
[log] command 'run' started at 2026-08-03_17-12-55 for model 'seanet_recon_adaptive__sea_mstcn_sep_recon__sea_adaptive_classwise'
[log] a copy of everything below is being saved to: results/SEA_NET/seanet_recon_adaptive__sea_mstcn_sep_recon__sea_adaptive_classwise/logs/run_2026-08-03_17-12-55.log

=== run: model=seanet_recon_adaptive__sea_mstcn_sep_recon__sea_adaptive_classwise (config sv4/seanet_recon_adaptive) dataset=WebTraffic device=cuda mode=full ===
resolved config:
  model = sv4/seanet_recon_adaptive
  run.mode = single
  run.dataset = WebTraffic
  run.smoke = False
  run.re_train = False
  preprocessing.instance_type = single_point
  preprocessing.window_size = 5
  preprocessing.window_stride = 5
  seed = 0
  device = auto
  output.results_dir = results/SEA_NET
  interpretability.dataset = WebTraffic
  interpretability.n_classes = 3
  interpretability.per_class = 1
  mlflow.enabled = True
  mlflow.experiment_name = SEA-Net
  mlflow.tracking_uri = sqlite:///mlflow.db
  mlflow.log_model_weights = True
  model_config.name = seanet_recon_adaptive
  model_config.use_params = default
  model_config.encoder.type = sea_mstcn_sep_recon
  model_config.encoder.d = 64
  model_config.encoder.n_blocks = 4
  model_config.encoder.dropout = 0.2
  model_config.encoder.max_dilation = 16
  model_config.encoder.kernels = [5, 11, 23]
  model_config.encoder.d_res = 16
  model_config.pooling.type = sea_adaptive_classwise
  model_config.pooling.d_attn = 8
  model_config.pooling.dropout = 0.2
  model_config.pooling.positional_encoding = True
  model_config.pooling.init_beta = 0.3
  model_config.training.n_epochs = 400
  model_config.training.patience = 60
  model_config.training.max_batch = 16
  model_config.training.learning_rate = 0.00125
  model_config.training.weight_decay = 0.00012
  model_config.training.label_smoothing = 0.13
  model_config.training.lambda_entropy = 0.01
  model_config.training.min_train_for_val = 100
  model_config.training.val_frac = 0.2
  model_config.training.optimizer = adam
  model_config.records.default.metrics.test_acc = 0.946
  model_config.records.default.metrics.test_loss = 0.2962
  model_config.records.default.metrics.test_auroc = 0.9927
  model_config.records.default.metrics.dataset = WebTraffic
  model_config.records.default.metrics.recorded = 2026-07-23 17:07:46
[params] using DEFAULT recipe (no Optuna record yet - run 'python main.py optuna --model sv4/seanet_recon_adaptive').

WebTraffic already done for seanet_recon_adaptive__sea_mstcn_sep_recon__sea_adaptive_classwise -> skip
  (set 're_train: true' in configs/main.yaml to train it again, or delete the line
   'WebTraffic' from results/SEA_NET/seanet_recon_adaptive__sea_mstcn_sep_recon__sea_adaptive_classwise/done_train_dataset.txt.)

[log] finished; full output saved to results/SEA_NET/seanet_recon_adaptive__sea_mstcn_sep_recon__sea_adaptive_classwise/logs/run_2026-08-03_17-12-55.log

############################################################
# MODEL: sv4/seanet_recon_attnmax   (started Mon 03 Aug 2026 05:12:56 PM CEST)
############################################################
[log] command 'run' started at 2026-08-03_17-12-57 for model 'seanet_recon_attnmax__sea_mstcn_sep_recon__sea_attention_max'
[log] a copy of everything below is being saved to: results/SEA_NET/seanet_recon_attnmax__sea_mstcn_sep_recon__sea_attention_max/logs/run_2026-08-03_17-12-57.log

=== run: model=seanet_recon_attnmax__sea_mstcn_sep_recon__sea_attention_max (config sv4/seanet_recon_attnmax) dataset=WebTraffic device=cuda mode=full ===
resolved config:
  model = sv4/seanet_recon_attnmax
  run.mode = single
  run.dataset = WebTraffic
  run.smoke = False
  run.re_train = False
  preprocessing.instance_type = single_point
  preprocessing.window_size = 5
  preprocessing.window_stride = 5
  seed = 0
  device = auto
  output.results_dir = results/SEA_NET
  interpretability.dataset = WebTraffic
  interpretability.n_classes = 3
  interpretability.per_class = 1
  mlflow.enabled = True
  mlflow.experiment_name = SEA-Net
  mlflow.tracking_uri = sqlite:///mlflow.db
  mlflow.log_model_weights = True
  model_config.name = seanet_recon_attnmax
  model_config.use_params = default
  model_config.encoder.type = sea_mstcn_sep_recon
  model_config.encoder.d = 64
  model_config.encoder.n_blocks = 4
  model_config.encoder.dropout = 0.2
  model_config.encoder.max_dilation = 16
  model_config.encoder.kernels = [5, 11, 23]
  model_config.encoder.d_res = 16
  model_config.pooling.type = sea_attention_max
  model_config.pooling.d_attn = 8
  model_config.pooling.dropout = 0.2
  model_config.pooling.positional_encoding = True
  model_config.pooling.init_lam = 0.5
  model_config.training.n_epochs = 400
  model_config.training.patience = 60
  model_config.training.max_batch = 16
  model_config.training.learning_rate = 0.00125
  model_config.training.weight_decay = 0.00012
  model_config.training.label_smoothing = 0.13
  model_config.training.lambda_entropy = 0.01
  model_config.training.min_train_for_val = 100
  model_config.training.val_frac = 0.2
  model_config.training.optimizer = adam
  model_config.records.default.metrics.test_acc = 0.892
  model_config.records.default.metrics.test_loss = 0.4994
  model_config.records.default.metrics.test_auroc = 0.9897
  model_config.records.default.metrics.dataset = WebTraffic
  model_config.records.default.metrics.recorded = 2026-07-23 17:10:01
[params] using DEFAULT recipe (no Optuna record yet - run 'python main.py optuna --model sv4/seanet_recon_attnmax').

WebTraffic already done for seanet_recon_attnmax__sea_mstcn_sep_recon__sea_attention_max -> skip
  (set 're_train: true' in configs/main.yaml to train it again, or delete the line
   'WebTraffic' from results/SEA_NET/seanet_recon_attnmax__sea_mstcn_sep_recon__sea_attention_max/done_train_dataset.txt.)

[log] finished; full output saved to results/SEA_NET/seanet_recon_attnmax__sea_mstcn_sep_recon__sea_attention_max/logs/run_2026-08-03_17-12-57.log

############################################################
# MODEL: sv4/seanet_recon_softmax   (started Mon 03 Aug 2026 05:12:58 PM CEST)
############################################################
[log] command 'run' started at 2026-08-03_17-12-59 for model 'seanet_recon_softmax__sea_mstcn_sep_recon__sea_softmax_conjunctive'
[log] a copy of everything below is being saved to: results/SEA_NET/seanet_recon_softmax__sea_mstcn_sep_recon__sea_softmax_conjunctive/logs/run_2026-08-03_17-12-59.log

=== run: model=seanet_recon_softmax__sea_mstcn_sep_recon__sea_softmax_conjunctive (config sv4/seanet_recon_softmax) dataset=WebTraffic device=cuda mode=full ===
resolved config:
  model = sv4/seanet_recon_softmax
  run.mode = single
  run.dataset = WebTraffic
  run.smoke = False
  run.re_train = False
  preprocessing.instance_type = single_point
  preprocessing.window_size = 5
  preprocessing.window_stride = 5
  seed = 0
  device = auto
  output.results_dir = results/SEA_NET
  interpretability.dataset = WebTraffic
  interpretability.n_classes = 3
  interpretability.per_class = 1
  mlflow.enabled = True
  mlflow.experiment_name = SEA-Net
  mlflow.tracking_uri = sqlite:///mlflow.db
  mlflow.log_model_weights = True
  model_config.name = seanet_recon_softmax
  model_config.use_params = default
  model_config.encoder.type = sea_mstcn_sep_recon
  model_config.encoder.d = 64
  model_config.encoder.n_blocks = 4
  model_config.encoder.dropout = 0.2
  model_config.encoder.max_dilation = 16
  model_config.encoder.kernels = [5, 11, 23]
  model_config.encoder.d_res = 16
  model_config.pooling.type = sea_softmax_conjunctive
  model_config.pooling.d_attn = 8
  model_config.pooling.dropout = 0.2
  model_config.pooling.positional_encoding = True
  model_config.pooling.temperature = 1.0
  model_config.training.n_epochs = 400
  model_config.training.patience = 60
  model_config.training.max_batch = 16
  model_config.training.learning_rate = 0.00125
  model_config.training.weight_decay = 0.00012
  model_config.training.label_smoothing = 0.13
  model_config.training.lambda_entropy = 0.01
  model_config.training.min_train_for_val = 100
  model_config.training.val_frac = 0.2
  model_config.training.optimizer = adam
  model_config.records.default.metrics.test_acc = 0.932
  model_config.records.default.metrics.test_loss = 0.3414
  model_config.records.default.metrics.test_auroc = 0.9948
  model_config.records.default.metrics.dataset = WebTraffic
  model_config.records.default.metrics.recorded = 2026-07-23 17:11:56
[params] using DEFAULT recipe (no Optuna record yet - run 'python main.py optuna --model sv4/seanet_recon_softmax').

WebTraffic already done for seanet_recon_softmax__sea_mstcn_sep_recon__sea_softmax_conjunctive -> skip
  (set 're_train: true' in configs/main.yaml to train it again, or delete the line
   'WebTraffic' from results/SEA_NET/seanet_recon_softmax__sea_mstcn_sep_recon__sea_softmax_conjunctive/done_train_dataset.txt.)

[log] finished; full output saved to results/SEA_NET/seanet_recon_softmax__sea_mstcn_sep_recon__sea_softmax_conjunctive/logs/run_2026-08-03_17-12-59.log

############################################################
# MODEL: sv4/seanet_recon_topk   (started Mon 03 Aug 2026 05:13:00 PM CEST)
############################################################
[log] command 'run' started at 2026-08-03_17-13-02 for model 'seanet_recon_topk__sea_mstcn_sep_recon__sea_topk_conjunctive'
[log] a copy of everything below is being saved to: results/SEA_NET/seanet_recon_topk__sea_mstcn_sep_recon__sea_topk_conjunctive/logs/run_2026-08-03_17-13-02.log

=== run: model=seanet_recon_topk__sea_mstcn_sep_recon__sea_topk_conjunctive (config sv4/seanet_recon_topk) dataset=WebTraffic device=cuda mode=full ===
resolved config:
  model = sv4/seanet_recon_topk
  run.mode = single
  run.dataset = WebTraffic
  run.smoke = False
  run.re_train = False
  preprocessing.instance_type = single_point
  preprocessing.window_size = 5
  preprocessing.window_stride = 5
  seed = 0
  device = auto
  output.results_dir = results/SEA_NET
  interpretability.dataset = WebTraffic
  interpretability.n_classes = 3
  interpretability.per_class = 1
  mlflow.enabled = True
  mlflow.experiment_name = SEA-Net
  mlflow.tracking_uri = sqlite:///mlflow.db
  mlflow.log_model_weights = True
  model_config.name = seanet_recon_topk
  model_config.use_params = default
  model_config.encoder.type = sea_mstcn_sep_recon
  model_config.encoder.d = 64
  model_config.encoder.n_blocks = 4
  model_config.encoder.dropout = 0.2
  model_config.encoder.max_dilation = 16
  model_config.encoder.kernels = [5, 11, 23]
  model_config.encoder.d_res = 16
  model_config.pooling.type = sea_topk_conjunctive
  model_config.pooling.d_attn = 8
  model_config.pooling.dropout = 0.2
  model_config.pooling.positional_encoding = True
  model_config.pooling.top_frac = 0.1
  model_config.training.n_epochs = 400
  model_config.training.patience = 60
  model_config.training.max_batch = 16
  model_config.training.learning_rate = 0.00125
  model_config.training.weight_decay = 0.00012
  model_config.training.label_smoothing = 0.13
  model_config.training.lambda_entropy = 0.01
  model_config.training.min_train_for_val = 100
  model_config.training.val_frac = 0.2
  model_config.training.optimizer = adam
  model_config.records.default.metrics.test_acc = 0.94
  model_config.records.default.metrics.test_loss = 0.3206
  model_config.records.default.metrics.test_auroc = 0.9952
  model_config.records.default.metrics.dataset = WebTraffic
  model_config.records.default.metrics.recorded = 2026-07-23 17:13:56
[params] using DEFAULT recipe (no Optuna record yet - run 'python main.py optuna --model sv4/seanet_recon_topk').

WebTraffic already done for seanet_recon_topk__sea_mstcn_sep_recon__sea_topk_conjunctive -> skip
  (set 're_train: true' in configs/main.yaml to train it again, or delete the line
   'WebTraffic' from results/SEA_NET/seanet_recon_topk__sea_mstcn_sep_recon__sea_topk_conjunctive/done_train_dataset.txt.)

[log] finished; full output saved to results/SEA_NET/seanet_recon_topk__sea_mstcn_sep_recon__sea_topk_conjunctive/logs/run_2026-08-03_17-13-02.log

############################################################
# MODEL: sv4/seanet_recon   (started Mon 03 Aug 2026 05:13:02 PM CEST)
############################################################
[log] command 'run' started at 2026-08-03_17-13-04 for model 'seanet_recon__sea_mstcn_sep_recon__sea_classwise_conjunctive'
[log] a copy of everything below is being saved to: results/SEA_NET/seanet_recon__sea_mstcn_sep_recon__sea_classwise_conjunctive/logs/run_2026-08-03_17-13-04.log

=== run: model=seanet_recon__sea_mstcn_sep_recon__sea_classwise_conjunctive (config sv4/seanet_recon) dataset=WebTraffic device=cuda mode=full ===
resolved config:
  model = sv4/seanet_recon
  run.mode = single
  run.dataset = WebTraffic
  run.smoke = False
  run.re_train = False
  preprocessing.instance_type = single_point
  preprocessing.window_size = 5
  preprocessing.window_stride = 5
  seed = 0
  device = auto
  output.results_dir = results/SEA_NET
  interpretability.dataset = WebTraffic
  interpretability.n_classes = 3
  interpretability.per_class = 1
  mlflow.enabled = True
  mlflow.experiment_name = SEA-Net
  mlflow.tracking_uri = sqlite:///mlflow.db
  mlflow.log_model_weights = True
  model_config.name = seanet_recon
  model_config.use_params = default
  model_config.encoder.type = sea_mstcn_sep_recon
  model_config.encoder.d = 64
  model_config.encoder.n_blocks = 4
  model_config.encoder.dropout = 0.2
  model_config.encoder.max_dilation = 16
  model_config.encoder.kernels = [5, 11, 23]
  model_config.encoder.d_res = 16
  model_config.pooling.type = sea_classwise_conjunctive
  model_config.pooling.d_attn = 8
  model_config.pooling.dropout = 0.2
  model_config.pooling.positional_encoding = True
  model_config.training.n_epochs = 400
  model_config.training.patience = 60
  model_config.training.max_batch = 16
  model_config.training.learning_rate = 0.00125
  model_config.training.weight_decay = 0.00012
  model_config.training.label_smoothing = 0.13
  model_config.training.lambda_entropy = 0.01
  model_config.training.min_train_for_val = 100
  model_config.training.val_frac = 0.2
  model_config.training.optimizer = adam
  model_config.records.default.metrics.test_acc = 0.91
  model_config.records.default.metrics.test_loss = 0.4172
  model_config.records.default.metrics.test_auroc = 0.9936
  model_config.records.default.metrics.dataset = WebTraffic
  model_config.records.default.metrics.recorded = 2026-07-23 13:40:20
[params] using DEFAULT recipe (no Optuna record yet - run 'python main.py optuna --model sv4/seanet_recon').

WebTraffic already done for seanet_recon__sea_mstcn_sep_recon__sea_classwise_conjunctive -> skip
  (set 're_train: true' in configs/main.yaml to train it again, or delete the line
   'WebTraffic' from results/SEA_NET/seanet_recon__sea_mstcn_sep_recon__sea_classwise_conjunctive/done_train_dataset.txt.)

[log] finished; full output saved to results/SEA_NET/seanet_recon__sea_mstcn_sep_recon__sea_classwise_conjunctive/logs/run_2026-08-03_17-13-04.log

############################################################
# MODEL: sv4/seanet_slim_adaptive   (started Mon 03 Aug 2026 05:13:04 PM CEST)
############################################################
[log] command 'run' started at 2026-08-03_17-13-06 for model 'seanet_slim_adaptive__sea_mstcn_sep__sea_adaptive_classwise'
[log] a copy of everything below is being saved to: results/SEA_NET/seanet_slim_adaptive__sea_mstcn_sep__sea_adaptive_classwise/logs/run_2026-08-03_17-13-06.log

=== run: model=seanet_slim_adaptive__sea_mstcn_sep__sea_adaptive_classwise (config sv4/seanet_slim_adaptive) dataset=WebTraffic device=cuda mode=full ===
resolved config:
  model = sv4/seanet_slim_adaptive
  run.mode = single
  run.dataset = WebTraffic
  run.smoke = False
  run.re_train = False
  preprocessing.instance_type = single_point
  preprocessing.window_size = 5
  preprocessing.window_stride = 5
  seed = 0
  device = auto
  output.results_dir = results/SEA_NET
  interpretability.dataset = WebTraffic
  interpretability.n_classes = 3
  interpretability.per_class = 1
  mlflow.enabled = True
  mlflow.experiment_name = SEA-Net
  mlflow.tracking_uri = sqlite:///mlflow.db
  mlflow.log_model_weights = True
  model_config.name = seanet_slim_adaptive
  model_config.use_params = default
  model_config.encoder.type = sea_mstcn_sep
  model_config.encoder.d = 64
  model_config.encoder.n_blocks = 4
  model_config.encoder.dropout = 0.2
  model_config.encoder.max_dilation = 16
  model_config.encoder.kernels = [5, 11, 23]
  model_config.pooling.type = sea_adaptive_classwise
  model_config.pooling.d_attn = 8
  model_config.pooling.dropout = 0.2
  model_config.pooling.positional_encoding = True
  model_config.pooling.init_beta = 0.3
  model_config.training.n_epochs = 400
  model_config.training.patience = 60
  model_config.training.max_batch = 16
  model_config.training.learning_rate = 0.00125
  model_config.training.weight_decay = 0.00012
  model_config.training.label_smoothing = 0.13
  model_config.training.lambda_entropy = 0.01
  model_config.training.min_train_for_val = 100
  model_config.training.val_frac = 0.2
  model_config.training.optimizer = adam
  model_config.records.default.metrics.test_acc = 0.93
  model_config.records.default.metrics.test_loss = 0.3355
  model_config.records.default.metrics.test_auroc = 0.9957
  model_config.records.default.metrics.dataset = WebTraffic
  model_config.records.default.metrics.recorded = 2026-07-23 17:16:07
[params] using DEFAULT recipe (no Optuna record yet - run 'python main.py optuna --model sv4/seanet_slim_adaptive').

WebTraffic already done for seanet_slim_adaptive__sea_mstcn_sep__sea_adaptive_classwise -> skip
  (set 're_train: true' in configs/main.yaml to train it again, or delete the line
   'WebTraffic' from results/SEA_NET/seanet_slim_adaptive__sea_mstcn_sep__sea_adaptive_classwise/done_train_dataset.txt.)

[log] finished; full output saved to results/SEA_NET/seanet_slim_adaptive__sea_mstcn_sep__sea_adaptive_classwise/logs/run_2026-08-03_17-13-06.log

############################################################
# MODEL: sv4/seanet_slim_attnmax   (started Mon 03 Aug 2026 05:13:06 PM CEST)
############################################################
[log] command 'run' started at 2026-08-03_17-13-08 for model 'seanet_slim_attnmax__sea_mstcn_sep__sea_attention_max'
[log] a copy of everything below is being saved to: results/SEA_NET/seanet_slim_attnmax__sea_mstcn_sep__sea_attention_max/logs/run_2026-08-03_17-13-08.log

=== run: model=seanet_slim_attnmax__sea_mstcn_sep__sea_attention_max (config sv4/seanet_slim_attnmax) dataset=WebTraffic device=cuda mode=full ===
resolved config:
  model = sv4/seanet_slim_attnmax
  run.mode = single
  run.dataset = WebTraffic
  run.smoke = False
  run.re_train = False
  preprocessing.instance_type = single_point
  preprocessing.window_size = 5
  preprocessing.window_stride = 5
  seed = 0
  device = auto
  output.results_dir = results/SEA_NET
  interpretability.dataset = WebTraffic
  interpretability.n_classes = 3
  interpretability.per_class = 1
  mlflow.enabled = True
  mlflow.experiment_name = SEA-Net
  mlflow.tracking_uri = sqlite:///mlflow.db
  mlflow.log_model_weights = True
  model_config.name = seanet_slim_attnmax
  model_config.use_params = default
  model_config.encoder.type = sea_mstcn_sep
  model_config.encoder.d = 64
  model_config.encoder.n_blocks = 4
  model_config.encoder.dropout = 0.2
  model_config.encoder.max_dilation = 16
  model_config.encoder.kernels = [5, 11, 23]
  model_config.pooling.type = sea_attention_max
  model_config.pooling.d_attn = 8
  model_config.pooling.dropout = 0.2
  model_config.pooling.positional_encoding = True
  model_config.pooling.init_lam = 0.5
  model_config.training.n_epochs = 400
  model_config.training.patience = 60
  model_config.training.max_batch = 16
  model_config.training.learning_rate = 0.00125
  model_config.training.weight_decay = 0.00012
  model_config.training.label_smoothing = 0.13
  model_config.training.lambda_entropy = 0.01
  model_config.training.min_train_for_val = 100
  model_config.training.val_frac = 0.2
  model_config.training.optimizer = adam
  model_config.records.default.metrics.test_acc = 0.714
  model_config.records.default.metrics.test_loss = 0.8545
  model_config.records.default.metrics.test_auroc = 0.9611
  model_config.records.default.metrics.dataset = WebTraffic
  model_config.records.default.metrics.recorded = 2026-07-23 17:17:10
[params] using DEFAULT recipe (no Optuna record yet - run 'python main.py optuna --model sv4/seanet_slim_attnmax').

WebTraffic already done for seanet_slim_attnmax__sea_mstcn_sep__sea_attention_max -> skip
  (set 're_train: true' in configs/main.yaml to train it again, or delete the line
   'WebTraffic' from results/SEA_NET/seanet_slim_attnmax__sea_mstcn_sep__sea_attention_max/done_train_dataset.txt.)

[log] finished; full output saved to results/SEA_NET/seanet_slim_attnmax__sea_mstcn_sep__sea_attention_max/logs/run_2026-08-03_17-13-08.log

############################################################
# MODEL: sv4/seanet_slim_softmax   (started Mon 03 Aug 2026 05:13:08 PM CEST)
############################################################
[log] command 'run' started at 2026-08-03_17-13-10 for model 'seanet_slim_softmax__sea_mstcn_sep__sea_softmax_conjunctive'
[log] a copy of everything below is being saved to: results/SEA_NET/seanet_slim_softmax__sea_mstcn_sep__sea_softmax_conjunctive/logs/run_2026-08-03_17-13-10.log

=== run: model=seanet_slim_softmax__sea_mstcn_sep__sea_softmax_conjunctive (config sv4/seanet_slim_softmax) dataset=WebTraffic device=cuda mode=full ===
resolved config:
  model = sv4/seanet_slim_softmax
  run.mode = single
  run.dataset = WebTraffic
  run.smoke = False
  run.re_train = False
  preprocessing.instance_type = single_point
  preprocessing.window_size = 5
  preprocessing.window_stride = 5
  seed = 0
  device = auto
  output.results_dir = results/SEA_NET
  interpretability.dataset = WebTraffic
  interpretability.n_classes = 3
  interpretability.per_class = 1
  mlflow.enabled = True
  mlflow.experiment_name = SEA-Net
  mlflow.tracking_uri = sqlite:///mlflow.db
  mlflow.log_model_weights = True
  model_config.name = seanet_slim_softmax
  model_config.use_params = default
  model_config.encoder.type = sea_mstcn_sep
  model_config.encoder.d = 64
  model_config.encoder.n_blocks = 4
  model_config.encoder.dropout = 0.2
  model_config.encoder.max_dilation = 16
  model_config.encoder.kernels = [5, 11, 23]
  model_config.pooling.type = sea_softmax_conjunctive
  model_config.pooling.d_attn = 8
  model_config.pooling.dropout = 0.2
  model_config.pooling.positional_encoding = True
  model_config.pooling.temperature = 1.0
  model_config.training.n_epochs = 400
  model_config.training.patience = 60
  model_config.training.max_batch = 16
  model_config.training.learning_rate = 0.00125
  model_config.training.weight_decay = 0.00012
  model_config.training.label_smoothing = 0.13
  model_config.training.lambda_entropy = 0.01
  model_config.training.min_train_for_val = 100
  model_config.training.val_frac = 0.2
  model_config.training.optimizer = adam
  model_config.records.default.metrics.test_acc = 0.89
  model_config.records.default.metrics.test_loss = 0.4195
  model_config.records.default.metrics.test_auroc = 0.9888
  model_config.records.default.metrics.dataset = WebTraffic
  model_config.records.default.metrics.recorded = 2026-07-23 17:18:14
[params] using DEFAULT recipe (no Optuna record yet - run 'python main.py optuna --model sv4/seanet_slim_softmax').

WebTraffic already done for seanet_slim_softmax__sea_mstcn_sep__sea_softmax_conjunctive -> skip
  (set 're_train: true' in configs/main.yaml to train it again, or delete the line
   'WebTraffic' from results/SEA_NET/seanet_slim_softmax__sea_mstcn_sep__sea_softmax_conjunctive/done_train_dataset.txt.)

[log] finished; full output saved to results/SEA_NET/seanet_slim_softmax__sea_mstcn_sep__sea_softmax_conjunctive/logs/run_2026-08-03_17-13-10.log

############################################################
# MODEL: sv4/seanet_slim_topk   (started Mon 03 Aug 2026 05:13:10 PM CEST)
############################################################
[log] command 'run' started at 2026-08-03_17-13-12 for model 'seanet_slim_topk__sea_mstcn_sep__sea_topk_conjunctive'
[log] a copy of everything below is being saved to: results/SEA_NET/seanet_slim_topk__sea_mstcn_sep__sea_topk_conjunctive/logs/run_2026-08-03_17-13-12.log

=== run: model=seanet_slim_topk__sea_mstcn_sep__sea_topk_conjunctive (config sv4/seanet_slim_topk) dataset=WebTraffic device=cuda mode=full ===
resolved config:
  model = sv4/seanet_slim_topk
  run.mode = single
  run.dataset = WebTraffic
  run.smoke = False
  run.re_train = False
  preprocessing.instance_type = single_point
  preprocessing.window_size = 5
  preprocessing.window_stride = 5
  seed = 0
  device = auto
  output.results_dir = results/SEA_NET
  interpretability.dataset = WebTraffic
  interpretability.n_classes = 3
  interpretability.per_class = 1
  mlflow.enabled = True
  mlflow.experiment_name = SEA-Net
  mlflow.tracking_uri = sqlite:///mlflow.db
  mlflow.log_model_weights = True
  model_config.name = seanet_slim_topk
  model_config.use_params = default
  model_config.encoder.type = sea_mstcn_sep
  model_config.encoder.d = 64
  model_config.encoder.n_blocks = 4
  model_config.encoder.dropout = 0.2
  model_config.encoder.max_dilation = 16
  model_config.encoder.kernels = [5, 11, 23]
  model_config.pooling.type = sea_topk_conjunctive
  model_config.pooling.d_attn = 8
  model_config.pooling.dropout = 0.2
  model_config.pooling.positional_encoding = True
  model_config.pooling.top_frac = 0.1
  model_config.training.n_epochs = 400
  model_config.training.patience = 60
  model_config.training.max_batch = 16
  model_config.training.learning_rate = 0.00125
  model_config.training.weight_decay = 0.00012
  model_config.training.label_smoothing = 0.13
  model_config.training.lambda_entropy = 0.01
  model_config.training.min_train_for_val = 100
  model_config.training.val_frac = 0.2
  model_config.training.optimizer = adam
  model_config.records.default.metrics.test_acc = 0.932
  model_config.records.default.metrics.test_loss = 0.3059
  model_config.records.default.metrics.test_auroc = 0.9963
  model_config.records.default.metrics.dataset = WebTraffic
  model_config.records.default.metrics.recorded = 2026-07-23 17:20:37
[params] using DEFAULT recipe (no Optuna record yet - run 'python main.py optuna --model sv4/seanet_slim_topk').

WebTraffic already done for seanet_slim_topk__sea_mstcn_sep__sea_topk_conjunctive -> skip
  (set 're_train: true' in configs/main.yaml to train it again, or delete the line
   'WebTraffic' from results/SEA_NET/seanet_slim_topk__sea_mstcn_sep__sea_topk_conjunctive/done_train_dataset.txt.)

[log] finished; full output saved to results/SEA_NET/seanet_slim_topk__sea_mstcn_sep__sea_topk_conjunctive/logs/run_2026-08-03_17-13-12.log

############################################################
# MODEL: sv4/seanet_slim   (started Mon 03 Aug 2026 05:13:12 PM CEST)
############################################################
[log] command 'run' started at 2026-08-03_17-13-14 for model 'seanet_slim__sea_mstcn_sep__sea_classwise_conjunctive'
[log] a copy of everything below is being saved to: results/SEA_NET/seanet_slim__sea_mstcn_sep__sea_classwise_conjunctive/logs/run_2026-08-03_17-13-14.log

=== run: model=seanet_slim__sea_mstcn_sep__sea_classwise_conjunctive (config sv4/seanet_slim) dataset=WebTraffic device=cuda mode=full ===
resolved config:
  model = sv4/seanet_slim
  run.mode = single
  run.dataset = WebTraffic
  run.smoke = False
  run.re_train = False
  preprocessing.instance_type = single_point
  preprocessing.window_size = 5
  preprocessing.window_stride = 5
  seed = 0
  device = auto
  output.results_dir = results/SEA_NET
  interpretability.dataset = WebTraffic
  interpretability.n_classes = 3
  interpretability.per_class = 1
  mlflow.enabled = True
  mlflow.experiment_name = SEA-Net
  mlflow.tracking_uri = sqlite:///mlflow.db
  mlflow.log_model_weights = True
  model_config.name = seanet_slim
  model_config.use_params = default
  model_config.encoder.type = sea_mstcn_sep
  model_config.encoder.d = 64
  model_config.encoder.n_blocks = 4
  model_config.encoder.dropout = 0.2
  model_config.encoder.max_dilation = 16
  model_config.encoder.kernels = [5, 11, 23]
  model_config.pooling.type = sea_classwise_conjunctive
  model_config.pooling.d_attn = 8
  model_config.pooling.dropout = 0.2
  model_config.pooling.positional_encoding = True
  model_config.training.n_epochs = 400
  model_config.training.patience = 60
  model_config.training.max_batch = 16
  model_config.training.learning_rate = 0.00125
  model_config.training.weight_decay = 0.00012
  model_config.training.label_smoothing = 0.13
  model_config.training.lambda_entropy = 0.01
  model_config.training.min_train_for_val = 100
  model_config.training.val_frac = 0.2
  model_config.training.optimizer = adam
  model_config.optuna.enabled = True
  model_config.optuna.n_trials = 30
  model_config.optuna.timeout = None
  model_config.optuna.sampler = tpe
  model_config.optuna.pruner = median
  model_config.optuna.save_best_parameters = True
  model_config.optuna.search_space.training.learning_rate.type = float
  model_config.optuna.search_space.training.learning_rate.low = 0.0003
  model_config.optuna.search_space.training.learning_rate.high = 0.005
  model_config.optuna.search_space.training.learning_rate.log = True
  model_config.optuna.search_space.training.weight_decay.type = float
  model_config.optuna.search_space.training.weight_decay.low = 1e-05
  model_config.optuna.search_space.training.weight_decay.high = 0.0005
  model_config.optuna.search_space.training.weight_decay.log = True
  model_config.optuna.search_space.training.label_smoothing.type = float
  model_config.optuna.search_space.training.label_smoothing.low = 0.0
  model_config.optuna.search_space.training.label_smoothing.high = 0.2
  model_config.optuna.search_space.training.lambda_entropy.type = float
  model_config.optuna.search_space.training.lambda_entropy.low = 0.0
  model_config.optuna.search_space.training.lambda_entropy.high = 0.05
  model_config.optuna.search_space.training.max_batch.type = categorical
  model_config.optuna.search_space.training.max_batch.choices = [8, 16, 32]
  model_config.optuna.search_space.encoder.d.type = categorical
  model_config.optuna.search_space.encoder.d.choices = [16, 32, 64]
  model_config.optuna.search_space.encoder.n_blocks.type = int
  model_config.optuna.search_space.encoder.n_blocks.low = 3
  model_config.optuna.search_space.encoder.n_blocks.high = 6
  model_config.optuna.search_space.encoder.dropout.type = float
  model_config.optuna.search_space.encoder.dropout.low = 0.1
  model_config.optuna.search_space.encoder.dropout.high = 0.4
  model_config.optuna.search_space.encoder.max_dilation.type = categorical
  model_config.optuna.search_space.encoder.max_dilation.choices = [8, 16, 32]
  model_config.optuna.search_space.pooling.d_attn.type = categorical
  model_config.optuna.search_space.pooling.d_attn.choices = [4, 8, 16, 32]
  model_config.optuna.search_space.pooling.dropout.type = float
  model_config.optuna.search_space.pooling.dropout.low = 0.1
  model_config.optuna.search_space.pooling.dropout.high = 0.4
  model_config.records.default.metrics.test_acc = 0.916
  model_config.records.default.metrics.test_loss = 0.3826
  model_config.records.default.metrics.test_auroc = 0.992
  model_config.records.default.metrics.dataset = WebTraffic
  model_config.records.default.metrics.recorded = 2026-07-22 11:13:24
  model_config.records.optuna_best.params.training.learning_rate = 0.0007339198007141648
  model_config.records.optuna_best.params.training.weight_decay = 5.056155262003501e-05
  model_config.records.optuna_best.params.training.label_smoothing = 0.012829499269756873
  model_config.records.optuna_best.params.training.lambda_entropy = 0.034623605968500996
  model_config.records.optuna_best.params.training.max_batch = 8
  model_config.records.optuna_best.params.encoder.d = 64
  model_config.records.optuna_best.params.encoder.n_blocks = 4
  model_config.records.optuna_best.params.encoder.dropout = 0.3002231139891045
  model_config.records.optuna_best.params.encoder.max_dilation = 16
  model_config.records.optuna_best.params.pooling.d_attn = 32
  model_config.records.optuna_best.params.pooling.dropout = 0.10140864285776413
  model_config.records.optuna_best.metrics.test_acc = 0.884
  model_config.records.optuna_best.metrics.test_loss = 0.3934
  model_config.records.optuna_best.metrics.test_auroc = 0.9886
  model_config.records.optuna_best.metrics.val_loss = 0.4789
  model_config.records.optuna_best.metrics.dataset = WebTraffic
  model_config.records.optuna_best.metrics.n_trials = 30
  model_config.records.optuna_best.metrics.recorded = 2026-07-22 11:27:49
[params] using DEFAULT recipe (test_acc: default 0.9160 vs optuna-best 0.8840; better = default).

WebTraffic already done for seanet_slim__sea_mstcn_sep__sea_classwise_conjunctive -> skip
  (set 're_train: true' in configs/main.yaml to train it again, or delete the line
   'WebTraffic' from results/SEA_NET/seanet_slim__sea_mstcn_sep__sea_classwise_conjunctive/done_train_dataset.txt.)

[log] finished; full output saved to results/SEA_NET/seanet_slim__sea_mstcn_sep__sea_classwise_conjunctive/logs/run_2026-08-03_17-13-14.log

############################################################
# MODEL: sv4/seanet_spiketrend_adaptive   (started Mon 03 Aug 2026 05:13:14 PM CEST)
############################################################
[log] command 'run' started at 2026-08-03_17-13-16 for model 'seanet_spiketrend_adaptive__sea_mstcn_sep_spiketrend__sea_adaptive_classwise'
[log] a copy of everything below is being saved to: results/SEA_NET/seanet_spiketrend_adaptive__sea_mstcn_sep_spiketrend__sea_adaptive_classwise/logs/run_2026-08-03_17-13-16.log

=== run: model=seanet_spiketrend_adaptive__sea_mstcn_sep_spiketrend__sea_adaptive_classwise (config sv4/seanet_spiketrend_adaptive) dataset=WebTraffic device=cuda mode=full ===
resolved config:
  model = sv4/seanet_spiketrend_adaptive
  run.mode = single
  run.dataset = WebTraffic
  run.smoke = False
  run.re_train = False
  preprocessing.instance_type = single_point
  preprocessing.window_size = 5
  preprocessing.window_stride = 5
  seed = 0
  device = auto
  output.results_dir = results/SEA_NET
  interpretability.dataset = WebTraffic
  interpretability.n_classes = 3
  interpretability.per_class = 1
  mlflow.enabled = True
  mlflow.experiment_name = SEA-Net
  mlflow.tracking_uri = sqlite:///mlflow.db
  mlflow.log_model_weights = True
  model_config.name = seanet_spiketrend_adaptive
  model_config.use_params = default
  model_config.encoder.type = sea_mstcn_sep_spiketrend
  model_config.encoder.d = 64
  model_config.encoder.n_blocks = 4
  model_config.encoder.dropout = 0.2
  model_config.encoder.max_dilation = 16
  model_config.encoder.kernels = [5, 11, 23]
  model_config.encoder.summary = last
  model_config.encoder.d_spike = 16
  model_config.encoder.smooth_kernel = 5
  model_config.pooling.type = sea_adaptive_classwise
  model_config.pooling.d_attn = 8
  model_config.pooling.dropout = 0.2
  model_config.pooling.positional_encoding = True
  model_config.pooling.init_beta = 0.3
  model_config.training.n_epochs = 400
  model_config.training.patience = 60
  model_config.training.max_batch = 16
  model_config.training.learning_rate = 0.00125
  model_config.training.weight_decay = 0.00012
  model_config.training.label_smoothing = 0.13
  model_config.training.lambda_entropy = 0.01
  model_config.training.min_train_for_val = 100
  model_config.training.val_frac = 0.2
  model_config.training.optimizer = adam
  model_config.records.default.metrics.test_acc = 0.934
  model_config.records.default.metrics.test_loss = 0.3014
  model_config.records.default.metrics.test_auroc = 0.9954
  model_config.records.default.metrics.dataset = WebTraffic
  model_config.records.default.metrics.recorded = 2026-07-23 17:23:51
[params] using DEFAULT recipe (no Optuna record yet - run 'python main.py optuna --model sv4/seanet_spiketrend_adaptive').

WebTraffic already done for seanet_spiketrend_adaptive__sea_mstcn_sep_spiketrend__sea_adaptive_classwise -> skip
  (set 're_train: true' in configs/main.yaml to train it again, or delete the line
   'WebTraffic' from results/SEA_NET/seanet_spiketrend_adaptive__sea_mstcn_sep_spiketrend__sea_adaptive_classwise/done_train_dataset.txt.)

[log] finished; full output saved to results/SEA_NET/seanet_spiketrend_adaptive__sea_mstcn_sep_spiketrend__sea_adaptive_classwise/logs/run_2026-08-03_17-13-16.log

############################################################
# MODEL: sv4/seanet_spiketrend_attnmax   (started Mon 03 Aug 2026 05:13:17 PM CEST)
############################################################
[log] command 'run' started at 2026-08-03_17-13-18 for model 'seanet_spiketrend_attnmax__sea_mstcn_sep_spiketrend__sea_attention_max'
[log] a copy of everything below is being saved to: results/SEA_NET/seanet_spiketrend_attnmax__sea_mstcn_sep_spiketrend__sea_attention_max/logs/run_2026-08-03_17-13-18.log

=== run: model=seanet_spiketrend_attnmax__sea_mstcn_sep_spiketrend__sea_attention_max (config sv4/seanet_spiketrend_attnmax) dataset=WebTraffic device=cuda mode=full ===
resolved config:
  model = sv4/seanet_spiketrend_attnmax
  run.mode = single
  run.dataset = WebTraffic
  run.smoke = False
  run.re_train = False
  preprocessing.instance_type = single_point
  preprocessing.window_size = 5
  preprocessing.window_stride = 5
  seed = 0
  device = auto
  output.results_dir = results/SEA_NET
  interpretability.dataset = WebTraffic
  interpretability.n_classes = 3
  interpretability.per_class = 1
  mlflow.enabled = True
  mlflow.experiment_name = SEA-Net
  mlflow.tracking_uri = sqlite:///mlflow.db
  mlflow.log_model_weights = True
  model_config.name = seanet_spiketrend_attnmax
  model_config.use_params = default
  model_config.encoder.type = sea_mstcn_sep_spiketrend
  model_config.encoder.d = 64
  model_config.encoder.n_blocks = 4
  model_config.encoder.dropout = 0.2
  model_config.encoder.max_dilation = 16
  model_config.encoder.kernels = [5, 11, 23]
  model_config.encoder.summary = last
  model_config.encoder.d_spike = 16
  model_config.encoder.smooth_kernel = 5
  model_config.pooling.type = sea_attention_max
  model_config.pooling.d_attn = 8
  model_config.pooling.dropout = 0.2
  model_config.pooling.positional_encoding = True
  model_config.pooling.init_lam = 0.5
  model_config.training.n_epochs = 400
  model_config.training.patience = 60
  model_config.training.max_batch = 16
  model_config.training.learning_rate = 0.00125
  model_config.training.weight_decay = 0.00012
  model_config.training.label_smoothing = 0.13
  model_config.training.lambda_entropy = 0.01
  model_config.training.min_train_for_val = 100
  model_config.training.val_frac = 0.2
  model_config.training.optimizer = adam
  model_config.records.default.metrics.test_acc = 0.854
  model_config.records.default.metrics.test_loss = 0.6368
  model_config.records.default.metrics.test_auroc = 0.9835
  model_config.records.default.metrics.dataset = WebTraffic
  model_config.records.default.metrics.recorded = 2026-07-23 17:26:37
[params] using DEFAULT recipe (no Optuna record yet - run 'python main.py optuna --model sv4/seanet_spiketrend_attnmax').

WebTraffic already done for seanet_spiketrend_attnmax__sea_mstcn_sep_spiketrend__sea_attention_max -> skip
  (set 're_train: true' in configs/main.yaml to train it again, or delete the line
   'WebTraffic' from results/SEA_NET/seanet_spiketrend_attnmax__sea_mstcn_sep_spiketrend__sea_attention_max/done_train_dataset.txt.)

[log] finished; full output saved to results/SEA_NET/seanet_spiketrend_attnmax__sea_mstcn_sep_spiketrend__sea_attention_max/logs/run_2026-08-03_17-13-18.log

############################################################
# MODEL: sv4/seanet_spiketrend_softmax   (started Mon 03 Aug 2026 05:13:19 PM CEST)
############################################################
[log] command 'run' started at 2026-08-03_17-13-20 for model 'seanet_spiketrend_softmax__sea_mstcn_sep_spiketrend__sea_softmax_conjunctive'
[log] a copy of everything below is being saved to: results/SEA_NET/seanet_spiketrend_softmax__sea_mstcn_sep_spiketrend__sea_softmax_conjunctive/logs/run_2026-08-03_17-13-20.log

=== run: model=seanet_spiketrend_softmax__sea_mstcn_sep_spiketrend__sea_softmax_conjunctive (config sv4/seanet_spiketrend_softmax) dataset=WebTraffic device=cuda mode=full ===
resolved config:
  model = sv4/seanet_spiketrend_softmax
  run.mode = single
  run.dataset = WebTraffic
  run.smoke = False
  run.re_train = False
  preprocessing.instance_type = single_point
  preprocessing.window_size = 5
  preprocessing.window_stride = 5
  seed = 0
  device = auto
  output.results_dir = results/SEA_NET
  interpretability.dataset = WebTraffic
  interpretability.n_classes = 3
  interpretability.per_class = 1
  mlflow.enabled = True
  mlflow.experiment_name = SEA-Net
  mlflow.tracking_uri = sqlite:///mlflow.db
  mlflow.log_model_weights = True
  model_config.name = seanet_spiketrend_softmax
  model_config.use_params = default
  model_config.encoder.type = sea_mstcn_sep_spiketrend
  model_config.encoder.d = 64
  model_config.encoder.n_blocks = 4
  model_config.encoder.dropout = 0.2
  model_config.encoder.max_dilation = 16
  model_config.encoder.kernels = [5, 11, 23]
  model_config.encoder.summary = last
  model_config.encoder.d_spike = 16
  model_config.encoder.smooth_kernel = 5
  model_config.pooling.type = sea_softmax_conjunctive
  model_config.pooling.d_attn = 8
  model_config.pooling.dropout = 0.2
  model_config.pooling.positional_encoding = True
  model_config.pooling.temperature = 1.0
  model_config.training.n_epochs = 400
  model_config.training.patience = 60
  model_config.training.max_batch = 16
  model_config.training.learning_rate = 0.00125
  model_config.training.weight_decay = 0.00012
  model_config.training.label_smoothing = 0.13
  model_config.training.lambda_entropy = 0.01
  model_config.training.min_train_for_val = 100
  model_config.training.val_frac = 0.2
  model_config.training.optimizer = adam
  model_config.records.default.metrics.test_acc = 0.878
  model_config.records.default.metrics.test_loss = 0.4883
  model_config.records.default.metrics.test_auroc = 0.9857
  model_config.records.default.metrics.dataset = WebTraffic
  model_config.records.default.metrics.recorded = 2026-07-23 17:28:00
[params] using DEFAULT recipe (no Optuna record yet - run 'python main.py optuna --model sv4/seanet_spiketrend_softmax').

WebTraffic already done for seanet_spiketrend_softmax__sea_mstcn_sep_spiketrend__sea_softmax_conjunctive -> skip
  (set 're_train: true' in configs/main.yaml to train it again, or delete the line
   'WebTraffic' from results/SEA_NET/seanet_spiketrend_softmax__sea_mstcn_sep_spiketrend__sea_softmax_conjunctive/done_train_dataset.txt.)

[log] finished; full output saved to results/SEA_NET/seanet_spiketrend_softmax__sea_mstcn_sep_spiketrend__sea_softmax_conjunctive/logs/run_2026-08-03_17-13-20.log

############################################################
# MODEL: sv4/seanet_spiketrend_topk   (started Mon 03 Aug 2026 05:13:21 PM CEST)
############################################################
[log] command 'run' started at 2026-08-03_17-13-22 for model 'seanet_spiketrend_topk__sea_mstcn_sep_spiketrend__sea_topk_conjunctive'
[log] a copy of everything below is being saved to: results/SEA_NET/seanet_spiketrend_topk__sea_mstcn_sep_spiketrend__sea_topk_conjunctive/logs/run_2026-08-03_17-13-22.log

=== run: model=seanet_spiketrend_topk__sea_mstcn_sep_spiketrend__sea_topk_conjunctive (config sv4/seanet_spiketrend_topk) dataset=WebTraffic device=cuda mode=full ===
resolved config:
  model = sv4/seanet_spiketrend_topk
  run.mode = single
  run.dataset = WebTraffic
  run.smoke = False
  run.re_train = False
  preprocessing.instance_type = single_point
  preprocessing.window_size = 5
  preprocessing.window_stride = 5
  seed = 0
  device = auto
  output.results_dir = results/SEA_NET
  interpretability.dataset = WebTraffic
  interpretability.n_classes = 3
  interpretability.per_class = 1
  mlflow.enabled = True
  mlflow.experiment_name = SEA-Net
  mlflow.tracking_uri = sqlite:///mlflow.db
  mlflow.log_model_weights = True
  model_config.name = seanet_spiketrend_topk
  model_config.use_params = default
  model_config.encoder.type = sea_mstcn_sep_spiketrend
  model_config.encoder.d = 64
  model_config.encoder.n_blocks = 4
  model_config.encoder.dropout = 0.2
  model_config.encoder.max_dilation = 16
  model_config.encoder.kernels = [5, 11, 23]
  model_config.encoder.summary = last
  model_config.encoder.d_spike = 16
  model_config.encoder.smooth_kernel = 5
  model_config.pooling.type = sea_topk_conjunctive
  model_config.pooling.d_attn = 8
  model_config.pooling.dropout = 0.2
  model_config.pooling.positional_encoding = True
  model_config.pooling.top_frac = 0.1
  model_config.training.n_epochs = 400
  model_config.training.patience = 60
  model_config.training.max_batch = 16
  model_config.training.learning_rate = 0.00125
  model_config.training.weight_decay = 0.00012
  model_config.training.label_smoothing = 0.13
  model_config.training.lambda_entropy = 0.01
  model_config.training.min_train_for_val = 100
  model_config.training.val_frac = 0.2
  model_config.training.optimizer = adam
  model_config.records.default.metrics.test_acc = 0.95
  model_config.records.default.metrics.test_loss = 0.2877
  model_config.records.default.metrics.test_auroc = 0.9971
  model_config.records.default.metrics.dataset = WebTraffic
  model_config.records.default.metrics.recorded = 2026-07-23 17:29:40
[params] using DEFAULT recipe (no Optuna record yet - run 'python main.py optuna --model sv4/seanet_spiketrend_topk').

WebTraffic already done for seanet_spiketrend_topk__sea_mstcn_sep_spiketrend__sea_topk_conjunctive -> skip
  (set 're_train: true' in configs/main.yaml to train it again, or delete the line
   'WebTraffic' from results/SEA_NET/seanet_spiketrend_topk__sea_mstcn_sep_spiketrend__sea_topk_conjunctive/done_train_dataset.txt.)

[log] finished; full output saved to results/SEA_NET/seanet_spiketrend_topk__sea_mstcn_sep_spiketrend__sea_topk_conjunctive/logs/run_2026-08-03_17-13-22.log

############################################################
# MODEL: sv4/seanet_spiketrend   (started Mon 03 Aug 2026 05:13:23 PM CEST)
############################################################
[log] command 'run' started at 2026-08-03_17-13-24 for model 'seanet_spiketrend__sea_mstcn_sep_spiketrend__sea_classwise_conjunctive'
[log] a copy of everything below is being saved to: results/SEA_NET/seanet_spiketrend__sea_mstcn_sep_spiketrend__sea_classwise_conjunctive/logs/run_2026-08-03_17-13-24.log

=== run: model=seanet_spiketrend__sea_mstcn_sep_spiketrend__sea_classwise_conjunctive (config sv4/seanet_spiketrend) dataset=WebTraffic device=cuda mode=full ===
resolved config:
  model = sv4/seanet_spiketrend
  run.mode = single
  run.dataset = WebTraffic
  run.smoke = False
  run.re_train = False
  preprocessing.instance_type = single_point
  preprocessing.window_size = 5
  preprocessing.window_stride = 5
  seed = 0
  device = auto
  output.results_dir = results/SEA_NET
  interpretability.dataset = WebTraffic
  interpretability.n_classes = 3
  interpretability.per_class = 1
  mlflow.enabled = True
  mlflow.experiment_name = SEA-Net
  mlflow.tracking_uri = sqlite:///mlflow.db
  mlflow.log_model_weights = True
  model_config.name = seanet_spiketrend
  model_config.use_params = default
  model_config.encoder.type = sea_mstcn_sep_spiketrend
  model_config.encoder.d = 64
  model_config.encoder.n_blocks = 4
  model_config.encoder.dropout = 0.2
  model_config.encoder.max_dilation = 16
  model_config.encoder.kernels = [5, 11, 23]
  model_config.encoder.summary = last
  model_config.encoder.d_spike = 16
  model_config.encoder.smooth_kernel = 5
  model_config.pooling.type = sea_classwise_conjunctive
  model_config.pooling.d_attn = 8
  model_config.pooling.dropout = 0.2
  model_config.pooling.positional_encoding = True
  model_config.training.n_epochs = 400
  model_config.training.patience = 60
  model_config.training.max_batch = 16
  model_config.training.learning_rate = 0.00125
  model_config.training.weight_decay = 0.00012
  model_config.training.label_smoothing = 0.13
  model_config.training.lambda_entropy = 0.01
  model_config.training.min_train_for_val = 100
  model_config.training.val_frac = 0.2
  model_config.training.optimizer = adam
  model_config.optuna.enabled = True
  model_config.optuna.n_trials = 30
  model_config.optuna.timeout = None
  model_config.optuna.sampler = tpe
  model_config.optuna.pruner = median
  model_config.optuna.save_best_parameters = True
  model_config.optuna.search_space.training.learning_rate.type = float
  model_config.optuna.search_space.training.learning_rate.low = 0.0003
  model_config.optuna.search_space.training.learning_rate.high = 0.005
  model_config.optuna.search_space.training.learning_rate.log = True
  model_config.optuna.search_space.training.weight_decay.type = float
  model_config.optuna.search_space.training.weight_decay.low = 1e-05
  model_config.optuna.search_space.training.weight_decay.high = 0.0005
  model_config.optuna.search_space.training.weight_decay.log = True
  model_config.optuna.search_space.training.label_smoothing.type = float
  model_config.optuna.search_space.training.label_smoothing.low = 0.0
  model_config.optuna.search_space.training.label_smoothing.high = 0.2
  model_config.optuna.search_space.training.lambda_entropy.type = float
  model_config.optuna.search_space.training.lambda_entropy.low = 0.0
  model_config.optuna.search_space.training.lambda_entropy.high = 0.05
  model_config.optuna.search_space.training.max_batch.type = categorical
  model_config.optuna.search_space.training.max_batch.choices = [8, 16, 32]
  model_config.optuna.search_space.encoder.d.type = categorical
  model_config.optuna.search_space.encoder.d.choices = [32, 64]
  model_config.optuna.search_space.encoder.n_blocks.type = int
  model_config.optuna.search_space.encoder.n_blocks.low = 3
  model_config.optuna.search_space.encoder.n_blocks.high = 6
  model_config.optuna.search_space.encoder.dropout.type = float
  model_config.optuna.search_space.encoder.dropout.low = 0.1
  model_config.optuna.search_space.encoder.dropout.high = 0.4
  model_config.optuna.search_space.encoder.max_dilation.type = categorical
  model_config.optuna.search_space.encoder.max_dilation.choices = [8, 16, 32]
  model_config.optuna.search_space.encoder.summary.type = categorical
  model_config.optuna.search_space.encoder.summary.choices = ['max', 'mean', 'last']
  model_config.optuna.search_space.encoder.d_spike.type = categorical
  model_config.optuna.search_space.encoder.d_spike.choices = [8, 16, 32]
  model_config.optuna.search_space.encoder.smooth_kernel.type = categorical
  model_config.optuna.search_space.encoder.smooth_kernel.choices = [3, 5, 9]
  model_config.optuna.search_space.pooling.d_attn.type = categorical
  model_config.optuna.search_space.pooling.d_attn.choices = [4, 8, 16, 32]
  model_config.optuna.search_space.pooling.dropout.type = float
  model_config.optuna.search_space.pooling.dropout.low = 0.1
  model_config.optuna.search_space.pooling.dropout.high = 0.4
  model_config.records.default.metrics.test_acc = 0.904
  model_config.records.default.metrics.test_loss = 0.3954
  model_config.records.default.metrics.test_auroc = 0.9954
  model_config.records.default.metrics.dataset = WebTraffic
  model_config.records.default.metrics.recorded = 2026-07-22 18:01:09
[params] using DEFAULT recipe (no Optuna record yet - run 'python main.py optuna --model sv4/seanet_spiketrend').

WebTraffic already done for seanet_spiketrend__sea_mstcn_sep_spiketrend__sea_classwise_conjunctive -> skip
  (set 're_train: true' in configs/main.yaml to train it again, or delete the line
   'WebTraffic' from results/SEA_NET/seanet_spiketrend__sea_mstcn_sep_spiketrend__sea_classwise_conjunctive/done_train_dataset.txt.)

[log] finished; full output saved to results/SEA_NET/seanet_spiketrend__sea_mstcn_sep_spiketrend__sea_classwise_conjunctive/logs/run_2026-08-03_17-13-24.log

############################################################
# MODEL: sv5/seanet_bottleneck_dualstream   (started Mon 03 Aug 2026 05:13:25 PM CEST)
############################################################
[log] command 'run' started at 2026-08-03_17-13-26 for model 'seanet_bottleneck_dualstream__sea_mstcn_sep_bottleneck__sea_dualstream_conjunctive'
[log] a copy of everything below is being saved to: results/SEA_NET/seanet_bottleneck_dualstream__sea_mstcn_sep_bottleneck__sea_dualstream_conjunctive/logs/run_2026-08-03_17-13-26.log

=== run: model=seanet_bottleneck_dualstream__sea_mstcn_sep_bottleneck__sea_dualstream_conjunctive (config sv5/seanet_bottleneck_dualstream) dataset=WebTraffic device=cuda mode=full ===
resolved config:
  model = sv5/seanet_bottleneck_dualstream
  run.mode = single
  run.dataset = WebTraffic
  run.smoke = False
  run.re_train = False
  preprocessing.instance_type = single_point
  preprocessing.window_size = 5
  preprocessing.window_stride = 5
  seed = 0
  device = auto
  output.results_dir = results/SEA_NET
  interpretability.dataset = WebTraffic
  interpretability.n_classes = 3
  interpretability.per_class = 1
  mlflow.enabled = True
  mlflow.experiment_name = SEA-Net
  mlflow.tracking_uri = sqlite:///mlflow.db
  mlflow.log_model_weights = True
  model_config.name = seanet_bottleneck_dualstream
  model_config.use_params = default
  model_config.encoder.type = sea_mstcn_sep_bottleneck
  model_config.encoder.d = 64
  model_config.encoder.n_blocks = 4
  model_config.encoder.dropout = 0.2
  model_config.encoder.max_dilation = 16
  model_config.encoder.kernels = [5, 11, 23]
  model_config.encoder.bottleneck_ratio = 4
  model_config.pooling.type = sea_dualstream_conjunctive
  model_config.pooling.d_attn = 8
  model_config.pooling.init_lam = 0.05
  model_config.pooling.dropout = 0.2
  model_config.pooling.positional_encoding = True
  model_config.training.n_epochs = 400
  model_config.training.patience = 60
  model_config.training.max_batch = 16
  model_config.training.learning_rate = 0.00125
  model_config.training.weight_decay = 0.00012
  model_config.training.label_smoothing = 0.13
  model_config.training.lambda_entropy = 0.01
  model_config.training.min_train_for_val = 100
  model_config.training.val_frac = 0.2
  model_config.training.optimizer = adam
  model_config.records.default.metrics.test_acc = 0.824
  model_config.records.default.metrics.test_loss = 0.638
  model_config.records.default.metrics.test_auroc = 0.9805
  model_config.records.default.metrics.dataset = WebTraffic
  model_config.records.default.metrics.recorded = 2026-07-25 02:08:50
[params] using DEFAULT recipe (no Optuna record yet - run 'python main.py optuna --model sv5/seanet_bottleneck_dualstream').

WebTraffic already done for seanet_bottleneck_dualstream__sea_mstcn_sep_bottleneck__sea_dualstream_conjunctive -> skip
  (set 're_train: true' in configs/main.yaml to train it again, or delete the line
   'WebTraffic' from results/SEA_NET/seanet_bottleneck_dualstream__sea_mstcn_sep_bottleneck__sea_dualstream_conjunctive/done_train_dataset.txt.)

[log] finished; full output saved to results/SEA_NET/seanet_bottleneck_dualstream__sea_mstcn_sep_bottleneck__sea_dualstream_conjunctive/logs/run_2026-08-03_17-13-26.log

############################################################
# MODEL: sv5/seanet_bottleneck_gatedattn   (started Mon 03 Aug 2026 05:13:27 PM CEST)
############################################################
[log] command 'run' started at 2026-08-03_17-13-28 for model 'seanet_bottleneck_gatedattn__sea_mstcn_sep_bottleneck__sea_gated_attention'
[log] a copy of everything below is being saved to: results/SEA_NET/seanet_bottleneck_gatedattn__sea_mstcn_sep_bottleneck__sea_gated_attention/logs/run_2026-08-03_17-13-28.log

=== run: model=seanet_bottleneck_gatedattn__sea_mstcn_sep_bottleneck__sea_gated_attention (config sv5/seanet_bottleneck_gatedattn) dataset=WebTraffic device=cuda mode=full ===
resolved config:
  model = sv5/seanet_bottleneck_gatedattn
  run.mode = single
  run.dataset = WebTraffic
  run.smoke = False
  run.re_train = False
  preprocessing.instance_type = single_point
  preprocessing.window_size = 5
  preprocessing.window_stride = 5
  seed = 0
  device = auto
  output.results_dir = results/SEA_NET
  interpretability.dataset = WebTraffic
  interpretability.n_classes = 3
  interpretability.per_class = 1
  mlflow.enabled = True
  mlflow.experiment_name = SEA-Net
  mlflow.tracking_uri = sqlite:///mlflow.db
  mlflow.log_model_weights = True
  model_config.name = seanet_bottleneck_gatedattn
  model_config.use_params = default
  model_config.encoder.type = sea_mstcn_sep_bottleneck
  model_config.encoder.d = 64
  model_config.encoder.n_blocks = 4
  model_config.encoder.dropout = 0.2
  model_config.encoder.max_dilation = 16
  model_config.encoder.kernels = [5, 11, 23]
  model_config.encoder.bottleneck_ratio = 4
  model_config.pooling.type = sea_gated_attention
  model_config.pooling.d_attn = 8
  model_config.pooling.dropout = 0.2
  model_config.pooling.positional_encoding = True
  model_config.training.n_epochs = 400
  model_config.training.patience = 60
  model_config.training.max_batch = 16
  model_config.training.learning_rate = 0.00125
  model_config.training.weight_decay = 0.00012
  model_config.training.label_smoothing = 0.13
  model_config.training.lambda_entropy = 0.01
  model_config.training.min_train_for_val = 100
  model_config.training.val_frac = 0.2
  model_config.training.optimizer = adam
  model_config.records.default.metrics.test_acc = 0.93
  model_config.records.default.metrics.test_loss = 0.3131
  model_config.records.default.metrics.test_auroc = 0.9944
  model_config.records.default.metrics.dataset = WebTraffic
  model_config.records.default.metrics.recorded = 2026-07-25 02:09:37
[params] using DEFAULT recipe (no Optuna record yet - run 'python main.py optuna --model sv5/seanet_bottleneck_gatedattn').

WebTraffic already done for seanet_bottleneck_gatedattn__sea_mstcn_sep_bottleneck__sea_gated_attention -> skip
  (set 're_train: true' in configs/main.yaml to train it again, or delete the line
   'WebTraffic' from results/SEA_NET/seanet_bottleneck_gatedattn__sea_mstcn_sep_bottleneck__sea_gated_attention/done_train_dataset.txt.)

[log] finished; full output saved to results/SEA_NET/seanet_bottleneck_gatedattn__sea_mstcn_sep_bottleneck__sea_gated_attention/logs/run_2026-08-03_17-13-28.log

############################################################
# MODEL: sv5/seanet_gated_last_dualstream   (started Mon 03 Aug 2026 05:13:29 PM CEST)
############################################################
[log] command 'run' started at 2026-08-03_17-13-30 for model 'seanet_gated_last_dualstream__sea_mstcn_sep_gated__sea_dualstream_conjunctive'
[log] a copy of everything below is being saved to: results/SEA_NET/seanet_gated_last_dualstream__sea_mstcn_sep_gated__sea_dualstream_conjunctive/logs/run_2026-08-03_17-13-30.log

=== run: model=seanet_gated_last_dualstream__sea_mstcn_sep_gated__sea_dualstream_conjunctive (config sv5/seanet_gated_last_dualstream) dataset=WebTraffic device=cuda mode=full ===
resolved config:
  model = sv5/seanet_gated_last_dualstream
  run.mode = single
  run.dataset = WebTraffic
  run.smoke = False
  run.re_train = False
  preprocessing.instance_type = single_point
  preprocessing.window_size = 5
  preprocessing.window_stride = 5
  seed = 0
  device = auto
  output.results_dir = results/SEA_NET
  interpretability.dataset = WebTraffic
  interpretability.n_classes = 3
  interpretability.per_class = 1
  mlflow.enabled = True
  mlflow.experiment_name = SEA-Net
  mlflow.tracking_uri = sqlite:///mlflow.db
  mlflow.log_model_weights = True
  model_config.name = seanet_gated_last_dualstream
  model_config.use_params = default
  model_config.encoder.type = sea_mstcn_sep_gated
  model_config.encoder.d = 64
  model_config.encoder.n_blocks = 4
  model_config.encoder.dropout = 0.2
  model_config.encoder.max_dilation = 16
  model_config.encoder.kernels = [5, 11, 23]
  model_config.encoder.summary = last
  model_config.pooling.type = sea_dualstream_conjunctive
  model_config.pooling.d_attn = 8
  model_config.pooling.init_lam = 0.05
  model_config.pooling.dropout = 0.2
  model_config.pooling.positional_encoding = True
  model_config.training.n_epochs = 400
  model_config.training.patience = 60
  model_config.training.max_batch = 16
  model_config.training.learning_rate = 0.00125
  model_config.training.weight_decay = 0.00012
  model_config.training.label_smoothing = 0.13
  model_config.training.lambda_entropy = 0.01
  model_config.training.min_train_for_val = 100
  model_config.training.val_frac = 0.2
  model_config.training.optimizer = adam
  model_config.records.default.metrics.test_acc = 0.736
  model_config.records.default.metrics.test_loss = 0.8037
  model_config.records.default.metrics.test_auroc = 0.9617
  model_config.records.default.metrics.dataset = WebTraffic
  model_config.records.default.metrics.recorded = 2026-07-25 02:10:37
[params] using DEFAULT recipe (no Optuna record yet - run 'python main.py optuna --model sv5/seanet_gated_last_dualstream').

WebTraffic already done for seanet_gated_last_dualstream__sea_mstcn_sep_gated__sea_dualstream_conjunctive -> skip
  (set 're_train: true' in configs/main.yaml to train it again, or delete the line
   'WebTraffic' from results/SEA_NET/seanet_gated_last_dualstream__sea_mstcn_sep_gated__sea_dualstream_conjunctive/done_train_dataset.txt.)

[log] finished; full output saved to results/SEA_NET/seanet_gated_last_dualstream__sea_mstcn_sep_gated__sea_dualstream_conjunctive/logs/run_2026-08-03_17-13-30.log

############################################################
# MODEL: sv5/seanet_gated_last_gatedattn   (started Mon 03 Aug 2026 05:13:31 PM CEST)
############################################################
[log] command 'run' started at 2026-08-03_17-13-32 for model 'seanet_gated_last_gatedattn__sea_mstcn_sep_gated__sea_gated_attention'
[log] a copy of everything below is being saved to: results/SEA_NET/seanet_gated_last_gatedattn__sea_mstcn_sep_gated__sea_gated_attention/logs/run_2026-08-03_17-13-32.log

=== run: model=seanet_gated_last_gatedattn__sea_mstcn_sep_gated__sea_gated_attention (config sv5/seanet_gated_last_gatedattn) dataset=WebTraffic device=cuda mode=full ===
resolved config:
  model = sv5/seanet_gated_last_gatedattn
  run.mode = single
  run.dataset = WebTraffic
  run.smoke = False
  run.re_train = False
  preprocessing.instance_type = single_point
  preprocessing.window_size = 5
  preprocessing.window_stride = 5
  seed = 0
  device = auto
  output.results_dir = results/SEA_NET
  interpretability.dataset = WebTraffic
  interpretability.n_classes = 3
  interpretability.per_class = 1
  mlflow.enabled = True
  mlflow.experiment_name = SEA-Net
  mlflow.tracking_uri = sqlite:///mlflow.db
  mlflow.log_model_weights = True
  model_config.name = seanet_gated_last_gatedattn
  model_config.use_params = default
  model_config.encoder.type = sea_mstcn_sep_gated
  model_config.encoder.d = 64
  model_config.encoder.n_blocks = 4
  model_config.encoder.dropout = 0.2
  model_config.encoder.max_dilation = 16
  model_config.encoder.kernels = [5, 11, 23]
  model_config.encoder.summary = last
  model_config.pooling.type = sea_gated_attention
  model_config.pooling.d_attn = 8
  model_config.pooling.dropout = 0.2
  model_config.pooling.positional_encoding = True
  model_config.training.n_epochs = 400
  model_config.training.patience = 60
  model_config.training.max_batch = 16
  model_config.training.learning_rate = 0.00125
  model_config.training.weight_decay = 0.00012
  model_config.training.label_smoothing = 0.13
  model_config.training.lambda_entropy = 0.01
  model_config.training.min_train_for_val = 100
  model_config.training.val_frac = 0.2
  model_config.training.optimizer = adam
  model_config.records.default.metrics.test_acc = 0.918
  model_config.records.default.metrics.test_loss = 0.3653
  model_config.records.default.metrics.test_auroc = 0.9936
  model_config.records.default.metrics.dataset = WebTraffic
  model_config.records.default.metrics.recorded = 2026-07-25 02:11:40
[params] using DEFAULT recipe (no Optuna record yet - run 'python main.py optuna --model sv5/seanet_gated_last_gatedattn').

WebTraffic already done for seanet_gated_last_gatedattn__sea_mstcn_sep_gated__sea_gated_attention -> skip
  (set 're_train: true' in configs/main.yaml to train it again, or delete the line
   'WebTraffic' from results/SEA_NET/seanet_gated_last_gatedattn__sea_mstcn_sep_gated__sea_gated_attention/done_train_dataset.txt.)

[log] finished; full output saved to results/SEA_NET/seanet_gated_last_gatedattn__sea_mstcn_sep_gated__sea_gated_attention/logs/run_2026-08-03_17-13-32.log

############################################################
# MODEL: sv5/seanet_slim_dualstream   (started Mon 03 Aug 2026 05:13:33 PM CEST)
############################################################
[log] command 'run' started at 2026-08-03_17-13-34 for model 'seanet_slim_dualstream__sea_mstcn_sep__sea_dualstream_conjunctive'
[log] a copy of everything below is being saved to: results/SEA_NET/seanet_slim_dualstream__sea_mstcn_sep__sea_dualstream_conjunctive/logs/run_2026-08-03_17-13-34.log

=== run: model=seanet_slim_dualstream__sea_mstcn_sep__sea_dualstream_conjunctive (config sv5/seanet_slim_dualstream) dataset=WebTraffic device=cuda mode=full ===
resolved config:
  model = sv5/seanet_slim_dualstream
  run.mode = single
  run.dataset = WebTraffic
  run.smoke = False
  run.re_train = False
  preprocessing.instance_type = single_point
  preprocessing.window_size = 5
  preprocessing.window_stride = 5
  seed = 0
  device = auto
  output.results_dir = results/SEA_NET
  interpretability.dataset = WebTraffic
  interpretability.n_classes = 3
  interpretability.per_class = 1
  mlflow.enabled = True
  mlflow.experiment_name = SEA-Net
  mlflow.tracking_uri = sqlite:///mlflow.db
  mlflow.log_model_weights = True
  model_config.name = seanet_slim_dualstream
  model_config.use_params = default
  model_config.encoder.type = sea_mstcn_sep
  model_config.encoder.d = 64
  model_config.encoder.n_blocks = 4
  model_config.encoder.dropout = 0.2
  model_config.encoder.max_dilation = 16
  model_config.encoder.kernels = [5, 11, 23]
  model_config.pooling.type = sea_dualstream_conjunctive
  model_config.pooling.d_attn = 8
  model_config.pooling.init_lam = 0.05
  model_config.pooling.dropout = 0.2
  model_config.pooling.positional_encoding = True
  model_config.training.n_epochs = 400
  model_config.training.patience = 60
  model_config.training.max_batch = 16
  model_config.training.learning_rate = 0.00125
  model_config.training.weight_decay = 0.00012
  model_config.training.label_smoothing = 0.13
  model_config.training.lambda_entropy = 0.01
  model_config.training.min_train_for_val = 100
  model_config.training.val_frac = 0.2
  model_config.training.optimizer = adam
  model_config.records.default.metrics.test_acc = 0.86
  model_config.records.default.metrics.test_loss = 0.498
  model_config.records.default.metrics.test_auroc = 0.9888
  model_config.records.default.metrics.dataset = WebTraffic
  model_config.records.default.metrics.recorded = 2026-07-25 02:12:48
[params] using DEFAULT recipe (no Optuna record yet - run 'python main.py optuna --model sv5/seanet_slim_dualstream').

WebTraffic already done for seanet_slim_dualstream__sea_mstcn_sep__sea_dualstream_conjunctive -> skip
  (set 're_train: true' in configs/main.yaml to train it again, or delete the line
   'WebTraffic' from results/SEA_NET/seanet_slim_dualstream__sea_mstcn_sep__sea_dualstream_conjunctive/done_train_dataset.txt.)

[log] finished; full output saved to results/SEA_NET/seanet_slim_dualstream__sea_mstcn_sep__sea_dualstream_conjunctive/logs/run_2026-08-03_17-13-34.log

############################################################
# MODEL: sv5/seanet_slim_gatedattn   (started Mon 03 Aug 2026 05:13:35 PM CEST)
############################################################
2026/08/03 17:13:44 INFO mlflow.tracking.fluent: Experiment with name 'SEA-Net_seanet_slim_gatedattn__sea_mstcn_sep__sea_gated_attention_2026-08-03' does not exist. Creating a new experiment.
[log] command 'run' started at 2026-08-03_17-13-37 for model 'seanet_slim_gatedattn__sea_mstcn_sep__sea_gated_attention'
[log] a copy of everything below is being saved to: results/SEA_NET/seanet_slim_gatedattn__sea_mstcn_sep__sea_gated_attention/logs/run_2026-08-03_17-13-37.log

=== run: model=seanet_slim_gatedattn__sea_mstcn_sep__sea_gated_attention (config sv5/seanet_slim_gatedattn) dataset=WebTraffic device=cuda mode=full ===
resolved config:
  model = sv5/seanet_slim_gatedattn
  run.mode = single
  run.dataset = WebTraffic
  run.smoke = False
  run.re_train = False
  preprocessing.instance_type = single_point
  preprocessing.window_size = 5
  preprocessing.window_stride = 5
  seed = 0
  device = auto
  output.results_dir = results/SEA_NET
  interpretability.dataset = WebTraffic
  interpretability.n_classes = 3
  interpretability.per_class = 1
  mlflow.enabled = True
  mlflow.experiment_name = SEA-Net
  mlflow.tracking_uri = sqlite:///mlflow.db
  mlflow.log_model_weights = True
  model_config.name = seanet_slim_gatedattn
  model_config.use_params = default
  model_config.encoder.type = sea_mstcn_sep
  model_config.encoder.d = 64
  model_config.encoder.n_blocks = 4
  model_config.encoder.dropout = 0.2
  model_config.encoder.max_dilation = 16
  model_config.encoder.kernels = [5, 11, 23]
  model_config.pooling.type = sea_gated_attention
  model_config.pooling.d_attn = 8
  model_config.pooling.dropout = 0.2
  model_config.pooling.positional_encoding = True
  model_config.training.n_epochs = 400
  model_config.training.patience = 60
  model_config.training.max_batch = 16
  model_config.training.learning_rate = 0.00125
  model_config.training.weight_decay = 0.00012
  model_config.training.label_smoothing = 0.13
  model_config.training.lambda_entropy = 0.01
  model_config.training.min_train_for_val = 100
  model_config.training.val_frac = 0.2
  model_config.training.optimizer = adam
  model_config.records.default.metrics.test_acc = 0.888
  model_config.records.default.metrics.test_loss = 0.4263
  model_config.records.default.metrics.test_auroc = 0.9893
  model_config.records.default.metrics.dataset = WebTraffic
  model_config.records.default.metrics.recorded = 2026-07-25 02:13:22
[params] using DEFAULT recipe (no Optuna record yet - run 'python main.py optuna --model sv5/seanet_slim_gatedattn').
  [mlflow] logging runs to experiment 'SEA-Net_seanet_slim_gatedattn__sea_mstcn_sep__sea_gated_attention_2026-08-03' at sqlite:///mlflow.db
  [mlflow] browse later with:  mlflow ui --backend-store-uri sqlite:///mlflow.db
    stage 1/3: loading data ...
    stage 2/3: training on 400 series (val=100, C=10, T=1008, batch=16) ...
    training:   0%|          | 0/400 [00:00<?, ?it/s]    training:   0%|          | 0/400 [00:03<?, ?it/s, loss=2.3715 best=2.3715 patience=0/60]    training:   0%|          | 1/400 [00:03<23:52,  3.59s/it, loss=2.3715 best=2.3715 patience=0/60]    training:   0%|          | 1/400 [00:03<23:52,  3.59s/it, loss=2.1453 best=2.1453 patience=0/60]    training:   0%|          | 2/400 [00:03<10:29,  1.58s/it, loss=2.1453 best=2.1453 patience=0/60]    training:   0%|          | 2/400 [00:03<10:29,  1.58s/it, loss=2.1349 best=2.1349 patience=0/60]    training:   1%|          | 3/400 [00:03<06:13,  1.06it/s, loss=2.1349 best=2.1349 patience=0/60]    training:   1%|          | 3/400 [00:04<06:13,  1.06it/s, loss=1.9007 best=1.9007 patience=0/60]    training:   1%|          | 4/400 [00:04<04:12,  1.57it/s, loss=1.9007 best=1.9007 patience=0/60]    training:   1%|          | 4/400 [00:04<04:12,  1.57it/s, loss=1.7848 best=1.7848 patience=0/60]    training:   1%|▏         | 5/400 [00:04<03:06,  2.12it/s, loss=1.7848 best=1.7848 patience=0/60]    training:   1%|▏         | 5/400 [00:04<03:06,  2.12it/s, loss=1.8143 best=1.7848 patience=1/60]    training:   2%|▏         | 6/400 [00:04<02:25,  2.71it/s, loss=1.8143 best=1.7848 patience=1/60]    training:   2%|▏         | 6/400 [00:04<02:25,  2.71it/s, loss=1.7683 best=1.7683 patience=0/60]    training:   2%|▏         | 7/400 [00:04<02:00,  3.27it/s, loss=1.7683 best=1.7683 patience=0/60]    training:   2%|▏         | 7/400 [00:04<02:00,  3.27it/s, loss=1.7218 best=1.7218 patience=0/60]    training:   2%|▏         | 8/400 [00:04<01:43,  3.78it/s, loss=1.7218 best=1.7218 patience=0/60]    training:   2%|▏         | 8/400 [00:04<01:43,  3.78it/s, loss=1.7245 best=1.7218 patience=1/60]    training:   2%|▏         | 9/400 [00:04<01:32,  4.25it/s, loss=1.7245 best=1.7218 patience=1/60]    training:   2%|▏         | 9/400 [00:05<01:32,  4.25it/s, loss=1.6954 best=1.6954 patience=0/60]    training:   2%|▎         | 10/400 [00:05<01:24,  4.61it/s, loss=1.6954 best=1.6954 patience=0/60]    training:   2%|▎         | 10/400 [00:05<01:24,  4.61it/s, loss=1.6336 best=1.6336 patience=0/60]    training:   3%|▎         | 11/400 [00:05<01:19,  4.89it/s, loss=1.6336 best=1.6336 patience=0/60]    training:   3%|▎         | 11/400 [00:05<01:19,  4.89it/s, loss=1.6221 best=1.6221 patience=0/60]    training:   3%|▎         | 12/400 [00:05<01:15,  5.11it/s, loss=1.6221 best=1.6221 patience=0/60]    training:   3%|▎         | 12/400 [00:05<01:15,  5.11it/s, loss=1.6110 best=1.6110 patience=0/60]    training:   3%|▎         | 13/400 [00:05<01:13,  5.28it/s, loss=1.6110 best=1.6110 patience=0/60]    training:   3%|▎         | 13/400 [00:05<01:13,  5.28it/s, loss=1.4830 best=1.4830 patience=0/60]    training:   4%|▎         | 14/400 [00:05<01:11,  5.39it/s, loss=1.4830 best=1.4830 patience=0/60]    training:   4%|▎         | 14/400 [00:06<01:11,  5.39it/s, loss=1.6610 best=1.4830 patience=1/60]    training:   4%|▍         | 15/400 [00:06<01:09,  5.52it/s, loss=1.6610 best=1.4830 patience=1/60]    training:   4%|▍         | 15/400 [00:06<01:09,  5.52it/s, loss=1.4984 best=1.4830 patience=2/60]    training:   4%|▍         | 16/400 [00:06<01:08,  5.61it/s, loss=1.4984 best=1.4830 patience=2/60]    training:   4%|▍         | 16/400 [00:06<01:08,  5.61it/s, loss=1.5575 best=1.4830 patience=3/60]    training:   4%|▍         | 17/400 [00:06<01:07,  5.67it/s, loss=1.5575 best=1.4830 patience=3/60]    training:   4%|▍         | 17/400 [00:06<01:07,  5.67it/s, loss=1.3900 best=1.3900 patience=0/60]    training:   4%|▍         | 18/400 [00:06<01:07,  5.64it/s, loss=1.3900 best=1.3900 patience=0/60]    training:   4%|▍         | 18/400 [00:06<01:07,  5.64it/s, loss=1.3893 best=1.3893 patience=0/60]    training:   5%|▍         | 19/400 [00:06<01:07,  5.65it/s, loss=1.3893 best=1.3893 patience=0/60]    training:   5%|▍         | 19/400 [00:06<01:07,  5.65it/s, loss=1.4126 best=1.3893 patience=1/60]    training:   5%|▌         | 20/400 [00:06<01:06,  5.70it/s, loss=1.4126 best=1.3893 patience=1/60]    training:   5%|▌         | 20/400 [00:07<01:06,  5.70it/s, loss=1.3249 best=1.3249 patience=0/60]    training:   5%|▌         | 21/400 [00:07<01:06,  5.70it/s, loss=1.3249 best=1.3249 patience=0/60]    training:   5%|▌         | 21/400 [00:07<01:06,  5.70it/s, loss=1.4741 best=1.3249 patience=1/60]    training:   6%|▌         | 22/400 [00:07<01:06,  5.72it/s, loss=1.4741 best=1.3249 patience=1/60]    training:   6%|▌         | 22/400 [00:07<01:06,  5.72it/s, loss=1.2866 best=1.2866 patience=0/60]    training:   6%|▌         | 23/400 [00:07<01:06,  5.70it/s, loss=1.2866 best=1.2866 patience=0/60]    training:   6%|▌         | 23/400 [00:07<01:06,  5.70it/s, loss=1.3452 best=1.2866 patience=1/60]    training:   6%|▌         | 24/400 [00:07<01:05,  5.74it/s, loss=1.3452 best=1.2866 patience=1/60]    training:   6%|▌         | 24/400 [00:07<01:05,  5.74it/s, loss=1.3876 best=1.2866 patience=2/60]    training:   6%|▋         | 25/400 [00:07<01:05,  5.76it/s, loss=1.3876 best=1.2866 patience=2/60]    training:   6%|▋         | 25/400 [00:07<01:05,  5.76it/s, loss=1.1344 best=1.1344 patience=0/60]    training:   6%|▋         | 26/400 [00:07<01:05,  5.74it/s, loss=1.1344 best=1.1344 patience=0/60]    training:   6%|▋         | 26/400 [00:08<01:05,  5.74it/s, loss=1.3284 best=1.1344 patience=1/60]    training:   7%|▋         | 27/400 [00:08<01:04,  5.75it/s, loss=1.3284 best=1.1344 patience=1/60]    training:   7%|▋         | 27/400 [00:08<01:04,  5.75it/s, loss=1.2572 best=1.1344 patience=2/60]    training:   7%|▋         | 28/400 [00:08<01:04,  5.77it/s, loss=1.2572 best=1.1344 patience=2/60]    training:   7%|▋         | 28/400 [00:08<01:04,  5.77it/s, loss=1.2725 best=1.1344 patience=3/60]    training:   7%|▋         | 29/400 [00:08<01:04,  5.79it/s, loss=1.2725 best=1.1344 patience=3/60]    training:   7%|▋         | 29/400 [00:08<01:04,  5.79it/s, loss=1.1914 best=1.1344 patience=4/60]    training:   8%|▊         | 30/400 [00:08<01:03,  5.80it/s, loss=1.1914 best=1.1344 patience=4/60]    training:   8%|▊         | 30/400 [00:08<01:03,  5.80it/s, loss=1.2982 best=1.1344 patience=5/60]    training:   8%|▊         | 31/400 [00:08<01:03,  5.81it/s, loss=1.2982 best=1.1344 patience=5/60]    training:   8%|▊         | 31/400 [00:08<01:03,  5.81it/s, loss=1.1825 best=1.1344 patience=6/60]    training:   8%|▊         | 32/400 [00:08<01:03,  5.82it/s, loss=1.1825 best=1.1344 patience=6/60]    training:   8%|▊         | 32/400 [00:09<01:03,  5.82it/s, loss=1.1640 best=1.1344 patience=7/60]    training:   8%|▊         | 33/400 [00:09<01:03,  5.82it/s, loss=1.1640 best=1.1344 patience=7/60]    training:   8%|▊         | 33/400 [00:09<01:03,  5.82it/s, loss=1.1864 best=1.1344 patience=8/60]    training:   8%|▊         | 34/400 [00:09<01:02,  5.83it/s, loss=1.1864 best=1.1344 patience=8/60]    training:   8%|▊         | 34/400 [00:09<01:02,  5.83it/s, loss=1.1375 best=1.1344 patience=9/60]    training:   9%|▉         | 35/400 [00:09<01:02,  5.83it/s, loss=1.1375 best=1.1344 patience=9/60]    training:   9%|▉         | 35/400 [00:09<01:02,  5.83it/s, loss=1.1384 best=1.1344 patience=10/60]    training:   9%|▉         | 36/400 [00:09<01:02,  5.84it/s, loss=1.1384 best=1.1344 patience=10/60]    training:   9%|▉         | 36/400 [00:09<01:02,  5.84it/s, loss=1.1292 best=1.1292 patience=0/60]     training:   9%|▉         | 37/400 [00:09<01:02,  5.80it/s, loss=1.1292 best=1.1292 patience=0/60]    training:   9%|▉         | 37/400 [00:10<01:02,  5.80it/s, loss=1.1240 best=1.1240 patience=0/60]    training:  10%|▉         | 38/400 [00:10<01:02,  5.76it/s, loss=1.1240 best=1.1240 patience=0/60]    training:  10%|▉         | 38/400 [00:10<01:02,  5.76it/s, loss=1.1179 best=1.1179 patience=0/60]    training:  10%|▉         | 39/400 [00:10<01:03,  5.71it/s, loss=1.1179 best=1.1179 patience=0/60]    training:  10%|▉         | 39/400 [00:10<01:03,  5.71it/s, loss=1.0456 best=1.0456 patience=0/60]    training:  10%|█         | 40/400 [00:10<01:03,  5.70it/s, loss=1.0456 best=1.0456 patience=0/60]    training:  10%|█         | 40/400 [00:10<01:03,  5.70it/s, loss=1.1066 best=1.0456 patience=1/60]    training:  10%|█         | 41/400 [00:10<01:02,  5.74it/s, loss=1.1066 best=1.0456 patience=1/60]    training:  10%|█         | 41/400 [00:10<01:02,  5.74it/s, loss=1.1231 best=1.0456 patience=2/60]    training:  10%|█         | 42/400 [00:10<01:02,  5.77it/s, loss=1.1231 best=1.0456 patience=2/60]    training:  10%|█         | 42/400 [00:10<01:02,  5.77it/s, loss=1.0633 best=1.0456 patience=3/60]    training:  11%|█         | 43/400 [00:10<01:01,  5.79it/s, loss=1.0633 best=1.0456 patience=3/60]    training:  11%|█         | 43/400 [00:11<01:01,  5.79it/s, loss=1.0683 best=1.0456 patience=4/60]    training:  11%|█         | 44/400 [00:11<01:01,  5.81it/s, loss=1.0683 best=1.0456 patience=4/60]    training:  11%|█         | 44/400 [00:11<01:01,  5.81it/s, loss=1.1107 best=1.0456 patience=5/60]    training:  11%|█▏        | 45/400 [00:11<01:01,  5.81it/s, loss=1.1107 best=1.0456 patience=5/60]    training:  11%|█▏        | 45/400 [00:11<01:01,  5.81it/s, loss=1.0267 best=1.0267 patience=0/60]    training:  12%|█▏        | 46/400 [00:11<01:01,  5.77it/s, loss=1.0267 best=1.0267 patience=0/60]    training:  12%|█▏        | 46/400 [00:11<01:01,  5.77it/s, loss=1.1169 best=1.0267 patience=1/60]    training:  12%|█▏        | 47/400 [00:11<01:00,  5.79it/s, loss=1.1169 best=1.0267 patience=1/60]    training:  12%|█▏        | 47/400 [00:11<01:00,  5.79it/s, loss=1.0530 best=1.0267 patience=2/60]    training:  12%|█▏        | 48/400 [00:11<01:00,  5.81it/s, loss=1.0530 best=1.0267 patience=2/60]    training:  12%|█▏        | 48/400 [00:11<01:00,  5.81it/s, loss=1.1075 best=1.0267 patience=3/60]    training:  12%|█▏        | 49/400 [00:11<01:00,  5.82it/s, loss=1.1075 best=1.0267 patience=3/60]    training:  12%|█▏        | 49/400 [00:12<01:00,  5.82it/s, loss=1.0876 best=1.0267 patience=4/60]    training:  12%|█▎        | 50/400 [00:12<01:00,  5.83it/s, loss=1.0876 best=1.0267 patience=4/60]    training:  12%|█▎        | 50/400 [00:12<01:00,  5.83it/s, loss=1.1470 best=1.0267 patience=5/60]    training:  13%|█▎        | 51/400 [00:12<00:59,  5.82it/s, loss=1.1470 best=1.0267 patience=5/60]    training:  13%|█▎        | 51/400 [00:12<00:59,  5.82it/s, loss=1.1859 best=1.0267 patience=6/60]    training:  13%|█▎        | 52/400 [00:12<00:59,  5.82it/s, loss=1.1859 best=1.0267 patience=6/60]    training:  13%|█▎        | 52/400 [00:12<00:59,  5.82it/s, loss=1.0732 best=1.0267 patience=7/60]    training:  13%|█▎        | 53/400 [00:12<00:59,  5.83it/s, loss=1.0732 best=1.0267 patience=7/60]    training:  13%|█▎        | 53/400 [00:12<00:59,  5.83it/s, loss=1.1822 best=1.0267 patience=8/60]    training:  14%|█▎        | 54/400 [00:12<00:59,  5.83it/s, loss=1.1822 best=1.0267 patience=8/60]    training:  14%|█▎        | 54/400 [00:12<00:59,  5.83it/s, loss=1.0655 best=1.0267 patience=9/60]    training:  14%|█▍        | 55/400 [00:12<00:59,  5.83it/s, loss=1.0655 best=1.0267 patience=9/60]    training:  14%|█▍        | 55/400 [00:13<00:59,  5.83it/s, loss=1.0528 best=1.0267 patience=10/60]    training:  14%|█▍        | 56/400 [00:13<00:59,  5.83it/s, loss=1.0528 best=1.0267 patience=10/60]    training:  14%|█▍        | 56/400 [00:13<00:59,  5.83it/s, loss=1.0797 best=1.0267 patience=11/60]    training:  14%|█▍        | 57/400 [00:13<00:58,  5.83it/s, loss=1.0797 best=1.0267 patience=11/60]    training:  14%|█▍        | 57/400 [00:13<00:58,  5.83it/s, loss=1.0902 best=1.0267 patience=12/60]    training:  14%|█▍        | 58/400 [00:13<00:58,  5.84it/s, loss=1.0902 best=1.0267 patience=12/60]    training:  14%|█▍        | 58/400 [00:13<00:58,  5.84it/s, loss=1.0953 best=1.0267 patience=13/60]    training:  15%|█▍        | 59/400 [00:13<00:58,  5.84it/s, loss=1.0953 best=1.0267 patience=13/60]    training:  15%|█▍        | 59/400 [00:13<00:58,  5.84it/s, loss=1.0937 best=1.0267 patience=14/60]    training:  15%|█▌        | 60/400 [00:13<00:58,  5.85it/s, loss=1.0937 best=1.0267 patience=14/60]    training:  15%|█▌        | 60/400 [00:13<00:58,  5.85it/s, loss=1.0415 best=1.0267 patience=15/60]    training:  15%|█▌        | 61/400 [00:13<00:58,  5.84it/s, loss=1.0415 best=1.0267 patience=15/60]    training:  15%|█▌        | 61/400 [00:14<00:58,  5.84it/s, loss=1.1930 best=1.0267 patience=16/60]    training:  16%|█▌        | 62/400 [00:14<00:57,  5.85it/s, loss=1.1930 best=1.0267 patience=16/60]    training:  16%|█▌        | 62/400 [00:14<00:57,  5.85it/s, loss=1.0409 best=1.0267 patience=17/60]    training:  16%|█▌        | 63/400 [00:14<00:57,  5.85it/s, loss=1.0409 best=1.0267 patience=17/60]    training:  16%|█▌        | 63/400 [00:14<00:57,  5.85it/s, loss=1.0649 best=1.0267 patience=18/60]    training:  16%|█▌        | 64/400 [00:14<00:57,  5.85it/s, loss=1.0649 best=1.0267 patience=18/60]    training:  16%|█▌        | 64/400 [00:14<00:57,  5.85it/s, loss=0.9428 best=0.9428 patience=0/60]     training:  16%|█▋        | 65/400 [00:14<00:57,  5.80it/s, loss=0.9428 best=0.9428 patience=0/60]    training:  16%|█▋        | 65/400 [00:14<00:57,  5.80it/s, loss=0.9816 best=0.9428 patience=1/60]    training:  16%|█▋        | 66/400 [00:14<00:57,  5.81it/s, loss=0.9816 best=0.9428 patience=1/60]    training:  16%|█▋        | 66/400 [00:15<00:57,  5.81it/s, loss=1.0215 best=0.9428 patience=2/60]    training:  17%|█▋        | 67/400 [00:15<00:57,  5.82it/s, loss=1.0215 best=0.9428 patience=2/60]    training:  17%|█▋        | 67/400 [00:15<00:57,  5.82it/s, loss=0.9923 best=0.9428 patience=3/60]    training:  17%|█▋        | 68/400 [00:15<00:56,  5.83it/s, loss=0.9923 best=0.9428 patience=3/60]    training:  17%|█▋        | 68/400 [00:15<00:56,  5.83it/s, loss=1.0841 best=0.9428 patience=4/60]    training:  17%|█▋        | 69/400 [00:15<00:56,  5.83it/s, loss=1.0841 best=0.9428 patience=4/60]    training:  17%|█▋        | 69/400 [00:15<00:56,  5.83it/s, loss=1.0959 best=0.9428 patience=5/60]    training:  18%|█▊        | 70/400 [00:15<00:56,  5.84it/s, loss=1.0959 best=0.9428 patience=5/60]    training:  18%|█▊        | 70/400 [00:15<00:56,  5.84it/s, loss=1.0414 best=0.9428 patience=6/60]    training:  18%|█▊        | 71/400 [00:15<00:56,  5.83it/s, loss=1.0414 best=0.9428 patience=6/60]    training:  18%|█▊        | 71/400 [00:15<00:56,  5.83it/s, loss=1.0635 best=0.9428 patience=7/60]    training:  18%|█▊        | 72/400 [00:15<00:56,  5.83it/s, loss=1.0635 best=0.9428 patience=7/60]    training:  18%|█▊        | 72/400 [00:16<00:56,  5.83it/s, loss=1.1016 best=0.9428 patience=8/60]    training:  18%|█▊        | 73/400 [00:16<00:56,  5.84it/s, loss=1.1016 best=0.9428 patience=8/60]    training:  18%|█▊        | 73/400 [00:16<00:56,  5.84it/s, loss=1.0709 best=0.9428 patience=9/60]    training:  18%|█▊        | 74/400 [00:16<00:55,  5.84it/s, loss=1.0709 best=0.9428 patience=9/60]    training:  18%|█▊        | 74/400 [00:16<00:55,  5.84it/s, loss=1.0419 best=0.9428 patience=10/60]    training:  19%|█▉        | 75/400 [00:16<00:55,  5.84it/s, loss=1.0419 best=0.9428 patience=10/60]    training:  19%|█▉        | 75/400 [00:16<00:55,  5.84it/s, loss=1.0093 best=0.9428 patience=11/60]    training:  19%|█▉        | 76/400 [00:16<00:55,  5.84it/s, loss=1.0093 best=0.9428 patience=11/60]    training:  19%|█▉        | 76/400 [00:16<00:55,  5.84it/s, loss=1.0528 best=0.9428 patience=12/60]    training:  19%|█▉        | 77/400 [00:16<00:55,  5.83it/s, loss=1.0528 best=0.9428 patience=12/60]    training:  19%|█▉        | 77/400 [00:16<00:55,  5.83it/s, loss=1.0863 best=0.9428 patience=13/60]    training:  20%|█▉        | 78/400 [00:16<00:55,  5.84it/s, loss=1.0863 best=0.9428 patience=13/60]    training:  20%|█▉        | 78/400 [00:17<00:55,  5.84it/s, loss=1.0619 best=0.9428 patience=14/60]    training:  20%|█▉        | 79/400 [00:17<00:55,  5.84it/s, loss=1.0619 best=0.9428 patience=14/60]    training:  20%|█▉        | 79/400 [00:17<00:55,  5.84it/s, loss=1.0452 best=0.9428 patience=15/60]    training:  20%|██        | 80/400 [00:17<00:54,  5.84it/s, loss=1.0452 best=0.9428 patience=15/60]    training:  20%|██        | 80/400 [00:17<00:54,  5.84it/s, loss=1.0156 best=0.9428 patience=16/60]    training:  20%|██        | 81/400 [00:17<00:54,  5.84it/s, loss=1.0156 best=0.9428 patience=16/60]    training:  20%|██        | 81/400 [00:17<00:54,  5.84it/s, loss=1.0258 best=0.9428 patience=17/60]    training:  20%|██        | 82/400 [00:17<00:54,  5.84it/s, loss=1.0258 best=0.9428 patience=17/60]    training:  20%|██        | 82/400 [00:17<00:54,  5.84it/s, loss=1.0795 best=0.9428 patience=18/60]    training:  21%|██        | 83/400 [00:17<00:54,  5.84it/s, loss=1.0795 best=0.9428 patience=18/60]    training:  21%|██        | 83/400 [00:17<00:54,  5.84it/s, loss=1.0305 best=0.9428 patience=19/60]    training:  21%|██        | 84/400 [00:17<00:54,  5.84it/s, loss=1.0305 best=0.9428 patience=19/60]    training:  21%|██        | 84/400 [00:18<00:54,  5.84it/s, loss=1.0379 best=0.9428 patience=20/60]    training:  21%|██▏       | 85/400 [00:18<00:53,  5.84it/s, loss=1.0379 best=0.9428 patience=20/60]    training:  21%|██▏       | 85/400 [00:18<00:53,  5.84it/s, loss=1.0483 best=0.9428 patience=21/60]    training:  22%|██▏       | 86/400 [00:18<00:53,  5.84it/s, loss=1.0483 best=0.9428 patience=21/60]    training:  22%|██▏       | 86/400 [00:18<00:53,  5.84it/s, loss=1.0972 best=0.9428 patience=22/60]    training:  22%|██▏       | 87/400 [00:18<00:53,  5.84it/s, loss=1.0972 best=0.9428 patience=22/60]    training:  22%|██▏       | 87/400 [00:18<00:53,  5.84it/s, loss=1.0115 best=0.9428 patience=23/60]    training:  22%|██▏       | 88/400 [00:18<00:53,  5.84it/s, loss=1.0115 best=0.9428 patience=23/60]    training:  22%|██▏       | 88/400 [00:18<00:53,  5.84it/s, loss=0.9949 best=0.9428 patience=24/60]    training:  22%|██▏       | 89/400 [00:18<00:53,  5.84it/s, loss=0.9949 best=0.9428 patience=24/60]    training:  22%|██▏       | 89/400 [00:18<00:53,  5.84it/s, loss=1.0282 best=0.9428 patience=25/60]    training:  22%|██▎       | 90/400 [00:18<00:53,  5.84it/s, loss=1.0282 best=0.9428 patience=25/60]    training:  22%|██▎       | 90/400 [00:19<00:53,  5.84it/s, loss=1.0566 best=0.9428 patience=26/60]    training:  23%|██▎       | 91/400 [00:19<00:52,  5.84it/s, loss=1.0566 best=0.9428 patience=26/60]    training:  23%|██▎       | 91/400 [00:19<00:52,  5.84it/s, loss=1.0929 best=0.9428 patience=27/60]    training:  23%|██▎       | 92/400 [00:19<00:52,  5.82it/s, loss=1.0929 best=0.9428 patience=27/60]    training:  23%|██▎       | 92/400 [00:19<00:52,  5.82it/s, loss=1.0770 best=0.9428 patience=28/60]    training:  23%|██▎       | 93/400 [00:19<00:52,  5.82it/s, loss=1.0770 best=0.9428 patience=28/60]    training:  23%|██▎       | 93/400 [00:19<00:52,  5.82it/s, loss=1.0359 best=0.9428 patience=29/60]    training:  24%|██▎       | 94/400 [00:19<00:52,  5.83it/s, loss=1.0359 best=0.9428 patience=29/60]    training:  24%|██▎       | 94/400 [00:19<00:52,  5.83it/s, loss=1.0715 best=0.9428 patience=30/60]    training:  24%|██▍       | 95/400 [00:19<00:52,  5.83it/s, loss=1.0715 best=0.9428 patience=30/60]    training:  24%|██▍       | 95/400 [00:19<00:52,  5.83it/s, loss=1.1440 best=0.9428 patience=31/60]    training:  24%|██▍       | 96/400 [00:19<00:52,  5.83it/s, loss=1.1440 best=0.9428 patience=31/60]    training:  24%|██▍       | 96/400 [00:20<00:52,  5.83it/s, loss=1.0231 best=0.9428 patience=32/60]    training:  24%|██▍       | 97/400 [00:20<00:51,  5.83it/s, loss=1.0231 best=0.9428 patience=32/60]    training:  24%|██▍       | 97/400 [00:20<00:51,  5.83it/s, loss=1.0673 best=0.9428 patience=33/60]    training:  24%|██▍       | 98/400 [00:20<00:51,  5.84it/s, loss=1.0673 best=0.9428 patience=33/60]    training:  24%|██▍       | 98/400 [00:20<00:51,  5.84it/s, loss=1.0902 best=0.9428 patience=34/60]    training:  25%|██▍       | 99/400 [00:20<00:51,  5.83it/s, loss=1.0902 best=0.9428 patience=34/60]    training:  25%|██▍       | 99/400 [00:20<00:51,  5.83it/s, loss=1.1224 best=0.9428 patience=35/60]    training:  25%|██▌       | 100/400 [00:20<00:51,  5.83it/s, loss=1.1224 best=0.9428 patience=35/60]    training:  25%|██▌       | 100/400 [00:20<00:51,  5.83it/s, loss=1.0639 best=0.9428 patience=36/60]    training:  25%|██▌       | 101/400 [00:20<00:51,  5.84it/s, loss=1.0639 best=0.9428 patience=36/60]    training:  25%|██▌       | 101/400 [00:21<00:51,  5.84it/s, loss=1.1163 best=0.9428 patience=37/60]    training:  26%|██▌       | 102/400 [00:21<00:51,  5.84it/s, loss=1.1163 best=0.9428 patience=37/60]    training:  26%|██▌       | 102/400 [00:21<00:51,  5.84it/s, loss=1.0977 best=0.9428 patience=38/60]    training:  26%|██▌       | 103/400 [00:21<00:50,  5.84it/s, loss=1.0977 best=0.9428 patience=38/60]    training:  26%|██▌       | 103/400 [00:21<00:50,  5.84it/s, loss=1.1316 best=0.9428 patience=39/60]    training:  26%|██▌       | 104/400 [00:21<00:50,  5.84it/s, loss=1.1316 best=0.9428 patience=39/60]    training:  26%|██▌       | 104/400 [00:21<00:50,  5.84it/s, loss=1.1223 best=0.9428 patience=40/60]    training:  26%|██▋       | 105/400 [00:21<00:50,  5.84it/s, loss=1.1223 best=0.9428 patience=40/60]    training:  26%|██▋       | 105/400 [00:21<00:50,  5.84it/s, loss=1.1390 best=0.9428 patience=41/60]    training:  26%|██▋       | 106/400 [00:21<00:50,  5.85it/s, loss=1.1390 best=0.9428 patience=41/60]    training:  26%|██▋       | 106/400 [00:21<00:50,  5.85it/s, loss=1.0782 best=0.9428 patience=42/60]    training:  27%|██▋       | 107/400 [00:21<00:50,  5.83it/s, loss=1.0782 best=0.9428 patience=42/60]    training:  27%|██▋       | 107/400 [00:22<00:50,  5.83it/s, loss=1.0938 best=0.9428 patience=43/60]    training:  27%|██▋       | 108/400 [00:22<00:50,  5.83it/s, loss=1.0938 best=0.9428 patience=43/60]    training:  27%|██▋       | 108/400 [00:22<00:50,  5.83it/s, loss=1.0923 best=0.9428 patience=44/60]    training:  27%|██▋       | 109/400 [00:22<00:49,  5.83it/s, loss=1.0923 best=0.9428 patience=44/60]    training:  27%|██▋       | 109/400 [00:22<00:49,  5.83it/s, loss=1.0374 best=0.9428 patience=45/60]    training:  28%|██▊       | 110/400 [00:22<00:49,  5.84it/s, loss=1.0374 best=0.9428 patience=45/60]    training:  28%|██▊       | 110/400 [00:22<00:49,  5.84it/s, loss=1.0507 best=0.9428 patience=46/60]    training:  28%|██▊       | 111/400 [00:22<00:49,  5.84it/s, loss=1.0507 best=0.9428 patience=46/60]    training:  28%|██▊       | 111/400 [00:22<00:49,  5.84it/s, loss=1.0940 best=0.9428 patience=47/60]    training:  28%|██▊       | 112/400 [00:22<00:49,  5.84it/s, loss=1.0940 best=0.9428 patience=47/60]    training:  28%|██▊       | 112/400 [00:22<00:49,  5.84it/s, loss=1.0818 best=0.9428 patience=48/60]    training:  28%|██▊       | 113/400 [00:22<00:49,  5.84it/s, loss=1.0818 best=0.9428 patience=48/60]    training:  28%|██▊       | 113/400 [00:23<00:49,  5.84it/s, loss=0.9669 best=0.9428 patience=49/60]    training:  28%|██▊       | 114/400 [00:23<00:48,  5.84it/s, loss=0.9669 best=0.9428 patience=49/60]    training:  28%|██▊       | 114/400 [00:23<00:48,  5.84it/s, loss=1.0878 best=0.9428 patience=50/60]    training:  29%|██▉       | 115/400 [00:23<00:48,  5.83it/s, loss=1.0878 best=0.9428 patience=50/60]    training:  29%|██▉       | 115/400 [00:23<00:48,  5.83it/s, loss=1.1061 best=0.9428 patience=51/60]    training:  29%|██▉       | 116/400 [00:23<00:48,  5.84it/s, loss=1.1061 best=0.9428 patience=51/60]    training:  29%|██▉       | 116/400 [00:23<00:48,  5.84it/s, loss=1.1177 best=0.9428 patience=52/60]    training:  29%|██▉       | 117/400 [00:23<00:48,  5.84it/s, loss=1.1177 best=0.9428 patience=52/60]    training:  29%|██▉       | 117/400 [00:23<00:48,  5.84it/s, loss=1.0684 best=0.9428 patience=53/60]    training:  30%|██▉       | 118/400 [00:23<00:48,  5.84it/s, loss=1.0684 best=0.9428 patience=53/60]    training:  30%|██▉       | 118/400 [00:23<00:48,  5.84it/s, loss=1.1174 best=0.9428 patience=54/60]    training:  30%|██▉       | 119/400 [00:23<00:48,  5.84it/s, loss=1.1174 best=0.9428 patience=54/60]    training:  30%|██▉       | 119/400 [00:24<00:48,  5.84it/s, loss=1.0492 best=0.9428 patience=55/60]    training:  30%|███       | 120/400 [00:24<00:47,  5.84it/s, loss=1.0492 best=0.9428 patience=55/60]    training:  30%|███       | 120/400 [00:24<00:47,  5.84it/s, loss=1.0417 best=0.9428 patience=56/60]    training:  30%|███       | 121/400 [00:24<00:47,  5.84it/s, loss=1.0417 best=0.9428 patience=56/60]    training:  30%|███       | 121/400 [00:24<00:47,  5.84it/s, loss=1.1004 best=0.9428 patience=57/60]    training:  30%|███       | 122/400 [00:24<00:47,  5.84it/s, loss=1.1004 best=0.9428 patience=57/60]    training:  30%|███       | 122/400 [00:24<00:47,  5.84it/s, loss=1.0526 best=0.9428 patience=58/60]    training:  31%|███       | 123/400 [00:24<00:47,  5.84it/s, loss=1.0526 best=0.9428 patience=58/60]    training:  31%|███       | 123/400 [00:24<00:47,  5.84it/s, loss=1.0401 best=0.9428 patience=59/60]    training:  31%|███       | 124/400 [00:24<00:47,  5.84it/s, loss=1.0401 best=0.9428 patience=59/60]    training:  31%|███       | 124/400 [00:24<00:47,  5.84it/s, loss=1.0706 best=0.9428 patience=60/60]                                                                                                           stage 3/3: scoring on 500 test series (accuracy + AOPCR + NDCG) ...
  0%|          | 0/32 [00:00<?, ?it/s]  3%|▎         | 1/32 [00:00<00:04,  6.26it/s]  6%|▋         | 2/32 [00:00<00:04,  6.94it/s]  9%|▉         | 3/32 [00:00<00:04,  7.19it/s] 12%|█▎        | 4/32 [00:00<00:03,  7.95it/s] 16%|█▌        | 5/32 [00:00<00:03,  8.58it/s] 19%|█▉        | 6/32 [00:00<00:02,  9.00it/s] 22%|██▏       | 7/32 [00:00<00:02,  9.22it/s] 25%|██▌       | 8/32 [00:00<00:02,  9.32it/s] 28%|██▊       | 9/32 [00:01<00:02,  9.38it/s] 31%|███▏      | 10/32 [00:01<00:02,  9.40it/s] 34%|███▍      | 11/32 [00:01<00:02,  9.41it/s] 38%|███▊      | 12/32 [00:01<00:02,  9.44it/s] 41%|████      | 13/32 [00:01<00:02,  9.47it/s] 44%|████▍     | 14/32 [00:01<00:01,  9.46it/s] 47%|████▋     | 15/32 [00:01<00:01,  9.45it/s] 50%|█████     | 16/32 [00:01<00:01,  9.48it/s] 53%|█████▎    | 17/32 [00:01<00:01,  9.47it/s] 56%|█████▋    | 18/32 [00:01<00:01,  9.48it/s] 59%|█████▉    | 19/32 [00:02<00:01,  9.51it/s] 62%|██████▎   | 20/32 [00:02<00:01,  9.50it/s] 66%|██████▌   | 21/32 [00:02<00:01,  9.50it/s] 69%|██████▉   | 22/32 [00:02<00:01,  9.51it/s] 72%|███████▏  | 23/32 [00:02<00:00,  9.50it/s] 75%|███████▌  | 24/32 [00:02<00:00,  9.51it/s] 78%|███████▊  | 25/32 [00:02<00:00,  9.49it/s] 81%|████████▏ | 26/32 [00:02<00:00,  9.47it/s] 84%|████████▍ | 27/32 [00:02<00:00,  9.48it/s] 88%|████████▊ | 28/32 [00:03<00:00,  9.49it/s] 91%|█████████ | 29/32 [00:03<00:00,  9.51it/s] 94%|█████████▍| 30/32 [00:03<00:00,  9.52it/s] 97%|█████████▋| 31/32 [00:03<00:00,  9.50it/s]                                                   [mlflow] versioned model 'seanet_slim_gatedattn__sea_mstcn_sep__sea_gated_attention' (id=m-e20749ce12664c20b33793e5b40b675f) params={'model_size_mb': '1.4868', 'n_model_params': '58100', 'name': 'seanet_slim_gatedattn'}
    [mlflow] logged run 'seanet_slim_gatedattn_WebTraffic'  (train_acc=1.0000 val_acc=0.8500 test_acc=0.8940 test_loss=0.4027)

=== seanet_slim_gatedattn__sea_mstcn_sep__sea_gated_attention on WebTraffic ===
  params          : 58100
  model_size_mb   : 1.4868
  n_train         : 400
  n_val           : 100
  n_test          : 500
  series_length   : 1008
  n_classes       : 10
  test_acc        : 0.894
  test_loss       : 0.4027
  test_aopcr      : 2.2958
  test_ndcg       : 0.7141
  train_time_s    : 24.94

  saved -> results/SEA_NET/seanet_slim_gatedattn__sea_mstcn_sep__sea_gated_attention/results.csv
  recorded default metrics -> configs/models/sv5/seanet_slim_gatedattn.yaml (records.default)

[log] finished; full output saved to results/SEA_NET/seanet_slim_gatedattn__sea_mstcn_sep__sea_gated_attention/logs/run_2026-08-03_17-13-37.log

############################################################
# MODEL: sv5/seanet_spiketrend_dualstream   (started Mon 03 Aug 2026 05:14:20 PM CEST)
############################################################
[log] command 'run' started at 2026-08-03_17-14-21 for model 'seanet_spiketrend_dualstream__sea_mstcn_sep_spiketrend__sea_dualstream_conjunctive'
[log] a copy of everything below is being saved to: results/SEA_NET/seanet_spiketrend_dualstream__sea_mstcn_sep_spiketrend__sea_dualstream_conjunctive/logs/run_2026-08-03_17-14-21.log

=== run: model=seanet_spiketrend_dualstream__sea_mstcn_sep_spiketrend__sea_dualstream_conjunctive (config sv5/seanet_spiketrend_dualstream) dataset=WebTraffic device=cuda mode=full ===
resolved config:
  model = sv5/seanet_spiketrend_dualstream
  run.mode = single
  run.dataset = WebTraffic
  run.smoke = False
  run.re_train = False
  preprocessing.instance_type = single_point
  preprocessing.window_size = 5
  preprocessing.window_stride = 5
  seed = 0
  device = auto
  output.results_dir = results/SEA_NET
  interpretability.dataset = WebTraffic
  interpretability.n_classes = 3
  interpretability.per_class = 1
  mlflow.enabled = True
  mlflow.experiment_name = SEA-Net
  mlflow.tracking_uri = sqlite:///mlflow.db
  mlflow.log_model_weights = True
  model_config.name = seanet_spiketrend_dualstream
  model_config.use_params = default
  model_config.encoder.type = sea_mstcn_sep_spiketrend
  model_config.encoder.d = 64
  model_config.encoder.n_blocks = 4
  model_config.encoder.dropout = 0.2
  model_config.encoder.max_dilation = 16
  model_config.encoder.kernels = [5, 11, 23]
  model_config.encoder.summary = last
  model_config.encoder.d_spike = 16
  model_config.encoder.smooth_kernel = 5
  model_config.pooling.type = sea_dualstream_conjunctive
  model_config.pooling.d_attn = 8
  model_config.pooling.init_lam = 0.05
  model_config.pooling.dropout = 0.2
  model_config.pooling.positional_encoding = True
  model_config.training.n_epochs = 400
  model_config.training.patience = 60
  model_config.training.max_batch = 16
  model_config.training.learning_rate = 0.00125
  model_config.training.weight_decay = 0.00012
  model_config.training.label_smoothing = 0.13
  model_config.training.lambda_entropy = 0.01
  model_config.training.min_train_for_val = 100
  model_config.training.val_frac = 0.2
  model_config.training.optimizer = adam
  model_config.records.default.metrics.test_acc = 0.556
  model_config.records.default.metrics.test_loss = 1.2602
  model_config.records.default.metrics.test_auroc = 0.8992
  model_config.records.default.metrics.dataset = WebTraffic
  model_config.records.default.metrics.recorded = 2026-07-25 02:13:54
[params] using DEFAULT recipe (no Optuna record yet - run 'python main.py optuna --model sv5/seanet_spiketrend_dualstream').

WebTraffic already done for seanet_spiketrend_dualstream__sea_mstcn_sep_spiketrend__sea_dualstream_conjunctive -> skip
  (set 're_train: true' in configs/main.yaml to train it again, or delete the line
   'WebTraffic' from results/SEA_NET/seanet_spiketrend_dualstream__sea_mstcn_sep_spiketrend__sea_dualstream_conjunctive/done_train_dataset.txt.)

[log] finished; full output saved to results/SEA_NET/seanet_spiketrend_dualstream__sea_mstcn_sep_spiketrend__sea_dualstream_conjunctive/logs/run_2026-08-03_17-14-21.log

############################################################
# MODEL: sv5/seanet_spiketrend_gatedattn   (started Mon 03 Aug 2026 05:14:22 PM CEST)
############################################################
[log] command 'run' started at 2026-08-03_17-14-23 for model 'seanet_spiketrend_gatedattn__sea_mstcn_sep_spiketrend__sea_gated_attention'
[log] a copy of everything below is being saved to: results/SEA_NET/seanet_spiketrend_gatedattn__sea_mstcn_sep_spiketrend__sea_gated_attention/logs/run_2026-08-03_17-14-23.log

=== run: model=seanet_spiketrend_gatedattn__sea_mstcn_sep_spiketrend__sea_gated_attention (config sv5/seanet_spiketrend_gatedattn) dataset=WebTraffic device=cuda mode=full ===
resolved config:
  model = sv5/seanet_spiketrend_gatedattn
  run.mode = single
  run.dataset = WebTraffic
  run.smoke = False
  run.re_train = False
  preprocessing.instance_type = single_point
  preprocessing.window_size = 5
  preprocessing.window_stride = 5
  seed = 0
  device = auto
  output.results_dir = results/SEA_NET
  interpretability.dataset = WebTraffic
  interpretability.n_classes = 3
  interpretability.per_class = 1
  mlflow.enabled = True
  mlflow.experiment_name = SEA-Net
  mlflow.tracking_uri = sqlite:///mlflow.db
  mlflow.log_model_weights = True
  model_config.name = seanet_spiketrend_gatedattn
  model_config.use_params = default
  model_config.encoder.type = sea_mstcn_sep_spiketrend
  model_config.encoder.d = 64
  model_config.encoder.n_blocks = 4
  model_config.encoder.dropout = 0.2
  model_config.encoder.max_dilation = 16
  model_config.encoder.kernels = [5, 11, 23]
  model_config.encoder.summary = last
  model_config.encoder.d_spike = 16
  model_config.encoder.smooth_kernel = 5
  model_config.pooling.type = sea_gated_attention
  model_config.pooling.d_attn = 8
  model_config.pooling.dropout = 0.2
  model_config.pooling.positional_encoding = True
  model_config.training.n_epochs = 400
  model_config.training.patience = 60
  model_config.training.max_batch = 16
  model_config.training.learning_rate = 0.00125
  model_config.training.weight_decay = 0.00012
  model_config.training.label_smoothing = 0.13
  model_config.training.lambda_entropy = 0.01
  model_config.training.min_train_for_val = 100
  model_config.training.val_frac = 0.2
  model_config.training.optimizer = adam
  model_config.records.default.metrics.test_acc = 0.93
  model_config.records.default.metrics.test_loss = 0.3503
  model_config.records.default.metrics.test_auroc = 0.9889
  model_config.records.default.metrics.dataset = WebTraffic
  model_config.records.default.metrics.recorded = 2026-07-25 02:14:54
[params] using DEFAULT recipe (no Optuna record yet - run 'python main.py optuna --model sv5/seanet_spiketrend_gatedattn').

WebTraffic already done for seanet_spiketrend_gatedattn__sea_mstcn_sep_spiketrend__sea_gated_attention -> skip
  (set 're_train: true' in configs/main.yaml to train it again, or delete the line
   'WebTraffic' from results/SEA_NET/seanet_spiketrend_gatedattn__sea_mstcn_sep_spiketrend__sea_gated_attention/done_train_dataset.txt.)

[log] finished; full output saved to results/SEA_NET/seanet_spiketrend_gatedattn__sea_mstcn_sep_spiketrend__sea_gated_attention/logs/run_2026-08-03_17-14-23.log

=== ALL MODELS DONE (Mon 03 Aug 2026 05:14:24 PM CEST) ===
This was the WebTraffic screen: read each model's test_acc / test_aopcr above, pick the winners,
then run the full sweep on them:   bash scripts/run_all.sh full <winner1> <winner2> ...
